cl_id;length;cpu_time;cpu_util;ram_util;time_on_resource;submission_time;finish_time;vm;
643;2073600;4200.0;1.0;1.0;4200.0;0.01;4200.01;643
4344;2073600;4200.0;1.0;1.0;4200.0;0.01;4200.01;4344
4347;2073600;4200.0;1.0;1.0;4200.0;0.01;4200.01;4347
4353;2073600;4200.0;1.0;1.0;4200.0;0.01;4200.01;4353
4356;2073600;4200.0;1.0;1.0;4200.0;0.01;4200.01;4356
4359;2073600;4200.0;1.0;1.0;4200.0;0.01;4200.01;4359
4362;2073600;4200.0;1.0;1.0;4200.0;0.01;4200.01;4362
4368;2073600;4200.0;1.0;1.0;4200.0;0.01;4200.01;4368
4340;2073600;4500.0;1.0;1.0;4500.0;0.01;4500.01;4340
4341;2073600;4500.0;1.0;1.0;4500.0;0.01;4500.01;4341
4342;2073600;4500.0;1.0;1.0;4500.0;0.01;4500.01;4342
4343;2073600;4500.0;1.0;1.0;4500.0;0.01;4500.01;4343
4345;2073600;4500.0;1.0;1.0;4500.0;0.01;4500.01;4345
4346;2073600;4500.0;1.0;1.0;4500.0;0.01;4500.01;4346
4348;2073600;4500.0;1.0;1.0;4500.0;0.01;4500.01;4348
4349;2073600;4500.0;1.0;1.0;4500.0;0.01;4500.01;4349
4350;2073600;4500.0;1.0;1.0;4500.0;0.01;4500.01;4350
4351;2073600;4500.0;1.0;1.0;4500.0;0.01;4500.01;4351
4352;2073600;4500.0;1.0;1.0;4500.0;0.01;4500.01;4352
4354;2073600;4500.0;1.0;1.0;4500.0;0.01;4500.01;4354
4355;2073600;4500.0;1.0;1.0;4500.0;0.01;4500.01;4355
4357;2073600;4500.0;1.0;1.0;4500.0;0.01;4500.01;4357
4358;2073600;4500.0;1.0;1.0;4500.0;0.01;4500.01;4358
4360;2073600;4500.0;1.0;1.0;4500.0;0.01;4500.01;4360
4361;2073600;4500.0;1.0;1.0;4500.0;0.01;4500.01;4361
4363;2073600;4500.0;1.0;1.0;4500.0;0.01;4500.01;4363
4364;2073600;4500.0;1.0;1.0;4500.0;0.01;4500.01;4364
4365;2073600;4500.0;1.0;1.0;4500.0;0.01;4500.01;4365
4366;2073600;4500.0;1.0;1.0;4500.0;0.01;4500.01;4366
4367;2073600;4500.0;1.0;1.0;4500.0;0.01;4500.01;4367
4369;2073600;4500.0;1.0;1.0;4500.0;0.01;4500.01;4369
4370;2073600;4500.0;1.0;1.0;4500.0;0.01;4500.01;4370
4371;2073600;4500.0;1.0;1.0;4500.0;0.01;4500.01;4371
4383;2073600;4500.0;1.0;1.0;4500.0;0.01;4500.01;4383
4392;2073600;4500.0;1.0;1.0;4500.0;0.01;4500.01;4392
4338;2073600;4800.0;1.0;1.0;4800.0;0.01;4800.01;4338
4339;2073600;4800.0;1.0;1.0;4800.0;0.01;4800.01;4339
4372;2073600;4800.0;1.0;1.0;4800.0;0.01;4800.01;4372
4373;2073600;4800.0;1.0;1.0;4800.0;0.01;4800.01;4373
4374;2073600;4800.0;1.0;1.0;4800.0;0.01;4800.01;4374
4375;2073600;4800.0;1.0;1.0;4800.0;0.01;4800.01;4375
4376;2073600;4800.0;1.0;1.0;4800.0;0.01;4800.01;4376
4377;2073600;4800.0;1.0;1.0;4800.0;0.01;4800.01;4377
4378;2073600;4800.0;1.0;1.0;4800.0;0.01;4800.01;4378
4379;2073600;4800.0;1.0;1.0;4800.0;0.01;4800.01;4379
4380;2073600;4800.0;1.0;1.0;4800.0;0.01;4800.01;4380
4381;2073600;4800.0;1.0;1.0;4800.0;0.01;4800.01;4381
4382;2073600;4800.0;1.0;1.0;4800.0;0.01;4800.01;4382
4384;2073600;4800.0;1.0;1.0;4800.0;0.01;4800.01;4384
4386;2073600;4800.0;1.0;1.0;4800.0;0.01;4800.01;4386
4387;2073600;4800.0;1.0;1.0;4800.0;0.01;4800.01;4387
4388;2073600;4800.0;1.0;1.0;4800.0;0.01;4800.01;4388
4389;2073600;4800.0;1.0;1.0;4800.0;0.01;4800.01;4389
4390;2073600;4800.0;1.0;1.0;4800.0;0.01;4800.01;4390
4391;2073600;4800.0;1.0;1.0;4800.0;0.01;4800.01;4391
4385;2073600;5100.0;1.0;1.0;5100.0;0.01;5100.01;4385
810;2073600;5400.0;1.0;1.0;5400.0;0.01;5400.01;810
487;2073600;6000.0;1.0;1.0;6000.0;0.01;6000.01;487
4337;2073600;6000.0;1.0;1.0;6000.0;0.01;6000.01;4337
4393;2073600;6000.0;1.0;1.0;6000.0;0.01;6000.01;4393
4881;2073600;6600.0;1.0;1.0;6600.0;0.01;6600.01;4881
685;2073600;6900.0;1.0;1.0;6900.0;0.01;6900.01;685
992;2073600;7200.0;1.0;1.0;7200.0;0.01;7200.01;992
343;2073600;7500.0;1.0;1.0;7500.0;0.01;7500.01;343
5758;2073600;7500.0;1.0;1.0;7500.0;0.01;7500.01;5758
6114;2073600;7500.0;1.0;1.0;7500.0;0.01;7500.01;6114
2388;2073600;7800.0;1.0;1.0;7800.0;0.01;7800.01;2388
3093;2073600;7800.0;1.0;1.0;7800.0;0.01;7800.01;3093
5612;2073600;7800.0;1.0;1.0;7800.0;0.01;7800.01;5612
5652;2073600;7800.0;1.0;1.0;7800.0;0.01;7800.01;5652
1294;2073600;8100.0;1.0;1.0;8100.0;0.01;8100.01;1294
1846;2073600;8100.0;1.0;1.0;8100.0;0.01;8100.01;1846
2221;2073600;8100.0;1.0;1.0;8100.0;0.01;8100.01;2221
3924;2073600;8100.0;1.0;1.0;8100.0;0.01;8100.01;3924
5132;2073600;8100.0;1.0;1.0;8100.0;0.01;8100.01;5132
5304;2073600;8100.0;1.0;1.0;8100.0;0.01;8100.01;5304
5490;2073600;8100.0;1.0;1.0;8100.0;0.01;8100.01;5490
5840;2073600;8100.0;1.0;1.0;8100.0;0.01;8100.01;5840
6031;2073600;8100.0;1.0;1.0;8100.0;0.01;8100.01;6031
7048;2073600;8100.0;1.0;1.0;8100.0;0.01;8100.01;7048
141;2073600;8400.0;1.0;1.0;8400.0;0.01;8400.01;141
1582;2073600;8400.0;1.0;1.0;8400.0;0.01;8400.01;1582
2029;2073600;8400.0;1.0;1.0;8400.0;0.01;8400.01;2029
2734;2073600;8400.0;1.0;1.0;8400.0;0.01;8400.01;2734
2931;2073600;8400.0;1.0;1.0;8400.0;0.01;8400.01;2931
4262;2073600;8400.0;1.0;1.0;8400.0;0.01;8400.01;4262
4624;2073600;8400.0;1.0;1.0;8400.0;0.01;8400.01;4624
4806;2073600;8400.0;1.0;1.0;8400.0;0.01;8400.01;4806
5762;2073600;8400.0;1.0;1.0;8400.0;0.01;8400.01;5762
7933;2073600;8400.0;1.0;1.0;8400.0;0.01;8400.01;7933
321;2073600;8700.0;1.0;1.0;8700.0;0.01;8700.01;321
718;2073600;8700.0;1.0;1.0;8700.0;0.01;8700.01;718
1006;2073600;8700.0;1.0;1.0;8700.0;0.01;8700.01;1006
1529;2073600;8700.0;1.0;1.0;8700.0;0.01;8700.01;1529
1688;2073600;8700.0;1.0;1.0;8700.0;0.01;8700.01;1688
2743;2073600;8700.0;1.0;1.0;8700.0;0.01;8700.01;2743
3578;2073600;8700.0;1.0;1.0;8700.0;0.01;8700.01;3578
4088;2073600;8700.0;1.0;1.0;8700.0;0.01;8700.01;4088
4968;2073600;8700.0;1.0;1.0;8700.0;0.01;8700.01;4968
5323;2073600;8700.0;1.0;1.0;8700.0;0.01;8700.01;5323
5324;2073600;8700.0;1.0;1.0;8700.0;0.01;8700.01;5324
5429;2073600;8700.0;1.0;1.0;8700.0;0.01;8700.01;5429
6209;2073600;8700.0;1.0;1.0;8700.0;0.01;8700.01;6209
6370;2073600;8700.0;1.0;1.0;8700.0;0.01;8700.01;6370
6562;2073600;8700.0;1.0;1.0;8700.0;0.01;8700.01;6562
6723;2073600;8700.0;1.0;1.0;8700.0;0.01;8700.01;6723
7203;2073600;8700.0;1.0;1.0;8700.0;0.01;8700.01;7203
7566;2073600;8700.0;1.0;1.0;8700.0;0.01;8700.01;7566
7748;2073600;8700.0;1.0;1.0;8700.0;0.01;8700.01;7748
430;2073600;9000.0;1.0;1.0;9000.0;0.01;9000.01;430
1352;2073600;9000.0;1.0;1.0;9000.0;0.01;9000.01;1352
3266;2073600;9000.0;1.0;1.0;9000.0;0.01;9000.01;3266
3760;2073600;9000.0;1.0;1.0;9000.0;0.01;9000.01;3760
5630;2073600;9000.0;1.0;1.0;9000.0;0.01;9000.01;5630
5900;2073600;9000.0;1.0;1.0;9000.0;0.01;9000.01;5900
6188;2073600;9000.0;1.0;1.0;9000.0;0.01;9000.01;6188
6476;2073600;9000.0;1.0;1.0;9000.0;0.01;9000.01;6476
6879;2073600;9000.0;1.0;1.0;9000.0;0.01;9000.01;6879
7204;2073600;9000.0;1.0;1.0;9000.0;0.01;9000.01;7204
7377;2073600;9000.0;1.0;1.0;9000.0;0.01;9000.01;7377
10;2073600;9300.0;1.0;1.0;9300.0;0.01;9300.01;10
331;2073600;9300.0;1.0;1.0;9300.0;0.01;9300.01;331
346;2073600;9300.0;1.0;1.0;9300.0;0.01;9300.01;346
1870;2073600;9300.0;1.0;1.0;9300.0;0.01;9300.01;1870
3022;2073600;9300.0;1.0;1.0;9300.0;0.01;9300.01;3022
4439;2073600;9300.0;1.0;1.0;9300.0;0.01;9300.01;4439
4460;2073600;9300.0;1.0;1.0;9300.0;0.01;9300.01;4460
4747;2073600;9300.0;1.0;1.0;9300.0;0.01;9300.01;4747
5234;2073600;9300.0;1.0;1.0;9300.0;0.01;9300.01;5234
5273;2073600;9300.0;1.0;1.0;9300.0;0.01;9300.01;5273
5282;2073600;9300.0;1.0;1.0;9300.0;0.01;9300.01;5282
5291;2073600;9300.0;1.0;1.0;9300.0;0.01;9300.01;5291
5342;2073600;9300.0;1.0;1.0;9300.0;0.01;9300.01;5342
5390;2073600;9300.0;1.0;1.0;9300.0;0.01;9300.01;5390
5438;2073600;9300.0;1.0;1.0;9300.0;0.01;9300.01;5438
5462;2073600;9300.0;1.0;1.0;9300.0;0.01;9300.01;5462
5492;2073600;9300.0;1.0;1.0;9300.0;0.01;9300.01;5492
5510;2073600;9300.0;1.0;1.0;9300.0;0.01;9300.01;5510
5552;2073600;9300.0;1.0;1.0;9300.0;0.01;9300.01;5552
5558;2073600;9300.0;1.0;1.0;9300.0;0.01;9300.01;5558
5582;2073600;9300.0;1.0;1.0;9300.0;0.01;9300.01;5582
5618;2073600;9300.0;1.0;1.0;9300.0;0.01;9300.01;5618
5654;2073600;9300.0;1.0;1.0;9300.0;0.01;9300.01;5654
5702;2073600;9300.0;1.0;1.0;9300.0;0.01;9300.01;5702
5732;2073600;9300.0;1.0;1.0;9300.0;0.01;9300.01;5732
5757;2073600;9300.0;1.0;1.0;9300.0;0.01;9300.01;5757
5759;2073600;9300.0;1.0;1.0;9300.0;0.01;9300.01;5759
6764;2073600;9300.0;1.0;1.0;9300.0;0.01;9300.01;6764
7205;2073600;9300.0;1.0;1.0;9300.0;0.01;9300.01;7205
7917;2073600;9300.0;1.0;1.0;9300.0;0.01;9300.01;7917
1;2073600;9600.0;1.0;1.0;9600.0;0.01;9600.01;1
142;2073600;9600.0;1.0;1.0;9600.0;0.01;9600.01;142
280;2073600;9600.0;1.0;1.0;9600.0;0.01;9600.01;280
283;2073600;9600.0;1.0;1.0;9600.0;0.01;9600.01;283
286;2073600;9600.0;1.0;1.0;9600.0;0.01;9600.01;286
289;2073600;9600.0;1.0;1.0;9600.0;0.01;9600.01;289
292;2073600;9600.0;1.0;1.0;9600.0;0.01;9600.01;292
298;2073600;9600.0;1.0;1.0;9600.0;0.01;9600.01;298
307;2073600;9600.0;1.0;1.0;9600.0;0.01;9600.01;307
313;2073600;9600.0;1.0;1.0;9600.0;0.01;9600.01;313
316;2073600;9600.0;1.0;1.0;9600.0;0.01;9600.01;316
319;2073600;9600.0;1.0;1.0;9600.0;0.01;9600.01;319
320;2073600;9600.0;1.0;1.0;9600.0;0.01;9600.01;320
322;2073600;9600.0;1.0;1.0;9600.0;0.01;9600.01;322
334;2073600;9600.0;1.0;1.0;9600.0;0.01;9600.01;334
337;2073600;9600.0;1.0;1.0;9600.0;0.01;9600.01;337
340;2073600;9600.0;1.0;1.0;9600.0;0.01;9600.01;340
349;2073600;9600.0;1.0;1.0;9600.0;0.01;9600.01;349
355;2073600;9600.0;1.0;1.0;9600.0;0.01;9600.01;355
598;2073600;9600.0;1.0;1.0;9600.0;0.01;9600.01;598
1161;2073600;9600.0;1.0;1.0;9600.0;0.01;9600.01;1161
1240;2073600;9600.0;1.0;1.0;9600.0;0.01;9600.01;1240
1255;2073600;9600.0;1.0;1.0;9600.0;0.01;9600.01;1255
1264;2073600;9600.0;1.0;1.0;9600.0;0.01;9600.01;1264
1297;2073600;9600.0;1.0;1.0;9600.0;0.01;9600.01;1297
1321;2073600;9600.0;1.0;1.0;9600.0;0.01;9600.01;1321
1327;2073600;9600.0;1.0;1.0;9600.0;0.01;9600.01;1327
1402;2073600;9600.0;1.0;1.0;9600.0;0.01;9600.01;1402
1417;2073600;9600.0;1.0;1.0;9600.0;0.01;9600.01;1417
1465;2073600;9600.0;1.0;1.0;9600.0;0.01;9600.01;1465
1496;2073600;9600.0;1.0;1.0;9600.0;0.01;9600.01;1496
1507;2073600;9600.0;1.0;1.0;9600.0;0.01;9600.01;1507
2159;2073600;9600.0;1.0;1.0;9600.0;0.01;9600.01;2159
2446;2073600;9600.0;1.0;1.0;9600.0;0.01;9600.01;2446
2552;2073600;9600.0;1.0;1.0;9600.0;0.01;9600.01;2552
2646;2073600;9600.0;1.0;1.0;9600.0;0.01;9600.01;2646
3424;2073600;9600.0;1.0;1.0;9600.0;0.01;9600.01;3424
3884;2073600;9600.0;1.0;1.0;9600.0;0.01;9600.01;3884
4172;2073600;9600.0;1.0;1.0;9600.0;0.01;9600.01;4172
4314;2073600;9600.0;1.0;1.0;9600.0;0.01;9600.01;4314
4320;2073600;9600.0;1.0;1.0;9600.0;0.01;9600.01;4320
4323;2073600;9600.0;1.0;1.0;9600.0;0.01;9600.01;4323
4329;2073600;9600.0;1.0;1.0;9600.0;0.01;9600.01;4329
4335;2073600;9600.0;1.0;1.0;9600.0;0.01;9600.01;4335
4604;2073600;9600.0;1.0;1.0;9600.0;0.01;9600.01;4604
4682;2073600;9600.0;1.0;1.0;9600.0;0.01;9600.01;4682
4841;2073600;9600.0;1.0;1.0;9600.0;0.01;9600.01;4841
5035;2073600;9600.0;1.0;1.0;9600.0;0.01;9600.01;5035
5237;2073600;9600.0;1.0;1.0;9600.0;0.01;9600.01;5237
5240;2073600;9600.0;1.0;1.0;9600.0;0.01;9600.01;5240
5243;2073600;9600.0;1.0;1.0;9600.0;0.01;9600.01;5243
5246;2073600;9600.0;1.0;1.0;9600.0;0.01;9600.01;5246
5249;2073600;9600.0;1.0;1.0;9600.0;0.01;9600.01;5249
5252;2073600;9600.0;1.0;1.0;9600.0;0.01;9600.01;5252
5255;2073600;9600.0;1.0;1.0;9600.0;0.01;9600.01;5255
5258;2073600;9600.0;1.0;1.0;9600.0;0.01;9600.01;5258
5264;2073600;9600.0;1.0;1.0;9600.0;0.01;9600.01;5264
5270;2073600;9600.0;1.0;1.0;9600.0;0.01;9600.01;5270
5276;2073600;9600.0;1.0;1.0;9600.0;0.01;9600.01;5276
5279;2073600;9600.0;1.0;1.0;9600.0;0.01;9600.01;5279
5285;2073600;9600.0;1.0;1.0;9600.0;0.01;9600.01;5285
5288;2073600;9600.0;1.0;1.0;9600.0;0.01;9600.01;5288
5294;2073600;9600.0;1.0;1.0;9600.0;0.01;9600.01;5294
5297;2073600;9600.0;1.0;1.0;9600.0;0.01;9600.01;5297
5300;2073600;9600.0;1.0;1.0;9600.0;0.01;9600.01;5300
5303;2073600;9600.0;1.0;1.0;9600.0;0.01;9600.01;5303
5306;2073600;9600.0;1.0;1.0;9600.0;0.01;9600.01;5306
5309;2073600;9600.0;1.0;1.0;9600.0;0.01;9600.01;5309
5312;2073600;9600.0;1.0;1.0;9600.0;0.01;9600.01;5312
5315;2073600;9600.0;1.0;1.0;9600.0;0.01;9600.01;5315
5318;2073600;9600.0;1.0;1.0;9600.0;0.01;9600.01;5318
5321;2073600;9600.0;1.0;1.0;9600.0;0.01;9600.01;5321
5327;2073600;9600.0;1.0;1.0;9600.0;0.01;9600.01;5327
5330;2073600;9600.0;1.0;1.0;9600.0;0.01;9600.01;5330
5333;2073600;9600.0;1.0;1.0;9600.0;0.01;9600.01;5333
5336;2073600;9600.0;1.0;1.0;9600.0;0.01;9600.01;5336
5339;2073600;9600.0;1.0;1.0;9600.0;0.01;9600.01;5339
5348;2073600;9600.0;1.0;1.0;9600.0;0.01;9600.01;5348
5351;2073600;9600.0;1.0;1.0;9600.0;0.01;9600.01;5351
5354;2073600;9600.0;1.0;1.0;9600.0;0.01;9600.01;5354
5357;2073600;9600.0;1.0;1.0;9600.0;0.01;9600.01;5357
5360;2073600;9600.0;1.0;1.0;9600.0;0.01;9600.01;5360
5363;2073600;9600.0;1.0;1.0;9600.0;0.01;9600.01;5363
5366;2073600;9600.0;1.0;1.0;9600.0;0.01;9600.01;5366
5369;2073600;9600.0;1.0;1.0;9600.0;0.01;9600.01;5369
5372;2073600;9600.0;1.0;1.0;9600.0;0.01;9600.01;5372
5378;2073600;9600.0;1.0;1.0;9600.0;0.01;9600.01;5378
5381;2073600;9600.0;1.0;1.0;9600.0;0.01;9600.01;5381
5393;2073600;9600.0;1.0;1.0;9600.0;0.01;9600.01;5393
5396;2073600;9600.0;1.0;1.0;9600.0;0.01;9600.01;5396
5402;2073600;9600.0;1.0;1.0;9600.0;0.01;9600.01;5402
5405;2073600;9600.0;1.0;1.0;9600.0;0.01;9600.01;5405
5411;2073600;9600.0;1.0;1.0;9600.0;0.01;9600.01;5411
5414;2073600;9600.0;1.0;1.0;9600.0;0.01;9600.01;5414
5417;2073600;9600.0;1.0;1.0;9600.0;0.01;9600.01;5417
5420;2073600;9600.0;1.0;1.0;9600.0;0.01;9600.01;5420
5423;2073600;9600.0;1.0;1.0;9600.0;0.01;9600.01;5423
5426;2073600;9600.0;1.0;1.0;9600.0;0.01;9600.01;5426
5432;2073600;9600.0;1.0;1.0;9600.0;0.01;9600.01;5432
5435;2073600;9600.0;1.0;1.0;9600.0;0.01;9600.01;5435
5441;2073600;9600.0;1.0;1.0;9600.0;0.01;9600.01;5441
5444;2073600;9600.0;1.0;1.0;9600.0;0.01;9600.01;5444
5450;2073600;9600.0;1.0;1.0;9600.0;0.01;9600.01;5450
5453;2073600;9600.0;1.0;1.0;9600.0;0.01;9600.01;5453
5459;2073600;9600.0;1.0;1.0;9600.0;0.01;9600.01;5459
5465;2073600;9600.0;1.0;1.0;9600.0;0.01;9600.01;5465
5468;2073600;9600.0;1.0;1.0;9600.0;0.01;9600.01;5468
5474;2073600;9600.0;1.0;1.0;9600.0;0.01;9600.01;5474
5477;2073600;9600.0;1.0;1.0;9600.0;0.01;9600.01;5477
5483;2073600;9600.0;1.0;1.0;9600.0;0.01;9600.01;5483
5486;2073600;9600.0;1.0;1.0;9600.0;0.01;9600.01;5486
5495;2073600;9600.0;1.0;1.0;9600.0;0.01;9600.01;5495
5501;2073600;9600.0;1.0;1.0;9600.0;0.01;9600.01;5501
5507;2073600;9600.0;1.0;1.0;9600.0;0.01;9600.01;5507
5513;2073600;9600.0;1.0;1.0;9600.0;0.01;9600.01;5513
5516;2073600;9600.0;1.0;1.0;9600.0;0.01;9600.01;5516
5519;2073600;9600.0;1.0;1.0;9600.0;0.01;9600.01;5519
5522;2073600;9600.0;1.0;1.0;9600.0;0.01;9600.01;5522
5525;2073600;9600.0;1.0;1.0;9600.0;0.01;9600.01;5525
5528;2073600;9600.0;1.0;1.0;9600.0;0.01;9600.01;5528
5531;2073600;9600.0;1.0;1.0;9600.0;0.01;9600.01;5531
5534;2073600;9600.0;1.0;1.0;9600.0;0.01;9600.01;5534
5540;2073600;9600.0;1.0;1.0;9600.0;0.01;9600.01;5540
5543;2073600;9600.0;1.0;1.0;9600.0;0.01;9600.01;5543
5546;2073600;9600.0;1.0;1.0;9600.0;0.01;9600.01;5546
5549;2073600;9600.0;1.0;1.0;9600.0;0.01;9600.01;5549
5555;2073600;9600.0;1.0;1.0;9600.0;0.01;9600.01;5555
5561;2073600;9600.0;1.0;1.0;9600.0;0.01;9600.01;5561
5564;2073600;9600.0;1.0;1.0;9600.0;0.01;9600.01;5564
5567;2073600;9600.0;1.0;1.0;9600.0;0.01;9600.01;5567
5570;2073600;9600.0;1.0;1.0;9600.0;0.01;9600.01;5570
5573;2073600;9600.0;1.0;1.0;9600.0;0.01;9600.01;5573
5575;2073600;9600.0;1.0;1.0;9600.0;0.01;9600.01;5575
5576;2073600;9600.0;1.0;1.0;9600.0;0.01;9600.01;5576
5579;2073600;9600.0;1.0;1.0;9600.0;0.01;9600.01;5579
5585;2073600;9600.0;1.0;1.0;9600.0;0.01;9600.01;5585
5588;2073600;9600.0;1.0;1.0;9600.0;0.01;9600.01;5588
5594;2073600;9600.0;1.0;1.0;9600.0;0.01;9600.01;5594
5597;2073600;9600.0;1.0;1.0;9600.0;0.01;9600.01;5597
5600;2073600;9600.0;1.0;1.0;9600.0;0.01;9600.01;5600
5606;2073600;9600.0;1.0;1.0;9600.0;0.01;9600.01;5606
5615;2073600;9600.0;1.0;1.0;9600.0;0.01;9600.01;5615
5621;2073600;9600.0;1.0;1.0;9600.0;0.01;9600.01;5621
5624;2073600;9600.0;1.0;1.0;9600.0;0.01;9600.01;5624
5627;2073600;9600.0;1.0;1.0;9600.0;0.01;9600.01;5627
5629;2073600;9600.0;1.0;1.0;9600.0;0.01;9600.01;5629
5633;2073600;9600.0;1.0;1.0;9600.0;0.01;9600.01;5633
5636;2073600;9600.0;1.0;1.0;9600.0;0.01;9600.01;5636
5639;2073600;9600.0;1.0;1.0;9600.0;0.01;9600.01;5639
5642;2073600;9600.0;1.0;1.0;9600.0;0.01;9600.01;5642
5645;2073600;9600.0;1.0;1.0;9600.0;0.01;9600.01;5645
5648;2073600;9600.0;1.0;1.0;9600.0;0.01;9600.01;5648
5657;2073600;9600.0;1.0;1.0;9600.0;0.01;9600.01;5657
5663;2073600;9600.0;1.0;1.0;9600.0;0.01;9600.01;5663
5666;2073600;9600.0;1.0;1.0;9600.0;0.01;9600.01;5666
5672;2073600;9600.0;1.0;1.0;9600.0;0.01;9600.01;5672
5678;2073600;9600.0;1.0;1.0;9600.0;0.01;9600.01;5678
5681;2073600;9600.0;1.0;1.0;9600.0;0.01;9600.01;5681
5687;2073600;9600.0;1.0;1.0;9600.0;0.01;9600.01;5687
5696;2073600;9600.0;1.0;1.0;9600.0;0.01;9600.01;5696
5705;2073600;9600.0;1.0;1.0;9600.0;0.01;9600.01;5705
5708;2073600;9600.0;1.0;1.0;9600.0;0.01;9600.01;5708
5711;2073600;9600.0;1.0;1.0;9600.0;0.01;9600.01;5711
5714;2073600;9600.0;1.0;1.0;9600.0;0.01;9600.01;5714
5720;2073600;9600.0;1.0;1.0;9600.0;0.01;9600.01;5720
5726;2073600;9600.0;1.0;1.0;9600.0;0.01;9600.01;5726
5735;2073600;9600.0;1.0;1.0;9600.0;0.01;9600.01;5735
5738;2073600;9600.0;1.0;1.0;9600.0;0.01;9600.01;5738
5744;2073600;9600.0;1.0;1.0;9600.0;0.01;9600.01;5744
5750;2073600;9600.0;1.0;1.0;9600.0;0.01;9600.01;5750
5753;2073600;9600.0;1.0;1.0;9600.0;0.01;9600.01;5753
7341;2073600;9600.0;1.0;1.0;9600.0;0.01;9600.01;7341
7629;2073600;9600.0;1.0;1.0;9600.0;0.01;9600.01;7629
7;2073600;9900.0;1.0;1.0;9900.0;0.01;9900.01;7
11;2073600;9900.0;1.0;1.0;9900.0;0.01;9900.01;11
262;2073600;9900.0;1.0;1.0;9900.0;0.01;9900.01;262
277;2073600;9900.0;1.0;1.0;9900.0;0.01;9900.01;277
295;2073600;9900.0;1.0;1.0;9900.0;0.01;9900.01;295
304;2073600;9900.0;1.0;1.0;9900.0;0.01;9900.01;304
310;2073600;9900.0;1.0;1.0;9900.0;0.01;9900.01;310
311;2073600;9900.0;1.0;1.0;9900.0;0.01;9900.01;311
328;2073600;9900.0;1.0;1.0;9900.0;0.01;9900.01;328
345;2073600;9900.0;1.0;1.0;9900.0;0.01;9900.01;345
350;2073600;9900.0;1.0;1.0;9900.0;0.01;9900.01;350
352;2073600;9900.0;1.0;1.0;9900.0;0.01;9900.01;352
353;2073600;9900.0;1.0;1.0;9900.0;0.01;9900.01;353
481;2073600;9900.0;1.0;1.0;9900.0;0.01;9900.01;481
484;2073600;9900.0;1.0;1.0;9900.0;0.01;9900.01;484
493;2073600;9900.0;1.0;1.0;9900.0;0.01;9900.01;493
505;2073600;9900.0;1.0;1.0;9900.0;0.01;9900.01;505
1168;2073600;9900.0;1.0;1.0;9900.0;0.01;9900.01;1168
1171;2073600;9900.0;1.0;1.0;9900.0;0.01;9900.01;1171
1174;2073600;9900.0;1.0;1.0;9900.0;0.01;9900.01;1174
1183;2073600;9900.0;1.0;1.0;9900.0;0.01;9900.01;1183
1189;2073600;9900.0;1.0;1.0;9900.0;0.01;9900.01;1189
1192;2073600;9900.0;1.0;1.0;9900.0;0.01;9900.01;1192
1207;2073600;9900.0;1.0;1.0;9900.0;0.01;9900.01;1207
1213;2073600;9900.0;1.0;1.0;9900.0;0.01;9900.01;1213
1222;2073600;9900.0;1.0;1.0;9900.0;0.01;9900.01;1222
1228;2073600;9900.0;1.0;1.0;9900.0;0.01;9900.01;1228
1231;2073600;9900.0;1.0;1.0;9900.0;0.01;9900.01;1231
1246;2073600;9900.0;1.0;1.0;9900.0;0.01;9900.01;1246
1249;2073600;9900.0;1.0;1.0;9900.0;0.01;9900.01;1249
1252;2073600;9900.0;1.0;1.0;9900.0;0.01;9900.01;1252
1261;2073600;9900.0;1.0;1.0;9900.0;0.01;9900.01;1261
1288;2073600;9900.0;1.0;1.0;9900.0;0.01;9900.01;1288
1300;2073600;9900.0;1.0;1.0;9900.0;0.01;9900.01;1300
1303;2073600;9900.0;1.0;1.0;9900.0;0.01;9900.01;1303
1306;2073600;9900.0;1.0;1.0;9900.0;0.01;9900.01;1306
1312;2073600;9900.0;1.0;1.0;9900.0;0.01;9900.01;1312
1315;2073600;9900.0;1.0;1.0;9900.0;0.01;9900.01;1315
1318;2073600;9900.0;1.0;1.0;9900.0;0.01;9900.01;1318
1345;2073600;9900.0;1.0;1.0;9900.0;0.01;9900.01;1345
1351;2073600;9900.0;1.0;1.0;9900.0;0.01;9900.01;1351
1360;2073600;9900.0;1.0;1.0;9900.0;0.01;9900.01;1360
1366;2073600;9900.0;1.0;1.0;9900.0;0.01;9900.01;1366
1375;2073600;9900.0;1.0;1.0;9900.0;0.01;9900.01;1375
1378;2073600;9900.0;1.0;1.0;9900.0;0.01;9900.01;1378
1381;2073600;9900.0;1.0;1.0;9900.0;0.01;9900.01;1381
1384;2073600;9900.0;1.0;1.0;9900.0;0.01;9900.01;1384
1390;2073600;9900.0;1.0;1.0;9900.0;0.01;9900.01;1390
1393;2073600;9900.0;1.0;1.0;9900.0;0.01;9900.01;1393
1399;2073600;9900.0;1.0;1.0;9900.0;0.01;9900.01;1399
1408;2073600;9900.0;1.0;1.0;9900.0;0.01;9900.01;1408
1411;2073600;9900.0;1.0;1.0;9900.0;0.01;9900.01;1411
1423;2073600;9900.0;1.0;1.0;9900.0;0.01;9900.01;1423
1426;2073600;9900.0;1.0;1.0;9900.0;0.01;9900.01;1426
1432;2073600;9900.0;1.0;1.0;9900.0;0.01;9900.01;1432
1438;2073600;9900.0;1.0;1.0;9900.0;0.01;9900.01;1438
1447;2073600;9900.0;1.0;1.0;9900.0;0.01;9900.01;1447
1468;2073600;9900.0;1.0;1.0;9900.0;0.01;9900.01;1468
1474;2073600;9900.0;1.0;1.0;9900.0;0.01;9900.01;1474
1477;2073600;9900.0;1.0;1.0;9900.0;0.01;9900.01;1477
1486;2073600;9900.0;1.0;1.0;9900.0;0.01;9900.01;1486
1489;2073600;9900.0;1.0;1.0;9900.0;0.01;9900.01;1489
1492;2073600;9900.0;1.0;1.0;9900.0;0.01;9900.01;1492
1495;2073600;9900.0;1.0;1.0;9900.0;0.01;9900.01;1495
1498;2073600;9900.0;1.0;1.0;9900.0;0.01;9900.01;1498
2227;2073600;9900.0;1.0;1.0;9900.0;0.01;9900.01;2227
2574;2073600;9900.0;1.0;1.0;9900.0;0.01;9900.01;2574
2610;2073600;9900.0;1.0;1.0;9900.0;0.01;9900.01;2610
2679;2073600;9900.0;1.0;1.0;9900.0;0.01;9900.01;2679
2703;2073600;9900.0;1.0;1.0;9900.0;0.01;9900.01;2703
2718;2073600;9900.0;1.0;1.0;9900.0;0.01;9900.01;2718
2733;2073600;9900.0;1.0;1.0;9900.0;0.01;9900.01;2733
2994;2073600;9900.0;1.0;1.0;9900.0;0.01;9900.01;2994
3171;2073600;9900.0;1.0;1.0;9900.0;0.01;9900.01;3171
3174;2073600;9900.0;1.0;1.0;9900.0;0.01;9900.01;3174
3176;2073600;9900.0;1.0;1.0;9900.0;0.01;9900.01;3176
3246;2073600;9900.0;1.0;1.0;9900.0;0.01;9900.01;3246
3310;2073600;9900.0;1.0;1.0;9900.0;0.01;9900.01;3310
4035;2073600;9900.0;1.0;1.0;9900.0;0.01;9900.01;4035
4119;2073600;9900.0;1.0;1.0;9900.0;0.01;9900.01;4119
4140;2073600;9900.0;1.0;1.0;9900.0;0.01;9900.01;4140
4155;2073600;9900.0;1.0;1.0;9900.0;0.01;9900.01;4155
4158;2073600;9900.0;1.0;1.0;9900.0;0.01;9900.01;4158
4239;2073600;9900.0;1.0;1.0;9900.0;0.01;9900.01;4239
4308;2073600;9900.0;1.0;1.0;9900.0;0.01;9900.01;4308
4311;2073600;9900.0;1.0;1.0;9900.0;0.01;9900.01;4311
4326;2073600;9900.0;1.0;1.0;9900.0;0.01;9900.01;4326
4332;2073600;9900.0;1.0;1.0;9900.0;0.01;9900.01;4332
4428;2073600;9900.0;1.0;1.0;9900.0;0.01;9900.01;4428
4601;2073600;9900.0;1.0;1.0;9900.0;0.01;9900.01;4601
4610;2073600;9900.0;1.0;1.0;9900.0;0.01;9900.01;4610
5198;2073600;9900.0;1.0;1.0;9900.0;0.01;9900.01;5198
5254;2073600;9900.0;1.0;1.0;9900.0;0.01;9900.01;5254
5261;2073600;9900.0;1.0;1.0;9900.0;0.01;9900.01;5261
5267;2073600;9900.0;1.0;1.0;9900.0;0.01;9900.01;5267
5345;2073600;9900.0;1.0;1.0;9900.0;0.01;9900.01;5345
5353;2073600;9900.0;1.0;1.0;9900.0;0.01;9900.01;5353
5375;2073600;9900.0;1.0;1.0;9900.0;0.01;9900.01;5375
5384;2073600;9900.0;1.0;1.0;9900.0;0.01;9900.01;5384
5387;2073600;9900.0;1.0;1.0;9900.0;0.01;9900.01;5387
5399;2073600;9900.0;1.0;1.0;9900.0;0.01;9900.01;5399
5428;2073600;9900.0;1.0;1.0;9900.0;0.01;9900.01;5428
5408;2073600;9900.0;1.0;1.0;9900.0;0.01;9900.01;5408
5410;2073600;9900.0;1.0;1.0;9900.0;0.01;9900.01;5410
5447;2073600;9900.0;1.0;1.0;9900.0;0.01;9900.01;5447
5456;2073600;9900.0;1.0;1.0;9900.0;0.01;9900.01;5456
5471;2073600;9900.0;1.0;1.0;9900.0;0.01;9900.01;5471
5473;2073600;9900.0;1.0;1.0;9900.0;0.01;9900.01;5473
5480;2073600;9900.0;1.0;1.0;9900.0;0.01;9900.01;5480
5489;2073600;9900.0;1.0;1.0;9900.0;0.01;9900.01;5489
5498;2073600;9900.0;1.0;1.0;9900.0;0.01;9900.01;5498
5504;2073600;9900.0;1.0;1.0;9900.0;0.01;9900.01;5504
5521;2073600;9900.0;1.0;1.0;9900.0;0.01;9900.01;5521
5537;2073600;9900.0;1.0;1.0;9900.0;0.01;9900.01;5537
5554;2073600;9900.0;1.0;1.0;9900.0;0.01;9900.01;5554
5572;2073600;9900.0;1.0;1.0;9900.0;0.01;9900.01;5572
5578;2073600;9900.0;1.0;1.0;9900.0;0.01;9900.01;5578
5591;2073600;9900.0;1.0;1.0;9900.0;0.01;9900.01;5591
5603;2073600;9900.0;1.0;1.0;9900.0;0.01;9900.01;5603
5609;2073600;9900.0;1.0;1.0;9900.0;0.01;9900.01;5609
5651;2073600;9900.0;1.0;1.0;9900.0;0.01;9900.01;5651
5660;2073600;9900.0;1.0;1.0;9900.0;0.01;9900.01;5660
5662;2073600;9900.0;1.0;1.0;9900.0;0.01;9900.01;5662
5669;2073600;9900.0;1.0;1.0;9900.0;0.01;9900.01;5669
5675;2073600;9900.0;1.0;1.0;9900.0;0.01;9900.01;5675
5684;2073600;9900.0;1.0;1.0;9900.0;0.01;9900.01;5684
5690;2073600;9900.0;1.0;1.0;9900.0;0.01;9900.01;5690
5693;2073600;9900.0;1.0;1.0;9900.0;0.01;9900.01;5693
5717;2073600;9900.0;1.0;1.0;9900.0;0.01;9900.01;5717
5729;2073600;9900.0;1.0;1.0;9900.0;0.01;9900.01;5729
5761;2073600;9900.0;1.0;1.0;9900.0;0.01;9900.01;5761
5741;2073600;9900.0;1.0;1.0;9900.0;0.01;9900.01;5741
5756;2073600;9900.0;1.0;1.0;9900.0;0.01;9900.01;5756
6086;2073600;9900.0;1.0;1.0;9900.0;0.01;9900.01;6086
6091;2073600;9900.0;1.0;1.0;9900.0;0.01;9900.01;6091
6101;2073600;9900.0;1.0;1.0;9900.0;0.01;9900.01;6101
6643;2073600;9900.0;1.0;1.0;9900.0;0.01;9900.01;6643
6910;2073600;9900.0;1.0;1.0;9900.0;0.01;9900.01;6910
7052;2073600;9900.0;1.0;1.0;9900.0;0.01;9900.01;7052
4;2073600;10200.0;1.0;1.0;10200.0;0.01;10200.01;4
259;2073600;10200.0;1.0;1.0;10200.0;0.01;10200.01;259
265;2073600;10200.0;1.0;1.0;10200.0;0.01;10200.01;265
284;2073600;10200.0;1.0;1.0;10200.0;0.01;10200.01;284
297;2073600;10200.0;1.0;1.0;10200.0;0.01;10200.01;297
301;2073600;10200.0;1.0;1.0;10200.0;0.01;10200.01;301
325;2073600;10200.0;1.0;1.0;10200.0;0.01;10200.01;325
332;2073600;10200.0;1.0;1.0;10200.0;0.01;10200.01;332
344;2073600;10200.0;1.0;1.0;10200.0;0.01;10200.01;344
348;2073600;10200.0;1.0;1.0;10200.0;0.01;10200.01;348
358;2073600;10200.0;1.0;1.0;10200.0;0.01;10200.01;358
364;2073600;10200.0;1.0;1.0;10200.0;0.01;10200.01;364
463;2073600;10200.0;1.0;1.0;10200.0;0.01;10200.01;463
490;2073600;10200.0;1.0;1.0;10200.0;0.01;10200.01;490
496;2073600;10200.0;1.0;1.0;10200.0;0.01;10200.01;496
499;2073600;10200.0;1.0;1.0;10200.0;0.01;10200.01;499
502;2073600;10200.0;1.0;1.0;10200.0;0.01;10200.01;502
526;2073600;10200.0;1.0;1.0;10200.0;0.01;10200.01;526
664;2073600;10200.0;1.0;1.0;10200.0;0.01;10200.01;664
688;2073600;10200.0;1.0;1.0;10200.0;0.01;10200.01;688
1141;2073600;10200.0;1.0;1.0;10200.0;0.01;10200.01;1141
1144;2073600;10200.0;1.0;1.0;10200.0;0.01;10200.01;1144
1180;2073600;10200.0;1.0;1.0;10200.0;0.01;10200.01;1180
1186;2073600;10200.0;1.0;1.0;10200.0;0.01;10200.01;1186
1198;2073600;10200.0;1.0;1.0;10200.0;0.01;10200.01;1198
1201;2073600;10200.0;1.0;1.0;10200.0;0.01;10200.01;1201
1204;2073600;10200.0;1.0;1.0;10200.0;0.01;10200.01;1204
1210;2073600;10200.0;1.0;1.0;10200.0;0.01;10200.01;1210
1219;2073600;10200.0;1.0;1.0;10200.0;0.01;10200.01;1219
1216;2073600;10200.0;1.0;1.0;10200.0;0.01;10200.01;1216
1225;2073600;10200.0;1.0;1.0;10200.0;0.01;10200.01;1225
1237;2073600;10200.0;1.0;1.0;10200.0;0.01;10200.01;1237
1243;2073600;10200.0;1.0;1.0;10200.0;0.01;10200.01;1243
1258;2073600;10200.0;1.0;1.0;10200.0;0.01;10200.01;1258
1267;2073600;10200.0;1.0;1.0;10200.0;0.01;10200.01;1267
1270;2073600;10200.0;1.0;1.0;10200.0;0.01;10200.01;1270
1273;2073600;10200.0;1.0;1.0;10200.0;0.01;10200.01;1273
1276;2073600;10200.0;1.0;1.0;10200.0;0.01;10200.01;1276
1279;2073600;10200.0;1.0;1.0;10200.0;0.01;10200.01;1279
1282;2073600;10200.0;1.0;1.0;10200.0;0.01;10200.01;1282
1285;2073600;10200.0;1.0;1.0;10200.0;0.01;10200.01;1285
1291;2073600;10200.0;1.0;1.0;10200.0;0.01;10200.01;1291
1309;2073600;10200.0;1.0;1.0;10200.0;0.01;10200.01;1309
1324;2073600;10200.0;1.0;1.0;10200.0;0.01;10200.01;1324
1330;2073600;10200.0;1.0;1.0;10200.0;0.01;10200.01;1330
1333;2073600;10200.0;1.0;1.0;10200.0;0.01;10200.01;1333
1336;2073600;10200.0;1.0;1.0;10200.0;0.01;10200.01;1336
1339;2073600;10200.0;1.0;1.0;10200.0;0.01;10200.01;1339
1342;2073600;10200.0;1.0;1.0;10200.0;0.01;10200.01;1342
1348;2073600;10200.0;1.0;1.0;10200.0;0.01;10200.01;1348
1353;2073600;10200.0;1.0;1.0;10200.0;0.01;10200.01;1353
1354;2073600;10200.0;1.0;1.0;10200.0;0.01;10200.01;1354
1357;2073600;10200.0;1.0;1.0;10200.0;0.01;10200.01;1357
1363;2073600;10200.0;1.0;1.0;10200.0;0.01;10200.01;1363
1369;2073600;10200.0;1.0;1.0;10200.0;0.01;10200.01;1369
1387;2073600;10200.0;1.0;1.0;10200.0;0.01;10200.01;1387
1414;2073600;10200.0;1.0;1.0;10200.0;0.01;10200.01;1414
1420;2073600;10200.0;1.0;1.0;10200.0;0.01;10200.01;1420
1429;2073600;10200.0;1.0;1.0;10200.0;0.01;10200.01;1429
1435;2073600;10200.0;1.0;1.0;10200.0;0.01;10200.01;1435
1441;2073600;10200.0;1.0;1.0;10200.0;0.01;10200.01;1441
1450;2073600;10200.0;1.0;1.0;10200.0;0.01;10200.01;1450
1456;2073600;10200.0;1.0;1.0;10200.0;0.01;10200.01;1456
1459;2073600;10200.0;1.0;1.0;10200.0;0.01;10200.01;1459
1462;2073600;10200.0;1.0;1.0;10200.0;0.01;10200.01;1462
1471;2073600;10200.0;1.0;1.0;10200.0;0.01;10200.01;1471
1480;2073600;10200.0;1.0;1.0;10200.0;0.01;10200.01;1480
1483;2073600;10200.0;1.0;1.0;10200.0;0.01;10200.01;1483
1513;2073600;10200.0;1.0;1.0;10200.0;0.01;10200.01;1513
1525;2073600;10200.0;1.0;1.0;10200.0;0.01;10200.01;1525
1531;2073600;10200.0;1.0;1.0;10200.0;0.01;10200.01;1531
1543;2073600;10200.0;1.0;1.0;10200.0;0.01;10200.01;1543
1564;2073600;10200.0;1.0;1.0;10200.0;0.01;10200.01;1564
1588;2073600;10200.0;1.0;1.0;10200.0;0.01;10200.01;1588
2239;2073600;10200.0;1.0;1.0;10200.0;0.01;10200.01;2239
2242;2073600;10200.0;1.0;1.0;10200.0;0.01;10200.01;2242
2260;2073600;10200.0;1.0;1.0;10200.0;0.01;10200.01;2260
2274;2073600;10200.0;1.0;1.0;10200.0;0.01;10200.01;2274
2298;2073600;10200.0;1.0;1.0;10200.0;0.01;10200.01;2298
2322;2073600;10200.0;1.0;1.0;10200.0;0.01;10200.01;2322
2406;2073600;10200.0;1.0;1.0;10200.0;0.01;10200.01;2406
2418;2073600;10200.0;1.0;1.0;10200.0;0.01;10200.01;2418
2430;2073600;10200.0;1.0;1.0;10200.0;0.01;10200.01;2430
2550;2073600;10200.0;1.0;1.0;10200.0;0.01;10200.01;2550
2562;2073600;10200.0;1.0;1.0;10200.0;0.01;10200.01;2562
2565;2073600;10200.0;1.0;1.0;10200.0;0.01;10200.01;2565
2571;2073600;10200.0;1.0;1.0;10200.0;0.01;10200.01;2571
2586;2073600;10200.0;1.0;1.0;10200.0;0.01;10200.01;2586
2598;2073600;10200.0;1.0;1.0;10200.0;0.01;10200.01;2598
2616;2073600;10200.0;1.0;1.0;10200.0;0.01;10200.01;2616
2622;2073600;10200.0;1.0;1.0;10200.0;0.01;10200.01;2622
2634;2073600;10200.0;1.0;1.0;10200.0;0.01;10200.01;2634
2637;2073600;10200.0;1.0;1.0;10200.0;0.01;10200.01;2637
2658;2073600;10200.0;1.0;1.0;10200.0;0.01;10200.01;2658
2670;2073600;10200.0;1.0;1.0;10200.0;0.01;10200.01;2670
2676;2073600;10200.0;1.0;1.0;10200.0;0.01;10200.01;2676
2694;2073600;10200.0;1.0;1.0;10200.0;0.01;10200.01;2694
2706;2073600;10200.0;1.0;1.0;10200.0;0.01;10200.01;2706
2712;2073600;10200.0;1.0;1.0;10200.0;0.01;10200.01;2712
2721;2073600;10200.0;1.0;1.0;10200.0;0.01;10200.01;2721
2754;2073600;10200.0;1.0;1.0;10200.0;0.01;10200.01;2754
2814;2073600;10200.0;1.0;1.0;10200.0;0.01;10200.01;2814
2874;2073600;10200.0;1.0;1.0;10200.0;0.01;10200.01;2874
2922;2073600;10200.0;1.0;1.0;10200.0;0.01;10200.01;2922
2988;2073600;10200.0;1.0;1.0;10200.0;0.01;10200.01;2988
2991;2073600;10200.0;1.0;1.0;10200.0;0.01;10200.01;2991
3186;2073600;10200.0;1.0;1.0;10200.0;0.01;10200.01;3186
3231;2073600;10200.0;1.0;1.0;10200.0;0.01;10200.01;3231
3237;2073600;10200.0;1.0;1.0;10200.0;0.01;10200.01;3237
3354;2073600;10200.0;1.0;1.0;10200.0;0.01;10200.01;3354
3498;2073600;10200.0;1.0;1.0;10200.0;0.01;10200.01;3498
3639;2073600;10200.0;1.0;1.0;10200.0;0.01;10200.01;3639
3915;2073600;10200.0;1.0;1.0;10200.0;0.01;10200.01;3915
3939;2073600;10200.0;1.0;1.0;10200.0;0.01;10200.01;3939
3951;2073600;10200.0;1.0;1.0;10200.0;0.01;10200.01;3951
4047;2073600;10200.0;1.0;1.0;10200.0;0.01;10200.01;4047
4053;2073600;10200.0;1.0;1.0;10200.0;0.01;10200.01;4053
4059;2073600;10200.0;1.0;1.0;10200.0;0.01;10200.01;4059
4062;2073600;10200.0;1.0;1.0;10200.0;0.01;10200.01;4062
4071;2073600;10200.0;1.0;1.0;10200.0;0.01;10200.01;4071
4083;2073600;10200.0;1.0;1.0;10200.0;0.01;10200.01;4083
4095;2073600;10200.0;1.0;1.0;10200.0;0.01;10200.01;4095
4107;2073600;10200.0;1.0;1.0;10200.0;0.01;10200.01;4107
4122;2073600;10200.0;1.0;1.0;10200.0;0.01;10200.01;4122
4125;2073600;10200.0;1.0;1.0;10200.0;0.01;10200.01;4125
4131;2073600;10200.0;1.0;1.0;10200.0;0.01;10200.01;4131
4143;2073600;10200.0;1.0;1.0;10200.0;0.01;10200.01;4143
4152;2073600;10200.0;1.0;1.0;10200.0;0.01;10200.01;4152
4167;2073600;10200.0;1.0;1.0;10200.0;0.01;10200.01;4167
4179;2073600;10200.0;1.0;1.0;10200.0;0.01;10200.01;4179
4197;2073600;10200.0;1.0;1.0;10200.0;0.01;10200.01;4197
4209;2073600;10200.0;1.0;1.0;10200.0;0.01;10200.01;4209
4215;2073600;10200.0;1.0;1.0;10200.0;0.01;10200.01;4215
4248;2073600;10200.0;1.0;1.0;10200.0;0.01;10200.01;4248
4263;2073600;10200.0;1.0;1.0;10200.0;0.01;10200.01;4263
4275;2073600;10200.0;1.0;1.0;10200.0;0.01;10200.01;4275
4278;2073600;10200.0;1.0;1.0;10200.0;0.01;10200.01;4278
4281;2073600;10200.0;1.0;1.0;10200.0;0.01;10200.01;4281
4287;2073600;10200.0;1.0;1.0;10200.0;0.01;10200.01;4287
4299;2073600;10200.0;1.0;1.0;10200.0;0.01;10200.01;4299
4302;2073600;10200.0;1.0;1.0;10200.0;0.01;10200.01;4302
4317;2073600;10200.0;1.0;1.0;10200.0;0.01;10200.01;4317
4407;2073600;10200.0;1.0;1.0;10200.0;0.01;10200.01;4407
4419;2073600;10200.0;1.0;1.0;10200.0;0.01;10200.01;4419
4425;2073600;10200.0;1.0;1.0;10200.0;0.01;10200.01;4425
4431;2073600;10200.0;1.0;1.0;10200.0;0.01;10200.01;4431
4443;2073600;10200.0;1.0;1.0;10200.0;0.01;10200.01;4443
4455;2073600;10200.0;1.0;1.0;10200.0;0.01;10200.01;4455
4464;2073600;10200.0;1.0;1.0;10200.0;0.01;10200.01;4464
4467;2073600;10200.0;1.0;1.0;10200.0;0.01;10200.01;4467
4515;2073600;10200.0;1.0;1.0;10200.0;0.01;10200.01;4515
4562;2073600;10200.0;1.0;1.0;10200.0;0.01;10200.01;4562
4586;2073600;10200.0;1.0;1.0;10200.0;0.01;10200.01;4586
4589;2073600;10200.0;1.0;1.0;10200.0;0.01;10200.01;4589
4613;2073600;10200.0;1.0;1.0;10200.0;0.01;10200.01;4613
4619;2073600;10200.0;1.0;1.0;10200.0;0.01;10200.01;4619
4628;2073600;10200.0;1.0;1.0;10200.0;0.01;10200.01;4628
4646;2073600;10200.0;1.0;1.0;10200.0;0.01;10200.01;4646
4658;2073600;10200.0;1.0;1.0;10200.0;0.01;10200.01;4658
4694;2073600;10200.0;1.0;1.0;10200.0;0.01;10200.01;4694
4700;2073600;10200.0;1.0;1.0;10200.0;0.01;10200.01;4700
4706;2073600;10200.0;1.0;1.0;10200.0;0.01;10200.01;4706
4715;2073600;10200.0;1.0;1.0;10200.0;0.01;10200.01;4715
4724;2073600;10200.0;1.0;1.0;10200.0;0.01;10200.01;4724
4742;2073600;10200.0;1.0;1.0;10200.0;0.01;10200.01;4742
4763;2073600;10200.0;1.0;1.0;10200.0;0.01;10200.01;4763
4766;2073600;10200.0;1.0;1.0;10200.0;0.01;10200.01;4766
4778;2073600;10200.0;1.0;1.0;10200.0;0.01;10200.01;4778
4826;2073600;10200.0;1.0;1.0;10200.0;0.01;10200.01;4826
4838;2073600;10200.0;1.0;1.0;10200.0;0.01;10200.01;4838
4844;2073600;10200.0;1.0;1.0;10200.0;0.01;10200.01;4844
4847;2073600;10200.0;1.0;1.0;10200.0;0.01;10200.01;4847
4848;2073600;10200.0;1.0;1.0;10200.0;0.01;10200.01;4848
4862;2073600;10200.0;1.0;1.0;10200.0;0.01;10200.01;4862
4874;2073600;10200.0;1.0;1.0;10200.0;0.01;10200.01;4874
4882;2073600;10200.0;1.0;1.0;10200.0;0.01;10200.01;4882
4970;2073600;10200.0;1.0;1.0;10200.0;0.01;10200.01;4970
5018;2073600;10200.0;1.0;1.0;10200.0;0.01;10200.01;5018
5024;2073600;10200.0;1.0;1.0;10200.0;0.01;10200.01;5024
5114;2073600;10200.0;1.0;1.0;10200.0;0.01;10200.01;5114
5174;2073600;10200.0;1.0;1.0;10200.0;0.01;10200.01;5174
5257;2073600;10200.0;1.0;1.0;10200.0;0.01;10200.01;5257
5239;2073600;10200.0;1.0;1.0;10200.0;0.01;10200.01;5239
5242;2073600;10200.0;1.0;1.0;10200.0;0.01;10200.01;5242
5245;2073600;10200.0;1.0;1.0;10200.0;0.01;10200.01;5245
5248;2073600;10200.0;1.0;1.0;10200.0;0.01;10200.01;5248
5253;2073600;10200.0;1.0;1.0;10200.0;0.01;10200.01;5253
5310;2073600;10200.0;1.0;1.0;10200.0;0.01;10200.01;5310
5256;2073600;10200.0;1.0;1.0;10200.0;0.01;10200.01;5256
5260;2073600;10200.0;1.0;1.0;10200.0;0.01;10200.01;5260
5263;2073600;10200.0;1.0;1.0;10200.0;0.01;10200.01;5263
5266;2073600;10200.0;1.0;1.0;10200.0;0.01;10200.01;5266
5272;2073600;10200.0;1.0;1.0;10200.0;0.01;10200.01;5272
5277;2073600;10200.0;1.0;1.0;10200.0;0.01;10200.01;5277
5278;2073600;10200.0;1.0;1.0;10200.0;0.01;10200.01;5278
5281;2073600;10200.0;1.0;1.0;10200.0;0.01;10200.01;5281
5284;2073600;10200.0;1.0;1.0;10200.0;0.01;10200.01;5284
5286;2073600;10200.0;1.0;1.0;10200.0;0.01;10200.01;5286
5287;2073600;10200.0;1.0;1.0;10200.0;0.01;10200.01;5287
5289;2073600;10200.0;1.0;1.0;10200.0;0.01;10200.01;5289
5290;2073600;10200.0;1.0;1.0;10200.0;0.01;10200.01;5290
5292;2073600;10200.0;1.0;1.0;10200.0;0.01;10200.01;5292
5293;2073600;10200.0;1.0;1.0;10200.0;0.01;10200.01;5293
5311;2073600;10200.0;1.0;1.0;10200.0;0.01;10200.01;5311
5296;2073600;10200.0;1.0;1.0;10200.0;0.01;10200.01;5296
5335;2073600;10200.0;1.0;1.0;10200.0;0.01;10200.01;5335
5302;2073600;10200.0;1.0;1.0;10200.0;0.01;10200.01;5302
5305;2073600;10200.0;1.0;1.0;10200.0;0.01;10200.01;5305
5307;2073600;10200.0;1.0;1.0;10200.0;0.01;10200.01;5307
5313;2073600;10200.0;1.0;1.0;10200.0;0.01;10200.01;5313
5314;2073600;10200.0;1.0;1.0;10200.0;0.01;10200.01;5314
5316;2073600;10200.0;1.0;1.0;10200.0;0.01;10200.01;5316
5317;2073600;10200.0;1.0;1.0;10200.0;0.01;10200.01;5317
5320;2073600;10200.0;1.0;1.0;10200.0;0.01;10200.01;5320
5322;2073600;10200.0;1.0;1.0;10200.0;0.01;10200.01;5322
5329;2073600;10200.0;1.0;1.0;10200.0;0.01;10200.01;5329
5332;2073600;10200.0;1.0;1.0;10200.0;0.01;10200.01;5332
5338;2073600;10200.0;1.0;1.0;10200.0;0.01;10200.01;5338
5341;2073600;10200.0;1.0;1.0;10200.0;0.01;10200.01;5341
5343;2073600;10200.0;1.0;1.0;10200.0;0.01;10200.01;5343
5344;2073600;10200.0;1.0;1.0;10200.0;0.01;10200.01;5344
5347;2073600;10200.0;1.0;1.0;10200.0;0.01;10200.01;5347
5350;2073600;10200.0;1.0;1.0;10200.0;0.01;10200.01;5350
5352;2073600;10200.0;1.0;1.0;10200.0;0.01;10200.01;5352
5361;2073600;10200.0;1.0;1.0;10200.0;0.01;10200.01;5361
5359;2073600;10200.0;1.0;1.0;10200.0;0.01;10200.01;5359
5362;2073600;10200.0;1.0;1.0;10200.0;0.01;10200.01;5362
5368;2073600;10200.0;1.0;1.0;10200.0;0.01;10200.01;5368
5370;2073600;10200.0;1.0;1.0;10200.0;0.01;10200.01;5370
5371;2073600;10200.0;1.0;1.0;10200.0;0.01;10200.01;5371
5377;2073600;10200.0;1.0;1.0;10200.0;0.01;10200.01;5377
5380;2073600;10200.0;1.0;1.0;10200.0;0.01;10200.01;5380
5382;2073600;10200.0;1.0;1.0;10200.0;0.01;10200.01;5382
5383;2073600;10200.0;1.0;1.0;10200.0;0.01;10200.01;5383
5386;2073600;10200.0;1.0;1.0;10200.0;0.01;10200.01;5386
5389;2073600;10200.0;1.0;1.0;10200.0;0.01;10200.01;5389
5392;2073600;10200.0;1.0;1.0;10200.0;0.01;10200.01;5392
5401;2073600;10200.0;1.0;1.0;10200.0;0.01;10200.01;5401
5403;2073600;10200.0;1.0;1.0;10200.0;0.01;10200.01;5403
5406;2073600;10200.0;1.0;1.0;10200.0;0.01;10200.01;5406
5409;2073600;10200.0;1.0;1.0;10200.0;0.01;10200.01;5409
5413;2073600;10200.0;1.0;1.0;10200.0;0.01;10200.01;5413
5416;2073600;10200.0;1.0;1.0;10200.0;0.01;10200.01;5416
5419;2073600;10200.0;1.0;1.0;10200.0;0.01;10200.01;5419
5421;2073600;10200.0;1.0;1.0;10200.0;0.01;10200.01;5421
5422;2073600;10200.0;1.0;1.0;10200.0;0.01;10200.01;5422
5425;2073600;10200.0;1.0;1.0;10200.0;0.01;10200.01;5425
5427;2073600;10200.0;1.0;1.0;10200.0;0.01;10200.01;5427
5434;2073600;10200.0;1.0;1.0;10200.0;0.01;10200.01;5434
5439;2073600;10200.0;1.0;1.0;10200.0;0.01;10200.01;5439
5449;2073600;10200.0;1.0;1.0;10200.0;0.01;10200.01;5449
5443;2073600;10200.0;1.0;1.0;10200.0;0.01;10200.01;5443
5445;2073600;10200.0;1.0;1.0;10200.0;0.01;10200.01;5445
5446;2073600;10200.0;1.0;1.0;10200.0;0.01;10200.01;5446
5455;2073600;10200.0;1.0;1.0;10200.0;0.01;10200.01;5455
5458;2073600;10200.0;1.0;1.0;10200.0;0.01;10200.01;5458
5463;2073600;10200.0;1.0;1.0;10200.0;0.01;10200.01;5463
5464;2073600;10200.0;1.0;1.0;10200.0;0.01;10200.01;5464
5467;2073600;10200.0;1.0;1.0;10200.0;0.01;10200.01;5467
5476;2073600;10200.0;1.0;1.0;10200.0;0.01;10200.01;5476
5481;2073600;10200.0;1.0;1.0;10200.0;0.01;10200.01;5481
5482;2073600;10200.0;1.0;1.0;10200.0;0.01;10200.01;5482
5485;2073600;10200.0;1.0;1.0;10200.0;0.01;10200.01;5485
5487;2073600;10200.0;1.0;1.0;10200.0;0.01;10200.01;5487
5491;2073600;10200.0;1.0;1.0;10200.0;0.01;10200.01;5491
5493;2073600;10200.0;1.0;1.0;10200.0;0.01;10200.01;5493
5494;2073600;10200.0;1.0;1.0;10200.0;0.01;10200.01;5494
5496;2073600;10200.0;1.0;1.0;10200.0;0.01;10200.01;5496
5500;2073600;10200.0;1.0;1.0;10200.0;0.01;10200.01;5500
5502;2073600;10200.0;1.0;1.0;10200.0;0.01;10200.01;5502
5505;2073600;10200.0;1.0;1.0;10200.0;0.01;10200.01;5505
5511;2073600;10200.0;1.0;1.0;10200.0;0.01;10200.01;5511
5514;2073600;10200.0;1.0;1.0;10200.0;0.01;10200.01;5514
5515;2073600;10200.0;1.0;1.0;10200.0;0.01;10200.01;5515
5518;2073600;10200.0;1.0;1.0;10200.0;0.01;10200.01;5518
5577;2073600;10200.0;1.0;1.0;10200.0;0.01;10200.01;5577
5520;2073600;10200.0;1.0;1.0;10200.0;0.01;10200.01;5520
5523;2073600;10200.0;1.0;1.0;10200.0;0.01;10200.01;5523
5524;2073600;10200.0;1.0;1.0;10200.0;0.01;10200.01;5524
5527;2073600;10200.0;1.0;1.0;10200.0;0.01;10200.01;5527
5533;2073600;10200.0;1.0;1.0;10200.0;0.01;10200.01;5533
5535;2073600;10200.0;1.0;1.0;10200.0;0.01;10200.01;5535
5538;2073600;10200.0;1.0;1.0;10200.0;0.01;10200.01;5538
5539;2073600;10200.0;1.0;1.0;10200.0;0.01;10200.01;5539
5541;2073600;10200.0;1.0;1.0;10200.0;0.01;10200.01;5541
5542;2073600;10200.0;1.0;1.0;10200.0;0.01;10200.01;5542
5544;2073600;10200.0;1.0;1.0;10200.0;0.01;10200.01;5544
5547;2073600;10200.0;1.0;1.0;10200.0;0.01;10200.01;5547
5548;2073600;10200.0;1.0;1.0;10200.0;0.01;10200.01;5548
5553;2073600;10200.0;1.0;1.0;10200.0;0.01;10200.01;5553
5557;2073600;10200.0;1.0;1.0;10200.0;0.01;10200.01;5557
5560;2073600;10200.0;1.0;1.0;10200.0;0.01;10200.01;5560
5563;2073600;10200.0;1.0;1.0;10200.0;0.01;10200.01;5563
5565;2073600;10200.0;1.0;1.0;10200.0;0.01;10200.01;5565
5569;2073600;10200.0;1.0;1.0;10200.0;0.01;10200.01;5569
5581;2073600;10200.0;1.0;1.0;10200.0;0.01;10200.01;5581
5586;2073600;10200.0;1.0;1.0;10200.0;0.01;10200.01;5586
5587;2073600;10200.0;1.0;1.0;10200.0;0.01;10200.01;5587
5590;2073600;10200.0;1.0;1.0;10200.0;0.01;10200.01;5590
5592;2073600;10200.0;1.0;1.0;10200.0;0.01;10200.01;5592
5596;2073600;10200.0;1.0;1.0;10200.0;0.01;10200.01;5596
5601;2073600;10200.0;1.0;1.0;10200.0;0.01;10200.01;5601
5602;2073600;10200.0;1.0;1.0;10200.0;0.01;10200.01;5602
5605;2073600;10200.0;1.0;1.0;10200.0;0.01;10200.01;5605
5607;2073600;10200.0;1.0;1.0;10200.0;0.01;10200.01;5607
5608;2073600;10200.0;1.0;1.0;10200.0;0.01;10200.01;5608
5610;2073600;10200.0;1.0;1.0;10200.0;0.01;10200.01;5610
5620;2073600;10200.0;1.0;1.0;10200.0;0.01;10200.01;5620
5623;2073600;10200.0;1.0;1.0;10200.0;0.01;10200.01;5623
5631;2073600;10200.0;1.0;1.0;10200.0;0.01;10200.01;5631
5626;2073600;10200.0;1.0;1.0;10200.0;0.01;10200.01;5626
5632;2073600;10200.0;1.0;1.0;10200.0;0.01;10200.01;5632
5638;2073600;10200.0;1.0;1.0;10200.0;0.01;10200.01;5638
5643;2073600;10200.0;1.0;1.0;10200.0;0.01;10200.01;5643
5644;2073600;10200.0;1.0;1.0;10200.0;0.01;10200.01;5644
5653;2073600;10200.0;1.0;1.0;10200.0;0.01;10200.01;5653
5656;2073600;10200.0;1.0;1.0;10200.0;0.01;10200.01;5656
5668;2073600;10200.0;1.0;1.0;10200.0;0.01;10200.01;5668
5671;2073600;10200.0;1.0;1.0;10200.0;0.01;10200.01;5671
5689;2073600;10200.0;1.0;1.0;10200.0;0.01;10200.01;5689
5677;2073600;10200.0;1.0;1.0;10200.0;0.01;10200.01;5677
5679;2073600;10200.0;1.0;1.0;10200.0;0.01;10200.01;5679
5683;2073600;10200.0;1.0;1.0;10200.0;0.01;10200.01;5683
5686;2073600;10200.0;1.0;1.0;10200.0;0.01;10200.01;5686
5692;2073600;10200.0;1.0;1.0;10200.0;0.01;10200.01;5692
5695;2073600;10200.0;1.0;1.0;10200.0;0.01;10200.01;5695
5699;2073600;10200.0;1.0;1.0;10200.0;0.01;10200.01;5699
5701;2073600;10200.0;1.0;1.0;10200.0;0.01;10200.01;5701
5710;2073600;10200.0;1.0;1.0;10200.0;0.01;10200.01;5710
5719;2073600;10200.0;1.0;1.0;10200.0;0.01;10200.01;5719
5721;2073600;10200.0;1.0;1.0;10200.0;0.01;10200.01;5721
5723;2073600;10200.0;1.0;1.0;10200.0;0.01;10200.01;5723
5724;2073600;10200.0;1.0;1.0;10200.0;0.01;10200.01;5724
5725;2073600;10200.0;1.0;1.0;10200.0;0.01;10200.01;5725
5731;2073600;10200.0;1.0;1.0;10200.0;0.01;10200.01;5731
5733;2073600;10200.0;1.0;1.0;10200.0;0.01;10200.01;5733
5734;2073600;10200.0;1.0;1.0;10200.0;0.01;10200.01;5734
5743;2073600;10200.0;1.0;1.0;10200.0;0.01;10200.01;5743
5745;2073600;10200.0;1.0;1.0;10200.0;0.01;10200.01;5745
5749;2073600;10200.0;1.0;1.0;10200.0;0.01;10200.01;5749
5752;2073600;10200.0;1.0;1.0;10200.0;0.01;10200.01;5752
6080;2073600;10200.0;1.0;1.0;10200.0;0.01;10200.01;6080
6085;2073600;10200.0;1.0;1.0;10200.0;0.01;10200.01;6085
6095;2073600;10200.0;1.0;1.0;10200.0;0.01;10200.01;6095
6097;2073600;10200.0;1.0;1.0;10200.0;0.01;10200.01;6097
6104;2073600;10200.0;1.0;1.0;10200.0;0.01;10200.01;6104
6106;2073600;10200.0;1.0;1.0;10200.0;0.01;10200.01;6106
6107;2073600;10200.0;1.0;1.0;10200.0;0.01;10200.01;6107
6110;2073600;10200.0;1.0;1.0;10200.0;0.01;10200.01;6110
6112;2073600;10200.0;1.0;1.0;10200.0;0.01;10200.01;6112
6859;2073600;10200.0;1.0;1.0;10200.0;0.01;10200.01;6859
6889;2073600;10200.0;1.0;1.0;10200.0;0.01;10200.01;6889
6892;2073600;10200.0;1.0;1.0;10200.0;0.01;10200.01;6892
6901;2073600;10200.0;1.0;1.0;10200.0;0.01;10200.01;6901
7021;2073600;10200.0;1.0;1.0;10200.0;0.01;10200.01;7021
7102;2073600;10200.0;1.0;1.0;10200.0;0.01;10200.01;7102
7105;2073600;10200.0;1.0;1.0;10200.0;0.01;10200.01;7105
7150;2073600;10200.0;1.0;1.0;10200.0;0.01;10200.01;7150
7154;2073600;10200.0;1.0;1.0;10200.0;0.01;10200.01;7154
7579;2073600;10200.0;1.0;1.0;10200.0;0.01;10200.01;7579
8135;2073600;10200.0;1.0;1.0;10200.0;0.01;10200.01;8135
2;2073600;10500.0;1.0;1.0;10500.0;0.01;10500.01;2
49;2073600;10500.0;1.0;1.0;10500.0;0.01;10500.01;49
82;2073600;10500.0;1.0;1.0;10500.0;0.01;10500.01;82
85;2073600;10500.0;1.0;1.0;10500.0;0.01;10500.01;85
88;2073600;10500.0;1.0;1.0;10500.0;0.01;10500.01;88
112;2073600;10500.0;1.0;1.0;10500.0;0.01;10500.01;112
115;2073600;10500.0;1.0;1.0;10500.0;0.01;10500.01;115
163;2073600;10500.0;1.0;1.0;10500.0;0.01;10500.01;163
196;2073600;10500.0;1.0;1.0;10500.0;0.01;10500.01;196
244;2073600;10500.0;1.0;1.0;10500.0;0.01;10500.01;244
268;2073600;10500.0;1.0;1.0;10500.0;0.01;10500.01;268
271;2073600;10500.0;1.0;1.0;10500.0;0.01;10500.01;271
274;2073600;10500.0;1.0;1.0;10500.0;0.01;10500.01;274
278;2073600;10500.0;1.0;1.0;10500.0;0.01;10500.01;278
285;2073600;10500.0;1.0;1.0;10500.0;0.01;10500.01;285
287;2073600;10500.0;1.0;1.0;10500.0;0.01;10500.01;287
288;2073600;10500.0;1.0;1.0;10500.0;0.01;10500.01;288
293;2073600;10500.0;1.0;1.0;10500.0;0.01;10500.01;293
294;2073600;10500.0;1.0;1.0;10500.0;0.01;10500.01;294
296;2073600;10500.0;1.0;1.0;10500.0;0.01;10500.01;296
317;2073600;10500.0;1.0;1.0;10500.0;0.01;10500.01;317
318;2073600;10500.0;1.0;1.0;10500.0;0.01;10500.01;318
327;2073600;10500.0;1.0;1.0;10500.0;0.01;10500.01;327
330;2073600;10500.0;1.0;1.0;10500.0;0.01;10500.01;330
333;2073600;10500.0;1.0;1.0;10500.0;0.01;10500.01;333
335;2073600;10500.0;1.0;1.0;10500.0;0.01;10500.01;335
336;2073600;10500.0;1.0;1.0;10500.0;0.01;10500.01;336
338;2073600;10500.0;1.0;1.0;10500.0;0.01;10500.01;338
339;2073600;10500.0;1.0;1.0;10500.0;0.01;10500.01;339
361;2073600;10500.0;1.0;1.0;10500.0;0.01;10500.01;361
370;2073600;10500.0;1.0;1.0;10500.0;0.01;10500.01;370
388;2073600;10500.0;1.0;1.0;10500.0;0.01;10500.01;388
397;2073600;10500.0;1.0;1.0;10500.0;0.01;10500.01;397
400;2073600;10500.0;1.0;1.0;10500.0;0.01;10500.01;400
403;2073600;10500.0;1.0;1.0;10500.0;0.01;10500.01;403
406;2073600;10500.0;1.0;1.0;10500.0;0.01;10500.01;406
409;2073600;10500.0;1.0;1.0;10500.0;0.01;10500.01;409
421;2073600;10500.0;1.0;1.0;10500.0;0.01;10500.01;421
427;2073600;10500.0;1.0;1.0;10500.0;0.01;10500.01;427
439;2073600;10500.0;1.0;1.0;10500.0;0.01;10500.01;439
448;2073600;10500.0;1.0;1.0;10500.0;0.01;10500.01;448
445;2073600;10500.0;1.0;1.0;10500.0;0.01;10500.01;445
454;2073600;10500.0;1.0;1.0;10500.0;0.01;10500.01;454
469;2073600;10500.0;1.0;1.0;10500.0;0.01;10500.01;469
508;2073600;10500.0;1.0;1.0;10500.0;0.01;10500.01;508
517;2073600;10500.0;1.0;1.0;10500.0;0.01;10500.01;517
520;2073600;10500.0;1.0;1.0;10500.0;0.01;10500.01;520
532;2073600;10500.0;1.0;1.0;10500.0;0.01;10500.01;532
535;2073600;10500.0;1.0;1.0;10500.0;0.01;10500.01;535
538;2073600;10500.0;1.0;1.0;10500.0;0.01;10500.01;538
544;2073600;10500.0;1.0;1.0;10500.0;0.01;10500.01;544
550;2073600;10500.0;1.0;1.0;10500.0;0.01;10500.01;550
556;2073600;10500.0;1.0;1.0;10500.0;0.01;10500.01;556
559;2073600;10500.0;1.0;1.0;10500.0;0.01;10500.01;559
565;2073600;10500.0;1.0;1.0;10500.0;0.01;10500.01;565
568;2073600;10500.0;1.0;1.0;10500.0;0.01;10500.01;568
571;2073600;10500.0;1.0;1.0;10500.0;0.01;10500.01;571
574;2073600;10500.0;1.0;1.0;10500.0;0.01;10500.01;574
580;2073600;10500.0;1.0;1.0;10500.0;0.01;10500.01;580
589;2073600;10500.0;1.0;1.0;10500.0;0.01;10500.01;589
607;2073600;10500.0;1.0;1.0;10500.0;0.01;10500.01;607
613;2073600;10500.0;1.0;1.0;10500.0;0.01;10500.01;613
619;2073600;10500.0;1.0;1.0;10500.0;0.01;10500.01;619
622;2073600;10500.0;1.0;1.0;10500.0;0.01;10500.01;622
625;2073600;10500.0;1.0;1.0;10500.0;0.01;10500.01;625
637;2073600;10500.0;1.0;1.0;10500.0;0.01;10500.01;637
645;2073600;10500.0;1.0;1.0;10500.0;0.01;10500.01;645
646;2073600;10500.0;1.0;1.0;10500.0;0.01;10500.01;646
649;2073600;10500.0;1.0;1.0;10500.0;0.01;10500.01;649
655;2073600;10500.0;1.0;1.0;10500.0;0.01;10500.01;655
658;2073600;10500.0;1.0;1.0;10500.0;0.01;10500.01;658
661;2073600;10500.0;1.0;1.0;10500.0;0.01;10500.01;661
667;2073600;10500.0;1.0;1.0;10500.0;0.01;10500.01;667
670;2073600;10500.0;1.0;1.0;10500.0;0.01;10500.01;670
673;2073600;10500.0;1.0;1.0;10500.0;0.01;10500.01;673
679;2073600;10500.0;1.0;1.0;10500.0;0.01;10500.01;679
706;2073600;10500.0;1.0;1.0;10500.0;0.01;10500.01;706
724;2073600;10500.0;1.0;1.0;10500.0;0.01;10500.01;724
727;2073600;10500.0;1.0;1.0;10500.0;0.01;10500.01;727
730;2073600;10500.0;1.0;1.0;10500.0;0.01;10500.01;730
736;2073600;10500.0;1.0;1.0;10500.0;0.01;10500.01;736
745;2073600;10500.0;1.0;1.0;10500.0;0.01;10500.01;745
751;2073600;10500.0;1.0;1.0;10500.0;0.01;10500.01;751
757;2073600;10500.0;1.0;1.0;10500.0;0.01;10500.01;757
760;2073600;10500.0;1.0;1.0;10500.0;0.01;10500.01;760
763;2073600;10500.0;1.0;1.0;10500.0;0.01;10500.01;763
769;2073600;10500.0;1.0;1.0;10500.0;0.01;10500.01;769
775;2073600;10500.0;1.0;1.0;10500.0;0.01;10500.01;775
778;2073600;10500.0;1.0;1.0;10500.0;0.01;10500.01;778
793;2073600;10500.0;1.0;1.0;10500.0;0.01;10500.01;793
799;2073600;10500.0;1.0;1.0;10500.0;0.01;10500.01;799
808;2073600;10500.0;1.0;1.0;10500.0;0.01;10500.01;808
811;2073600;10500.0;1.0;1.0;10500.0;0.01;10500.01;811
826;2073600;10500.0;1.0;1.0;10500.0;0.01;10500.01;826
832;2073600;10500.0;1.0;1.0;10500.0;0.01;10500.01;832
835;2073600;10500.0;1.0;1.0;10500.0;0.01;10500.01;835
844;2073600;10500.0;1.0;1.0;10500.0;0.01;10500.01;844
850;2073600;10500.0;1.0;1.0;10500.0;0.01;10500.01;850
859;2073600;10500.0;1.0;1.0;10500.0;0.01;10500.01;859
868;2073600;10500.0;1.0;1.0;10500.0;0.01;10500.01;868
874;2073600;10500.0;1.0;1.0;10500.0;0.01;10500.01;874
883;2073600;10500.0;1.0;1.0;10500.0;0.01;10500.01;883
886;2073600;10500.0;1.0;1.0;10500.0;0.01;10500.01;886
898;2073600;10500.0;1.0;1.0;10500.0;0.01;10500.01;898
904;2073600;10500.0;1.0;1.0;10500.0;0.01;10500.01;904
919;2073600;10500.0;1.0;1.0;10500.0;0.01;10500.01;919
922;2073600;10500.0;1.0;1.0;10500.0;0.01;10500.01;922
931;2073600;10500.0;1.0;1.0;10500.0;0.01;10500.01;931
940;2073600;10500.0;1.0;1.0;10500.0;0.01;10500.01;940
943;2073600;10500.0;1.0;1.0;10500.0;0.01;10500.01;943
946;2073600;10500.0;1.0;1.0;10500.0;0.01;10500.01;946
949;2073600;10500.0;1.0;1.0;10500.0;0.01;10500.01;949
952;2073600;10500.0;1.0;1.0;10500.0;0.01;10500.01;952
964;2073600;10500.0;1.0;1.0;10500.0;0.01;10500.01;964
955;2073600;10500.0;1.0;1.0;10500.0;0.01;10500.01;955
958;2073600;10500.0;1.0;1.0;10500.0;0.01;10500.01;958
961;2073600;10500.0;1.0;1.0;10500.0;0.01;10500.01;961
973;2073600;10500.0;1.0;1.0;10500.0;0.01;10500.01;973
976;2073600;10500.0;1.0;1.0;10500.0;0.01;10500.01;976
979;2073600;10500.0;1.0;1.0;10500.0;0.01;10500.01;979
988;2073600;10500.0;1.0;1.0;10500.0;0.01;10500.01;988
994;2073600;10500.0;1.0;1.0;10500.0;0.01;10500.01;994
997;2073600;10500.0;1.0;1.0;10500.0;0.01;10500.01;997
1003;2073600;10500.0;1.0;1.0;10500.0;0.01;10500.01;1003
1012;2073600;10500.0;1.0;1.0;10500.0;0.01;10500.01;1012
1018;2073600;10500.0;1.0;1.0;10500.0;0.01;10500.01;1018
1021;2073600;10500.0;1.0;1.0;10500.0;0.01;10500.01;1021
1036;2073600;10500.0;1.0;1.0;10500.0;0.01;10500.01;1036
1075;2073600;10500.0;1.0;1.0;10500.0;0.01;10500.01;1075
1087;2073600;10500.0;1.0;1.0;10500.0;0.01;10500.01;1087
1093;2073600;10500.0;1.0;1.0;10500.0;0.01;10500.01;1093
1117;2073600;10500.0;1.0;1.0;10500.0;0.01;10500.01;1117
1132;2073600;10500.0;1.0;1.0;10500.0;0.01;10500.01;1132
1138;2073600;10500.0;1.0;1.0;10500.0;0.01;10500.01;1138
1150;2073600;10500.0;1.0;1.0;10500.0;0.01;10500.01;1150
1153;2073600;10500.0;1.0;1.0;10500.0;0.01;10500.01;1153
1160;2073600;10500.0;1.0;1.0;10500.0;0.01;10500.01;1160
1177;2073600;10500.0;1.0;1.0;10500.0;0.01;10500.01;1177
1195;2073600;10500.0;1.0;1.0;10500.0;0.01;10500.01;1195
1232;2073600;10500.0;1.0;1.0;10500.0;0.01;10500.01;1232
1234;2073600;10500.0;1.0;1.0;10500.0;0.01;10500.01;1234
1254;2073600;10500.0;1.0;1.0;10500.0;0.01;10500.01;1254
1256;2073600;10500.0;1.0;1.0;10500.0;0.01;10500.01;1256
1265;2073600;10500.0;1.0;1.0;10500.0;0.01;10500.01;1265
1296;2073600;10500.0;1.0;1.0;10500.0;0.01;10500.01;1296
1314;2073600;10500.0;1.0;1.0;10500.0;0.01;10500.01;1314
1316;2073600;10500.0;1.0;1.0;10500.0;0.01;10500.01;1316
1322;2073600;10500.0;1.0;1.0;10500.0;0.01;10500.01;1322
1372;2073600;10500.0;1.0;1.0;10500.0;0.01;10500.01;1372
1379;2073600;10500.0;1.0;1.0;10500.0;0.01;10500.01;1379
1389;2073600;10500.0;1.0;1.0;10500.0;0.01;10500.01;1389
1396;2073600;10500.0;1.0;1.0;10500.0;0.01;10500.01;1396
1405;2073600;10500.0;1.0;1.0;10500.0;0.01;10500.01;1405
1440;2073600;10500.0;1.0;1.0;10500.0;0.01;10500.01;1440
1444;2073600;10500.0;1.0;1.0;10500.0;0.01;10500.01;1444
1453;2073600;10500.0;1.0;1.0;10500.0;0.01;10500.01;1453
1494;2073600;10500.0;1.0;1.0;10500.0;0.01;10500.01;1494
1504;2073600;10500.0;1.0;1.0;10500.0;0.01;10500.01;1504
1510;2073600;10500.0;1.0;1.0;10500.0;0.01;10500.01;1510
1516;2073600;10500.0;1.0;1.0;10500.0;0.01;10500.01;1516
1558;2073600;10500.0;1.0;1.0;10500.0;0.01;10500.01;1558
1522;2073600;10500.0;1.0;1.0;10500.0;0.01;10500.01;1522
1528;2073600;10500.0;1.0;1.0;10500.0;0.01;10500.01;1528
1537;2073600;10500.0;1.0;1.0;10500.0;0.01;10500.01;1537
1540;2073600;10500.0;1.0;1.0;10500.0;0.01;10500.01;1540
1546;2073600;10500.0;1.0;1.0;10500.0;0.01;10500.01;1546
1552;2073600;10500.0;1.0;1.0;10500.0;0.01;10500.01;1552
1555;2073600;10500.0;1.0;1.0;10500.0;0.01;10500.01;1555
1561;2073600;10500.0;1.0;1.0;10500.0;0.01;10500.01;1561
1567;2073600;10500.0;1.0;1.0;10500.0;0.01;10500.01;1567
1570;2073600;10500.0;1.0;1.0;10500.0;0.01;10500.01;1570
1579;2073600;10500.0;1.0;1.0;10500.0;0.01;10500.01;1579
1594;2073600;10500.0;1.0;1.0;10500.0;0.01;10500.01;1594
1597;2073600;10500.0;1.0;1.0;10500.0;0.01;10500.01;1597
1600;2073600;10500.0;1.0;1.0;10500.0;0.01;10500.01;1600
1657;2073600;10500.0;1.0;1.0;10500.0;0.01;10500.01;1657
1687;2073600;10500.0;1.0;1.0;10500.0;0.01;10500.01;1687
1708;2073600;10500.0;1.0;1.0;10500.0;0.01;10500.01;1708
1789;2073600;10500.0;1.0;1.0;10500.0;0.01;10500.01;1789
1822;2073600;10500.0;1.0;1.0;10500.0;0.01;10500.01;1822
1837;2073600;10500.0;1.0;1.0;10500.0;0.01;10500.01;1837
1840;2073600;10500.0;1.0;1.0;10500.0;0.01;10500.01;1840
1876;2073600;10500.0;1.0;1.0;10500.0;0.01;10500.01;1876
1888;2073600;10500.0;1.0;1.0;10500.0;0.01;10500.01;1888
1912;2073600;10500.0;1.0;1.0;10500.0;0.01;10500.01;1912
1930;2073600;10500.0;1.0;1.0;10500.0;0.01;10500.01;1930
1936;2073600;10500.0;1.0;1.0;10500.0;0.01;10500.01;1936
1969;2073600;10500.0;1.0;1.0;10500.0;0.01;10500.01;1969
1975;2073600;10500.0;1.0;1.0;10500.0;0.01;10500.01;1975
1981;2073600;10500.0;1.0;1.0;10500.0;0.01;10500.01;1981
2026;2073600;10500.0;1.0;1.0;10500.0;0.01;10500.01;2026
2032;2073600;10500.0;1.0;1.0;10500.0;0.01;10500.01;2032
2038;2073600;10500.0;1.0;1.0;10500.0;0.01;10500.01;2038
2047;2073600;10500.0;1.0;1.0;10500.0;0.01;10500.01;2047
2056;2073600;10500.0;1.0;1.0;10500.0;0.01;10500.01;2056
2074;2073600;10500.0;1.0;1.0;10500.0;0.01;10500.01;2074
2095;2073600;10500.0;1.0;1.0;10500.0;0.01;10500.01;2095
2107;2073600;10500.0;1.0;1.0;10500.0;0.01;10500.01;2107
2113;2073600;10500.0;1.0;1.0;10500.0;0.01;10500.01;2113
2116;2073600;10500.0;1.0;1.0;10500.0;0.01;10500.01;2116
2125;2073600;10500.0;1.0;1.0;10500.0;0.01;10500.01;2125
2128;2073600;10500.0;1.0;1.0;10500.0;0.01;10500.01;2128
2131;2073600;10500.0;1.0;1.0;10500.0;0.01;10500.01;2131
2155;2073600;10500.0;1.0;1.0;10500.0;0.01;10500.01;2155
2170;2073600;10500.0;1.0;1.0;10500.0;0.01;10500.01;2170
2176;2073600;10500.0;1.0;1.0;10500.0;0.01;10500.01;2176
2188;2073600;10500.0;1.0;1.0;10500.0;0.01;10500.01;2188
2191;2073600;10500.0;1.0;1.0;10500.0;0.01;10500.01;2191
2212;2073600;10500.0;1.0;1.0;10500.0;0.01;10500.01;2212
2215;2073600;10500.0;1.0;1.0;10500.0;0.01;10500.01;2215
2224;2073600;10500.0;1.0;1.0;10500.0;0.01;10500.01;2224
2230;2073600;10500.0;1.0;1.0;10500.0;0.01;10500.01;2230
2233;2073600;10500.0;1.0;1.0;10500.0;0.01;10500.01;2233
2236;2073600;10500.0;1.0;1.0;10500.0;0.01;10500.01;2236
2245;2073600;10500.0;1.0;1.0;10500.0;0.01;10500.01;2245
2246;2073600;10500.0;1.0;1.0;10500.0;0.01;10500.01;2246
2248;2073600;10500.0;1.0;1.0;10500.0;0.01;10500.01;2248
2251;2073600;10500.0;1.0;1.0;10500.0;0.01;10500.01;2251
2254;2073600;10500.0;1.0;1.0;10500.0;0.01;10500.01;2254
2257;2073600;10500.0;1.0;1.0;10500.0;0.01;10500.01;2257
2263;2073600;10500.0;1.0;1.0;10500.0;0.01;10500.01;2263
2265;2073600;10500.0;1.0;1.0;10500.0;0.01;10500.01;2265
2268;2073600;10500.0;1.0;1.0;10500.0;0.01;10500.01;2268
2271;2073600;10500.0;1.0;1.0;10500.0;0.01;10500.01;2271
2277;2073600;10500.0;1.0;1.0;10500.0;0.01;10500.01;2277
2280;2073600;10500.0;1.0;1.0;10500.0;0.01;10500.01;2280
2283;2073600;10500.0;1.0;1.0;10500.0;0.01;10500.01;2283
2286;2073600;10500.0;1.0;1.0;10500.0;0.01;10500.01;2286
2289;2073600;10500.0;1.0;1.0;10500.0;0.01;10500.01;2289
2292;2073600;10500.0;1.0;1.0;10500.0;0.01;10500.01;2292
2295;2073600;10500.0;1.0;1.0;10500.0;0.01;10500.01;2295
2304;2073600;10500.0;1.0;1.0;10500.0;0.01;10500.01;2304
2313;2073600;10500.0;1.0;1.0;10500.0;0.01;10500.01;2313
2316;2073600;10500.0;1.0;1.0;10500.0;0.01;10500.01;2316
2319;2073600;10500.0;1.0;1.0;10500.0;0.01;10500.01;2319
2331;2073600;10500.0;1.0;1.0;10500.0;0.01;10500.01;2331
2334;2073600;10500.0;1.0;1.0;10500.0;0.01;10500.01;2334
2337;2073600;10500.0;1.0;1.0;10500.0;0.01;10500.01;2337
2343;2073600;10500.0;1.0;1.0;10500.0;0.01;10500.01;2343
2346;2073600;10500.0;1.0;1.0;10500.0;0.01;10500.01;2346
2349;2073600;10500.0;1.0;1.0;10500.0;0.01;10500.01;2349
2352;2073600;10500.0;1.0;1.0;10500.0;0.01;10500.01;2352
2355;2073600;10500.0;1.0;1.0;10500.0;0.01;10500.01;2355
2361;2073600;10500.0;1.0;1.0;10500.0;0.01;10500.01;2361
2370;2073600;10500.0;1.0;1.0;10500.0;0.01;10500.01;2370
2379;2073600;10500.0;1.0;1.0;10500.0;0.01;10500.01;2379
2382;2073600;10500.0;1.0;1.0;10500.0;0.01;10500.01;2382
2385;2073600;10500.0;1.0;1.0;10500.0;0.01;10500.01;2385
2391;2073600;10500.0;1.0;1.0;10500.0;0.01;10500.01;2391
2394;2073600;10500.0;1.0;1.0;10500.0;0.01;10500.01;2394
2397;2073600;10500.0;1.0;1.0;10500.0;0.01;10500.01;2397
2400;2073600;10500.0;1.0;1.0;10500.0;0.01;10500.01;2400
2403;2073600;10500.0;1.0;1.0;10500.0;0.01;10500.01;2403
2412;2073600;10500.0;1.0;1.0;10500.0;0.01;10500.01;2412
2415;2073600;10500.0;1.0;1.0;10500.0;0.01;10500.01;2415
2424;2073600;10500.0;1.0;1.0;10500.0;0.01;10500.01;2424
2427;2073600;10500.0;1.0;1.0;10500.0;0.01;10500.01;2427
2436;2073600;10500.0;1.0;1.0;10500.0;0.01;10500.01;2436
2442;2073600;10500.0;1.0;1.0;10500.0;0.01;10500.01;2442
2448;2073600;10500.0;1.0;1.0;10500.0;0.01;10500.01;2448
2454;2073600;10500.0;1.0;1.0;10500.0;0.01;10500.01;2454
2466;2073600;10500.0;1.0;1.0;10500.0;0.01;10500.01;2466
2478;2073600;10500.0;1.0;1.0;10500.0;0.01;10500.01;2478
2481;2073600;10500.0;1.0;1.0;10500.0;0.01;10500.01;2481
2484;2073600;10500.0;1.0;1.0;10500.0;0.01;10500.01;2484
2502;2073600;10500.0;1.0;1.0;10500.0;0.01;10500.01;2502
2514;2073600;10500.0;1.0;1.0;10500.0;0.01;10500.01;2514
2517;2073600;10500.0;1.0;1.0;10500.0;0.01;10500.01;2517
2535;2073600;10500.0;1.0;1.0;10500.0;0.01;10500.01;2535
2538;2073600;10500.0;1.0;1.0;10500.0;0.01;10500.01;2538
2541;2073600;10500.0;1.0;1.0;10500.0;0.01;10500.01;2541
2544;2073600;10500.0;1.0;1.0;10500.0;0.01;10500.01;2544
2547;2073600;10500.0;1.0;1.0;10500.0;0.01;10500.01;2547
2551;2073600;10500.0;1.0;1.0;10500.0;0.01;10500.01;2551
2553;2073600;10500.0;1.0;1.0;10500.0;0.01;10500.01;2553
2556;2073600;10500.0;1.0;1.0;10500.0;0.01;10500.01;2556
2559;2073600;10500.0;1.0;1.0;10500.0;0.01;10500.01;2559
2568;2073600;10500.0;1.0;1.0;10500.0;0.01;10500.01;2568
2577;2073600;10500.0;1.0;1.0;10500.0;0.01;10500.01;2577
2580;2073600;10500.0;1.0;1.0;10500.0;0.01;10500.01;2580
2592;2073600;10500.0;1.0;1.0;10500.0;0.01;10500.01;2592
2604;2073600;10500.0;1.0;1.0;10500.0;0.01;10500.01;2604
2613;2073600;10500.0;1.0;1.0;10500.0;0.01;10500.01;2613
2614;2073600;10500.0;1.0;1.0;10500.0;0.01;10500.01;2614
2619;2073600;10500.0;1.0;1.0;10500.0;0.01;10500.01;2619
2628;2073600;10500.0;1.0;1.0;10500.0;0.01;10500.01;2628
2640;2073600;10500.0;1.0;1.0;10500.0;0.01;10500.01;2640
2649;2073600;10500.0;1.0;1.0;10500.0;0.01;10500.01;2649
2652;2073600;10500.0;1.0;1.0;10500.0;0.01;10500.01;2652
2655;2073600;10500.0;1.0;1.0;10500.0;0.01;10500.01;2655
2664;2073600;10500.0;1.0;1.0;10500.0;0.01;10500.01;2664
2667;2073600;10500.0;1.0;1.0;10500.0;0.01;10500.01;2667
2673;2073600;10500.0;1.0;1.0;10500.0;0.01;10500.01;2673
2682;2073600;10500.0;1.0;1.0;10500.0;0.01;10500.01;2682
2685;2073600;10500.0;1.0;1.0;10500.0;0.01;10500.01;2685
5367;2073600;10500.0;1.0;1.0;10500.0;0.01;10500.01;5367
2688;2073600;10500.0;1.0;1.0;10500.0;0.01;10500.01;2688
2691;2073600;10500.0;1.0;1.0;10500.0;0.01;10500.01;2691
2697;2073600;10500.0;1.0;1.0;10500.0;0.01;10500.01;2697
2709;2073600;10500.0;1.0;1.0;10500.0;0.01;10500.01;2709
2727;2073600;10500.0;1.0;1.0;10500.0;0.01;10500.01;2727
2730;2073600;10500.0;1.0;1.0;10500.0;0.01;10500.01;2730
2736;2073600;10500.0;1.0;1.0;10500.0;0.01;10500.01;2736
2766;2073600;10500.0;1.0;1.0;10500.0;0.01;10500.01;2766
2784;2073600;10500.0;1.0;1.0;10500.0;0.01;10500.01;2784
2790;2073600;10500.0;1.0;1.0;10500.0;0.01;10500.01;2790
2793;2073600;10500.0;1.0;1.0;10500.0;0.01;10500.01;2793
2802;2073600;10500.0;1.0;1.0;10500.0;0.01;10500.01;2802
2808;2073600;10500.0;1.0;1.0;10500.0;0.01;10500.01;2808
2826;2073600;10500.0;1.0;1.0;10500.0;0.01;10500.01;2826
2835;2073600;10500.0;1.0;1.0;10500.0;0.01;10500.01;2835
2841;2073600;10500.0;1.0;1.0;10500.0;0.01;10500.01;2841
2847;2073600;10500.0;1.0;1.0;10500.0;0.01;10500.01;2847
2850;2073600;10500.0;1.0;1.0;10500.0;0.01;10500.01;2850
2868;2073600;10500.0;1.0;1.0;10500.0;0.01;10500.01;2868
2883;2073600;10500.0;1.0;1.0;10500.0;0.01;10500.01;2883
2886;2073600;10500.0;1.0;1.0;10500.0;0.01;10500.01;2886
2898;2073600;10500.0;1.0;1.0;10500.0;0.01;10500.01;2898
2913;2073600;10500.0;1.0;1.0;10500.0;0.01;10500.01;2913
2934;2073600;10500.0;1.0;1.0;10500.0;0.01;10500.01;2934
2946;2073600;10500.0;1.0;1.0;10500.0;0.01;10500.01;2946
2958;2073600;10500.0;1.0;1.0;10500.0;0.01;10500.01;2958
2961;2073600;10500.0;1.0;1.0;10500.0;0.01;10500.01;2961
2967;2073600;10500.0;1.0;1.0;10500.0;0.01;10500.01;2967
2970;2073600;10500.0;1.0;1.0;10500.0;0.01;10500.01;2970
2973;2073600;10500.0;1.0;1.0;10500.0;0.01;10500.01;2973
2979;2073600;10500.0;1.0;1.0;10500.0;0.01;10500.01;2979
3000;2073600;10500.0;1.0;1.0;10500.0;0.01;10500.01;3000
3003;2073600;10500.0;1.0;1.0;10500.0;0.01;10500.01;3003
3030;2073600;10500.0;1.0;1.0;10500.0;0.01;10500.01;3030
3042;2073600;10500.0;1.0;1.0;10500.0;0.01;10500.01;3042
3066;2073600;10500.0;1.0;1.0;10500.0;0.01;10500.01;3066
3078;2073600;10500.0;1.0;1.0;10500.0;0.01;10500.01;3078
3084;2073600;10500.0;1.0;1.0;10500.0;0.01;10500.01;3084
3114;2073600;10500.0;1.0;1.0;10500.0;0.01;10500.01;3114
3120;2073600;10500.0;1.0;1.0;10500.0;0.01;10500.01;3120
3126;2073600;10500.0;1.0;1.0;10500.0;0.01;10500.01;3126
3150;2073600;10500.0;1.0;1.0;10500.0;0.01;10500.01;3150
3153;2073600;10500.0;1.0;1.0;10500.0;0.01;10500.01;3153
3156;2073600;10500.0;1.0;1.0;10500.0;0.01;10500.01;3156
3159;2073600;10500.0;1.0;1.0;10500.0;0.01;10500.01;3159
3162;2073600;10500.0;1.0;1.0;10500.0;0.01;10500.01;3162
3165;2073600;10500.0;1.0;1.0;10500.0;0.01;10500.01;3165
3180;2073600;10500.0;1.0;1.0;10500.0;0.01;10500.01;3180
3183;2073600;10500.0;1.0;1.0;10500.0;0.01;10500.01;3183
3192;2073600;10500.0;1.0;1.0;10500.0;0.01;10500.01;3192
3195;2073600;10500.0;1.0;1.0;10500.0;0.01;10500.01;3195
3198;2073600;10500.0;1.0;1.0;10500.0;0.01;10500.01;3198
3201;2073600;10500.0;1.0;1.0;10500.0;0.01;10500.01;3201
3207;2073600;10500.0;1.0;1.0;10500.0;0.01;10500.01;3207
3210;2073600;10500.0;1.0;1.0;10500.0;0.01;10500.01;3210
3213;2073600;10500.0;1.0;1.0;10500.0;0.01;10500.01;3213
3222;2073600;10500.0;1.0;1.0;10500.0;0.01;10500.01;3222
3225;2073600;10500.0;1.0;1.0;10500.0;0.01;10500.01;3225
3228;2073600;10500.0;1.0;1.0;10500.0;0.01;10500.01;3228
3234;2073600;10500.0;1.0;1.0;10500.0;0.01;10500.01;3234
3240;2073600;10500.0;1.0;1.0;10500.0;0.01;10500.01;3240
3243;2073600;10500.0;1.0;1.0;10500.0;0.01;10500.01;3243
3249;2073600;10500.0;1.0;1.0;10500.0;0.01;10500.01;3249
3255;2073600;10500.0;1.0;1.0;10500.0;0.01;10500.01;3255
3258;2073600;10500.0;1.0;1.0;10500.0;0.01;10500.01;3258
3261;2073600;10500.0;1.0;1.0;10500.0;0.01;10500.01;3261
3264;2073600;10500.0;1.0;1.0;10500.0;0.01;10500.01;3264
3267;2073600;10500.0;1.0;1.0;10500.0;0.01;10500.01;3267
3270;2073600;10500.0;1.0;1.0;10500.0;0.01;10500.01;3270
3273;2073600;10500.0;1.0;1.0;10500.0;0.01;10500.01;3273
7192;2073600;10500.0;1.0;1.0;10500.0;0.01;10500.01;7192
3279;2073600;10500.0;1.0;1.0;10500.0;0.01;10500.01;3279
3282;2073600;10500.0;1.0;1.0;10500.0;0.01;10500.01;3282
3288;2073600;10500.0;1.0;1.0;10500.0;0.01;10500.01;3288
3294;2073600;10500.0;1.0;1.0;10500.0;0.01;10500.01;3294
3333;2073600;10500.0;1.0;1.0;10500.0;0.01;10500.01;3333
3381;2073600;10500.0;1.0;1.0;10500.0;0.01;10500.01;3381
3402;2073600;10500.0;1.0;1.0;10500.0;0.01;10500.01;3402
3423;2073600;10500.0;1.0;1.0;10500.0;0.01;10500.01;3423
3462;2073600;10500.0;1.0;1.0;10500.0;0.01;10500.01;3462
3474;2073600;10500.0;1.0;1.0;10500.0;0.01;10500.01;3474
3480;2073600;10500.0;1.0;1.0;10500.0;0.01;10500.01;3480
3495;2073600;10500.0;1.0;1.0;10500.0;0.01;10500.01;3495
3513;2073600;10500.0;1.0;1.0;10500.0;0.01;10500.01;3513
3516;2073600;10500.0;1.0;1.0;10500.0;0.01;10500.01;3516
3522;2073600;10500.0;1.0;1.0;10500.0;0.01;10500.01;3522
3537;2073600;10500.0;1.0;1.0;10500.0;0.01;10500.01;3537
3543;2073600;10500.0;1.0;1.0;10500.0;0.01;10500.01;3543
3546;2073600;10500.0;1.0;1.0;10500.0;0.01;10500.01;3546
3552;2073600;10500.0;1.0;1.0;10500.0;0.01;10500.01;3552
3555;2073600;10500.0;1.0;1.0;10500.0;0.01;10500.01;3555
3561;2073600;10500.0;1.0;1.0;10500.0;0.01;10500.01;3561
3570;2073600;10500.0;1.0;1.0;10500.0;0.01;10500.01;3570
3576;2073600;10500.0;1.0;1.0;10500.0;0.01;10500.01;3576
3579;2073600;10500.0;1.0;1.0;10500.0;0.01;10500.01;3579
3591;2073600;10500.0;1.0;1.0;10500.0;0.01;10500.01;3591
3595;2073600;10500.0;1.0;1.0;10500.0;0.01;10500.01;3595
3600;2073600;10500.0;1.0;1.0;10500.0;0.01;10500.01;3600
3633;2073600;10500.0;1.0;1.0;10500.0;0.01;10500.01;3633
3648;2073600;10500.0;1.0;1.0;10500.0;0.01;10500.01;3648
3666;2073600;10500.0;1.0;1.0;10500.0;0.01;10500.01;3666
3690;2073600;10500.0;1.0;1.0;10500.0;0.01;10500.01;3690
3711;2073600;10500.0;1.0;1.0;10500.0;0.01;10500.01;3711
3720;2073600;10500.0;1.0;1.0;10500.0;0.01;10500.01;3720
3723;2073600;10500.0;1.0;1.0;10500.0;0.01;10500.01;3723
3750;2073600;10500.0;1.0;1.0;10500.0;0.01;10500.01;3750
3771;2073600;10500.0;1.0;1.0;10500.0;0.01;10500.01;3771
3777;2073600;10500.0;1.0;1.0;10500.0;0.01;10500.01;3777
3801;2073600;10500.0;1.0;1.0;10500.0;0.01;10500.01;3801
3819;2073600;10500.0;1.0;1.0;10500.0;0.01;10500.01;3819
3840;2073600;10500.0;1.0;1.0;10500.0;0.01;10500.01;3840
3843;2073600;10500.0;1.0;1.0;10500.0;0.01;10500.01;3843
3852;2073600;10500.0;1.0;1.0;10500.0;0.01;10500.01;3852
3876;2073600;10500.0;1.0;1.0;10500.0;0.01;10500.01;3876
3879;2073600;10500.0;1.0;1.0;10500.0;0.01;10500.01;3879
3882;2073600;10500.0;1.0;1.0;10500.0;0.01;10500.01;3882
3891;2073600;10500.0;1.0;1.0;10500.0;0.01;10500.01;3891
3894;2073600;10500.0;1.0;1.0;10500.0;0.01;10500.01;3894
3897;2073600;10500.0;1.0;1.0;10500.0;0.01;10500.01;3897
3900;2073600;10500.0;1.0;1.0;10500.0;0.01;10500.01;3900
3906;2073600;10500.0;1.0;1.0;10500.0;0.01;10500.01;3906
3912;2073600;10500.0;1.0;1.0;10500.0;0.01;10500.01;3912
3927;2073600;10500.0;1.0;1.0;10500.0;0.01;10500.01;3927
3930;2073600;10500.0;1.0;1.0;10500.0;0.01;10500.01;3930
3933;2073600;10500.0;1.0;1.0;10500.0;0.01;10500.01;3933
3954;2073600;10500.0;1.0;1.0;10500.0;0.01;10500.01;3954
3957;2073600;10500.0;1.0;1.0;10500.0;0.01;10500.01;3957
3966;2073600;10500.0;1.0;1.0;10500.0;0.01;10500.01;3966
3969;2073600;10500.0;1.0;1.0;10500.0;0.01;10500.01;3969
3972;2073600;10500.0;1.0;1.0;10500.0;0.01;10500.01;3972
3981;2073600;10500.0;1.0;1.0;10500.0;0.01;10500.01;3981
3987;2073600;10500.0;1.0;1.0;10500.0;0.01;10500.01;3987
3990;2073600;10500.0;1.0;1.0;10500.0;0.01;10500.01;3990
3999;2073600;10500.0;1.0;1.0;10500.0;0.01;10500.01;3999
4011;2073600;10500.0;1.0;1.0;10500.0;0.01;10500.01;4011
4014;2073600;10500.0;1.0;1.0;10500.0;0.01;10500.01;4014
4023;2073600;10500.0;1.0;1.0;10500.0;0.01;10500.01;4023
4029;2073600;10500.0;1.0;1.0;10500.0;0.01;10500.01;4029
4038;2073600;10500.0;1.0;1.0;10500.0;0.01;10500.01;4038
4041;2073600;10500.0;1.0;1.0;10500.0;0.01;10500.01;4041
4044;2073600;10500.0;1.0;1.0;10500.0;0.01;10500.01;4044
4050;2073600;10500.0;1.0;1.0;10500.0;0.01;10500.01;4050
4056;2073600;10500.0;1.0;1.0;10500.0;0.01;10500.01;4056
4065;2073600;10500.0;1.0;1.0;10500.0;0.01;10500.01;4065
4068;2073600;10500.0;1.0;1.0;10500.0;0.01;10500.01;4068
4074;2073600;10500.0;1.0;1.0;10500.0;0.01;10500.01;4074
4077;2073600;10500.0;1.0;1.0;10500.0;0.01;10500.01;4077
4080;2073600;10500.0;1.0;1.0;10500.0;0.01;10500.01;4080
4086;2073600;10500.0;1.0;1.0;10500.0;0.01;10500.01;4086
4089;2073600;10500.0;1.0;1.0;10500.0;0.01;10500.01;4089
4092;2073600;10500.0;1.0;1.0;10500.0;0.01;10500.01;4092
4101;2073600;10500.0;1.0;1.0;10500.0;0.01;10500.01;4101
4104;2073600;10500.0;1.0;1.0;10500.0;0.01;10500.01;4104
4110;2073600;10500.0;1.0;1.0;10500.0;0.01;10500.01;4110
4113;2073600;10500.0;1.0;1.0;10500.0;0.01;10500.01;4113
4116;2073600;10500.0;1.0;1.0;10500.0;0.01;10500.01;4116
4137;2073600;10500.0;1.0;1.0;10500.0;0.01;10500.01;4137
4146;2073600;10500.0;1.0;1.0;10500.0;0.01;10500.01;4146
4149;2073600;10500.0;1.0;1.0;10500.0;0.01;10500.01;4149
4164;2073600;10500.0;1.0;1.0;10500.0;0.01;10500.01;4164
4173;2073600;10500.0;1.0;1.0;10500.0;0.01;10500.01;4173
4176;2073600;10500.0;1.0;1.0;10500.0;0.01;10500.01;4176
4182;2073600;10500.0;1.0;1.0;10500.0;0.01;10500.01;4182
4188;2073600;10500.0;1.0;1.0;10500.0;0.01;10500.01;4188
4191;2073600;10500.0;1.0;1.0;10500.0;0.01;10500.01;4191
4194;2073600;10500.0;1.0;1.0;10500.0;0.01;10500.01;4194
4200;2073600;10500.0;1.0;1.0;10500.0;0.01;10500.01;4200
4203;2073600;10500.0;1.0;1.0;10500.0;0.01;10500.01;4203
4206;2073600;10500.0;1.0;1.0;10500.0;0.01;10500.01;4206
4221;2073600;10500.0;1.0;1.0;10500.0;0.01;10500.01;4221
4224;2073600;10500.0;1.0;1.0;10500.0;0.01;10500.01;4224
4227;2073600;10500.0;1.0;1.0;10500.0;0.01;10500.01;4227
4230;2073600;10500.0;1.0;1.0;10500.0;0.01;10500.01;4230
4236;2073600;10500.0;1.0;1.0;10500.0;0.01;10500.01;4236
4242;2073600;10500.0;1.0;1.0;10500.0;0.01;10500.01;4242
4245;2073600;10500.0;1.0;1.0;10500.0;0.01;10500.01;4245
4251;2073600;10500.0;1.0;1.0;10500.0;0.01;10500.01;4251
4254;2073600;10500.0;1.0;1.0;10500.0;0.01;10500.01;4254
4257;2073600;10500.0;1.0;1.0;10500.0;0.01;10500.01;4257
4260;2073600;10500.0;1.0;1.0;10500.0;0.01;10500.01;4260
4266;2073600;10500.0;1.0;1.0;10500.0;0.01;10500.01;4266
4284;2073600;10500.0;1.0;1.0;10500.0;0.01;10500.01;4284
4293;2073600;10500.0;1.0;1.0;10500.0;0.01;10500.01;4293
4296;2073600;10500.0;1.0;1.0;10500.0;0.01;10500.01;4296
4305;2073600;10500.0;1.0;1.0;10500.0;0.01;10500.01;4305
4321;2073600;10500.0;1.0;1.0;10500.0;0.01;10500.01;4321
4325;2073600;10500.0;1.0;1.0;10500.0;0.01;10500.01;4325
4324;2073600;10500.0;1.0;1.0;10500.0;0.01;10500.01;4324
4330;2073600;10500.0;1.0;1.0;10500.0;0.01;10500.01;4330
4334;2073600;10500.0;1.0;1.0;10500.0;0.01;10500.01;4334
4395;2073600;10500.0;1.0;1.0;10500.0;0.01;10500.01;4395
4398;2073600;10500.0;1.0;1.0;10500.0;0.01;10500.01;4398
4401;2073600;10500.0;1.0;1.0;10500.0;0.01;10500.01;4401
4404;2073600;10500.0;1.0;1.0;10500.0;0.01;10500.01;4404
4410;2073600;10500.0;1.0;1.0;10500.0;0.01;10500.01;4410
4413;2073600;10500.0;1.0;1.0;10500.0;0.01;10500.01;4413
4416;2073600;10500.0;1.0;1.0;10500.0;0.01;10500.01;4416
4438;2073600;10500.0;1.0;1.0;10500.0;0.01;10500.01;4438
4434;2073600;10500.0;1.0;1.0;10500.0;0.01;10500.01;4434
4437;2073600;10500.0;1.0;1.0;10500.0;0.01;10500.01;4437
4446;2073600;10500.0;1.0;1.0;10500.0;0.01;10500.01;4446
4449;2073600;10500.0;1.0;1.0;10500.0;0.01;10500.01;4449
4452;2073600;10500.0;1.0;1.0;10500.0;0.01;10500.01;4452
4458;2073600;10500.0;1.0;1.0;10500.0;0.01;10500.01;4458
4476;2073600;10500.0;1.0;1.0;10500.0;0.01;10500.01;4476
4479;2073600;10500.0;1.0;1.0;10500.0;0.01;10500.01;4479
4482;2073600;10500.0;1.0;1.0;10500.0;0.01;10500.01;4482
4491;2073600;10500.0;1.0;1.0;10500.0;0.01;10500.01;4491
4494;2073600;10500.0;1.0;1.0;10500.0;0.01;10500.01;4494
4500;2073600;10500.0;1.0;1.0;10500.0;0.01;10500.01;4500
4503;2073600;10500.0;1.0;1.0;10500.0;0.01;10500.01;4503
4518;2073600;10500.0;1.0;1.0;10500.0;0.01;10500.01;4518
4521;2073600;10500.0;1.0;1.0;10500.0;0.01;10500.01;4521
4524;2073600;10500.0;1.0;1.0;10500.0;0.01;10500.01;4524
4527;2073600;10500.0;1.0;1.0;10500.0;0.01;10500.01;4527
4530;2073600;10500.0;1.0;1.0;10500.0;0.01;10500.01;4530
4536;2073600;10500.0;1.0;1.0;10500.0;0.01;10500.01;4536
4539;2073600;10500.0;1.0;1.0;10500.0;0.01;10500.01;4539
4551;2073600;10500.0;1.0;1.0;10500.0;0.01;10500.01;4551
4554;2073600;10500.0;1.0;1.0;10500.0;0.01;10500.01;4554
4565;2073600;10500.0;1.0;1.0;10500.0;0.01;10500.01;4565
4559;2073600;10500.0;1.0;1.0;10500.0;0.01;10500.01;4559
4568;2073600;10500.0;1.0;1.0;10500.0;0.01;10500.01;4568
4580;2073600;10500.0;1.0;1.0;10500.0;0.01;10500.01;4580
4592;2073600;10500.0;1.0;1.0;10500.0;0.01;10500.01;4592
4595;2073600;10500.0;1.0;1.0;10500.0;0.01;10500.01;4595
4598;2073600;10500.0;1.0;1.0;10500.0;0.01;10500.01;4598
4616;2073600;10500.0;1.0;1.0;10500.0;0.01;10500.01;4616
4622;2073600;10500.0;1.0;1.0;10500.0;0.01;10500.01;4622
4625;2073600;10500.0;1.0;1.0;10500.0;0.01;10500.01;4625
4631;2073600;10500.0;1.0;1.0;10500.0;0.01;10500.01;4631
4634;2073600;10500.0;1.0;1.0;10500.0;0.01;10500.01;4634
4640;2073600;10500.0;1.0;1.0;10500.0;0.01;10500.01;4640
4643;2073600;10500.0;1.0;1.0;10500.0;0.01;10500.01;4643
4649;2073600;10500.0;1.0;1.0;10500.0;0.01;10500.01;4649
4652;2073600;10500.0;1.0;1.0;10500.0;0.01;10500.01;4652
4667;2073600;10500.0;1.0;1.0;10500.0;0.01;10500.01;4667
4670;2073600;10500.0;1.0;1.0;10500.0;0.01;10500.01;4670
4685;2073600;10500.0;1.0;1.0;10500.0;0.01;10500.01;4685
4688;2073600;10500.0;1.0;1.0;10500.0;0.01;10500.01;4688
4691;2073600;10500.0;1.0;1.0;10500.0;0.01;10500.01;4691
4703;2073600;10500.0;1.0;1.0;10500.0;0.01;10500.01;4703
4718;2073600;10500.0;1.0;1.0;10500.0;0.01;10500.01;4718
4721;2073600;10500.0;1.0;1.0;10500.0;0.01;10500.01;4721
4727;2073600;10500.0;1.0;1.0;10500.0;0.01;10500.01;4727
4730;2073600;10500.0;1.0;1.0;10500.0;0.01;10500.01;4730
4748;2073600;10500.0;1.0;1.0;10500.0;0.01;10500.01;4748
4751;2073600;10500.0;1.0;1.0;10500.0;0.01;10500.01;4751
4754;2073600;10500.0;1.0;1.0;10500.0;0.01;10500.01;4754
4757;2073600;10500.0;1.0;1.0;10500.0;0.01;10500.01;4757
4760;2073600;10500.0;1.0;1.0;10500.0;0.01;10500.01;4760
4769;2073600;10500.0;1.0;1.0;10500.0;0.01;10500.01;4769
4772;2073600;10500.0;1.0;1.0;10500.0;0.01;10500.01;4772
4775;2073600;10500.0;1.0;1.0;10500.0;0.01;10500.01;4775
4781;2073600;10500.0;1.0;1.0;10500.0;0.01;10500.01;4781
4787;2073600;10500.0;1.0;1.0;10500.0;0.01;10500.01;4787
4790;2073600;10500.0;1.0;1.0;10500.0;0.01;10500.01;4790
4796;2073600;10500.0;1.0;1.0;10500.0;0.01;10500.01;4796
4799;2073600;10500.0;1.0;1.0;10500.0;0.01;10500.01;4799
4802;2073600;10500.0;1.0;1.0;10500.0;0.01;10500.01;4802
4805;2073600;10500.0;1.0;1.0;10500.0;0.01;10500.01;4805
4814;2073600;10500.0;1.0;1.0;10500.0;0.01;10500.01;4814
4817;2073600;10500.0;1.0;1.0;10500.0;0.01;10500.01;4817
4823;2073600;10500.0;1.0;1.0;10500.0;0.01;10500.01;4823
4829;2073600;10500.0;1.0;1.0;10500.0;0.01;10500.01;4829
4835;2073600;10500.0;1.0;1.0;10500.0;0.01;10500.01;4835
4853;2073600;10500.0;1.0;1.0;10500.0;0.01;10500.01;4853
4859;2073600;10500.0;1.0;1.0;10500.0;0.01;10500.01;4859
4865;2073600;10500.0;1.0;1.0;10500.0;0.01;10500.01;4865
4868;2073600;10500.0;1.0;1.0;10500.0;0.01;10500.01;4868
4877;2073600;10500.0;1.0;1.0;10500.0;0.01;10500.01;4877
4880;2073600;10500.0;1.0;1.0;10500.0;0.01;10500.01;4880
4886;2073600;10500.0;1.0;1.0;10500.0;0.01;10500.01;4886
4895;2073600;10500.0;1.0;1.0;10500.0;0.01;10500.01;4895
4901;2073600;10500.0;1.0;1.0;10500.0;0.01;10500.01;4901
4910;2073600;10500.0;1.0;1.0;10500.0;0.01;10500.01;4910
4913;2073600;10500.0;1.0;1.0;10500.0;0.01;10500.01;4913
4976;2073600;10500.0;1.0;1.0;10500.0;0.01;10500.01;4976
4982;2073600;10500.0;1.0;1.0;10500.0;0.01;10500.01;4982
4988;2073600;10500.0;1.0;1.0;10500.0;0.01;10500.01;4988
4991;2073600;10500.0;1.0;1.0;10500.0;0.01;10500.01;4991
5000;2073600;10500.0;1.0;1.0;10500.0;0.01;10500.01;5000
5003;2073600;10500.0;1.0;1.0;10500.0;0.01;10500.01;5003
5021;2073600;10500.0;1.0;1.0;10500.0;0.01;10500.01;5021
5027;2073600;10500.0;1.0;1.0;10500.0;0.01;10500.01;5027
5054;2073600;10500.0;1.0;1.0;10500.0;0.01;10500.01;5054
5060;2073600;10500.0;1.0;1.0;10500.0;0.01;10500.01;5060
5063;2073600;10500.0;1.0;1.0;10500.0;0.01;10500.01;5063
5066;2073600;10500.0;1.0;1.0;10500.0;0.01;10500.01;5066
5072;2073600;10500.0;1.0;1.0;10500.0;0.01;10500.01;5072
5116;2073600;10500.0;1.0;1.0;10500.0;0.01;10500.01;5116
5120;2073600;10500.0;1.0;1.0;10500.0;0.01;10500.01;5120
5123;2073600;10500.0;1.0;1.0;10500.0;0.01;10500.01;5123
5126;2073600;10500.0;1.0;1.0;10500.0;0.01;10500.01;5126
5144;2073600;10500.0;1.0;1.0;10500.0;0.01;10500.01;5144
5150;2073600;10500.0;1.0;1.0;10500.0;0.01;10500.01;5150
5177;2073600;10500.0;1.0;1.0;10500.0;0.01;10500.01;5177
5186;2073600;10500.0;1.0;1.0;10500.0;0.01;10500.01;5186
5210;2073600;10500.0;1.0;1.0;10500.0;0.01;10500.01;5210
5269;2073600;10500.0;1.0;1.0;10500.0;0.01;10500.01;5269
5231;2073600;10500.0;1.0;1.0;10500.0;0.01;10500.01;5231
5235;2073600;10500.0;1.0;1.0;10500.0;0.01;10500.01;5235
5236;2073600;10500.0;1.0;1.0;10500.0;0.01;10500.01;5236
5238;2073600;10500.0;1.0;1.0;10500.0;0.01;10500.01;5238
5241;2073600;10500.0;1.0;1.0;10500.0;0.01;10500.01;5241
5244;2073600;10500.0;1.0;1.0;10500.0;0.01;10500.01;5244
5247;2073600;10500.0;1.0;1.0;10500.0;0.01;10500.01;5247
5250;2073600;10500.0;1.0;1.0;10500.0;0.01;10500.01;5250
5251;2073600;10500.0;1.0;1.0;10500.0;0.01;10500.01;5251
5259;2073600;10500.0;1.0;1.0;10500.0;0.01;10500.01;5259
5265;2073600;10500.0;1.0;1.0;10500.0;0.01;10500.01;5265
5262;2073600;10500.0;1.0;1.0;10500.0;0.01;10500.01;5262
5268;2073600;10500.0;1.0;1.0;10500.0;0.01;10500.01;5268
5271;2073600;10500.0;1.0;1.0;10500.0;0.01;10500.01;5271
5274;2073600;10500.0;1.0;1.0;10500.0;0.01;10500.01;5274
5275;2073600;10500.0;1.0;1.0;10500.0;0.01;10500.01;5275
5280;2073600;10500.0;1.0;1.0;10500.0;0.01;10500.01;5280
5283;2073600;10500.0;1.0;1.0;10500.0;0.01;10500.01;5283
5295;2073600;10500.0;1.0;1.0;10500.0;0.01;10500.01;5295
5298;2073600;10500.0;1.0;1.0;10500.0;0.01;10500.01;5298
5299;2073600;10500.0;1.0;1.0;10500.0;0.01;10500.01;5299
5301;2073600;10500.0;1.0;1.0;10500.0;0.01;10500.01;5301
5308;2073600;10500.0;1.0;1.0;10500.0;0.01;10500.01;5308
5319;2073600;10500.0;1.0;1.0;10500.0;0.01;10500.01;5319
5325;2073600;10500.0;1.0;1.0;10500.0;0.01;10500.01;5325
5326;2073600;10500.0;1.0;1.0;10500.0;0.01;10500.01;5326
5328;2073600;10500.0;1.0;1.0;10500.0;0.01;10500.01;5328
5331;2073600;10500.0;1.0;1.0;10500.0;0.01;10500.01;5331
5334;2073600;10500.0;1.0;1.0;10500.0;0.01;10500.01;5334
5340;2073600;10500.0;1.0;1.0;10500.0;0.01;10500.01;5340
5356;2073600;10500.0;1.0;1.0;10500.0;0.01;10500.01;5356
5346;2073600;10500.0;1.0;1.0;10500.0;0.01;10500.01;5346
5349;2073600;10500.0;1.0;1.0;10500.0;0.01;10500.01;5349
5358;2073600;10500.0;1.0;1.0;10500.0;0.01;10500.01;5358
5365;2073600;10500.0;1.0;1.0;10500.0;0.01;10500.01;5365
5364;2073600;10500.0;1.0;1.0;10500.0;0.01;10500.01;5364
5373;2073600;10500.0;1.0;1.0;10500.0;0.01;10500.01;5373
5374;2073600;10500.0;1.0;1.0;10500.0;0.01;10500.01;5374
5376;2073600;10500.0;1.0;1.0;10500.0;0.01;10500.01;5376
5379;2073600;10500.0;1.0;1.0;10500.0;0.01;10500.01;5379
5385;2073600;10500.0;1.0;1.0;10500.0;0.01;10500.01;5385
5388;2073600;10500.0;1.0;1.0;10500.0;0.01;10500.01;5388
5391;2073600;10500.0;1.0;1.0;10500.0;0.01;10500.01;5391
5395;2073600;10500.0;1.0;1.0;10500.0;0.01;10500.01;5395
5397;2073600;10500.0;1.0;1.0;10500.0;0.01;10500.01;5397
5398;2073600;10500.0;1.0;1.0;10500.0;0.01;10500.01;5398
5400;2073600;10500.0;1.0;1.0;10500.0;0.01;10500.01;5400
5404;2073600;10500.0;1.0;1.0;10500.0;0.01;10500.01;5404
5407;2073600;10500.0;1.0;1.0;10500.0;0.01;10500.01;5407
5415;2073600;10500.0;1.0;1.0;10500.0;0.01;10500.01;5415
5424;2073600;10500.0;1.0;1.0;10500.0;0.01;10500.01;5424
5430;2073600;10500.0;1.0;1.0;10500.0;0.01;10500.01;5430
5431;2073600;10500.0;1.0;1.0;10500.0;0.01;10500.01;5431
5433;2073600;10500.0;1.0;1.0;10500.0;0.01;10500.01;5433
5440;2073600;10500.0;1.0;1.0;10500.0;0.01;10500.01;5440
5436;2073600;10500.0;1.0;1.0;10500.0;0.01;10500.01;5436
5437;2073600;10500.0;1.0;1.0;10500.0;0.01;10500.01;5437
5451;2073600;10500.0;1.0;1.0;10500.0;0.01;10500.01;5451
5452;2073600;10500.0;1.0;1.0;10500.0;0.01;10500.01;5452
5454;2073600;10500.0;1.0;1.0;10500.0;0.01;10500.01;5454
5457;2073600;10500.0;1.0;1.0;10500.0;0.01;10500.01;5457
5460;2073600;10500.0;1.0;1.0;10500.0;0.01;10500.01;5460
5461;2073600;10500.0;1.0;1.0;10500.0;0.01;10500.01;5461
5466;2073600;10500.0;1.0;1.0;10500.0;0.01;10500.01;5466
5478;2073600;10500.0;1.0;1.0;10500.0;0.01;10500.01;5478
5469;2073600;10500.0;1.0;1.0;10500.0;0.01;10500.01;5469
5470;2073600;10500.0;1.0;1.0;10500.0;0.01;10500.01;5470
5472;2073600;10500.0;1.0;1.0;10500.0;0.01;10500.01;5472
5475;2073600;10500.0;1.0;1.0;10500.0;0.01;10500.01;5475
5479;2073600;10500.0;1.0;1.0;10500.0;0.01;10500.01;5479
5529;2073600;10500.0;1.0;1.0;10500.0;0.01;10500.01;5529
5488;2073600;10500.0;1.0;1.0;10500.0;0.01;10500.01;5488
5497;2073600;10500.0;1.0;1.0;10500.0;0.01;10500.01;5497
5499;2073600;10500.0;1.0;1.0;10500.0;0.01;10500.01;5499
5503;2073600;10500.0;1.0;1.0;10500.0;0.01;10500.01;5503
5506;2073600;10500.0;1.0;1.0;10500.0;0.01;10500.01;5506
5509;2073600;10500.0;1.0;1.0;10500.0;0.01;10500.01;5509
5512;2073600;10500.0;1.0;1.0;10500.0;0.01;10500.01;5512
5526;2073600;10500.0;1.0;1.0;10500.0;0.01;10500.01;5526
5530;2073600;10500.0;1.0;1.0;10500.0;0.01;10500.01;5530
5536;2073600;10500.0;1.0;1.0;10500.0;0.01;10500.01;5536
5704;2073600;10500.0;1.0;1.0;10500.0;0.01;10500.01;5704
5550;2073600;10500.0;1.0;1.0;10500.0;0.01;10500.01;5550
5551;2073600;10500.0;1.0;1.0;10500.0;0.01;10500.01;5551
5556;2073600;10500.0;1.0;1.0;10500.0;0.01;10500.01;5556
5559;2073600;10500.0;1.0;1.0;10500.0;0.01;10500.01;5559
5562;2073600;10500.0;1.0;1.0;10500.0;0.01;10500.01;5562
5566;2073600;10500.0;1.0;1.0;10500.0;0.01;10500.01;5566
5568;2073600;10500.0;1.0;1.0;10500.0;0.01;10500.01;5568
5571;2073600;10500.0;1.0;1.0;10500.0;0.01;10500.01;5571
5574;2073600;10500.0;1.0;1.0;10500.0;0.01;10500.01;5574
5580;2073600;10500.0;1.0;1.0;10500.0;0.01;10500.01;5580
5583;2073600;10500.0;1.0;1.0;10500.0;0.01;10500.01;5583
5584;2073600;10500.0;1.0;1.0;10500.0;0.01;10500.01;5584
5593;2073600;10500.0;1.0;1.0;10500.0;0.01;10500.01;5593
5595;2073600;10500.0;1.0;1.0;10500.0;0.01;10500.01;5595
5598;2073600;10500.0;1.0;1.0;10500.0;0.01;10500.01;5598
5599;2073600;10500.0;1.0;1.0;10500.0;0.01;10500.01;5599
5611;2073600;10500.0;1.0;1.0;10500.0;0.01;10500.01;5611
5614;2073600;10500.0;1.0;1.0;10500.0;0.01;10500.01;5614
5616;2073600;10500.0;1.0;1.0;10500.0;0.01;10500.01;5616
5617;2073600;10500.0;1.0;1.0;10500.0;0.01;10500.01;5617
5619;2073600;10500.0;1.0;1.0;10500.0;0.01;10500.01;5619
5622;2073600;10500.0;1.0;1.0;10500.0;0.01;10500.01;5622
5625;2073600;10500.0;1.0;1.0;10500.0;0.01;10500.01;5625
5628;2073600;10500.0;1.0;1.0;10500.0;0.01;10500.01;5628
5634;2073600;10500.0;1.0;1.0;10500.0;0.01;10500.01;5634
5635;2073600;10500.0;1.0;1.0;10500.0;0.01;10500.01;5635
5637;2073600;10500.0;1.0;1.0;10500.0;0.01;10500.01;5637
5641;2073600;10500.0;1.0;1.0;10500.0;0.01;10500.01;5641
5640;2073600;10500.0;1.0;1.0;10500.0;0.01;10500.01;5640
5646;2073600;10500.0;1.0;1.0;10500.0;0.01;10500.01;5646
5647;2073600;10500.0;1.0;1.0;10500.0;0.01;10500.01;5647
5649;2073600;10500.0;1.0;1.0;10500.0;0.01;10500.01;5649
5650;2073600;10500.0;1.0;1.0;10500.0;0.01;10500.01;5650
5655;2073600;10500.0;1.0;1.0;10500.0;0.01;10500.01;5655
5658;2073600;10500.0;1.0;1.0;10500.0;0.01;10500.01;5658
5659;2073600;10500.0;1.0;1.0;10500.0;0.01;10500.01;5659
5661;2073600;10500.0;1.0;1.0;10500.0;0.01;10500.01;5661
5664;2073600;10500.0;1.0;1.0;10500.0;0.01;10500.01;5664
5665;2073600;10500.0;1.0;1.0;10500.0;0.01;10500.01;5665
5667;2073600;10500.0;1.0;1.0;10500.0;0.01;10500.01;5667
5673;2073600;10500.0;1.0;1.0;10500.0;0.01;10500.01;5673
5674;2073600;10500.0;1.0;1.0;10500.0;0.01;10500.01;5674
5676;2073600;10500.0;1.0;1.0;10500.0;0.01;10500.01;5676
5682;2073600;10500.0;1.0;1.0;10500.0;0.01;10500.01;5682
5685;2073600;10500.0;1.0;1.0;10500.0;0.01;10500.01;5685
5688;2073600;10500.0;1.0;1.0;10500.0;0.01;10500.01;5688
5691;2073600;10500.0;1.0;1.0;10500.0;0.01;10500.01;5691
5694;2073600;10500.0;1.0;1.0;10500.0;0.01;10500.01;5694
5697;2073600;10500.0;1.0;1.0;10500.0;0.01;10500.01;5697
5700;2073600;10500.0;1.0;1.0;10500.0;0.01;10500.01;5700
5706;2073600;10500.0;1.0;1.0;10500.0;0.01;10500.01;5706
5707;2073600;10500.0;1.0;1.0;10500.0;0.01;10500.01;5707
5709;2073600;10500.0;1.0;1.0;10500.0;0.01;10500.01;5709
5712;2073600;10500.0;1.0;1.0;10500.0;0.01;10500.01;5712
5713;2073600;10500.0;1.0;1.0;10500.0;0.01;10500.01;5713
5715;2073600;10500.0;1.0;1.0;10500.0;0.01;10500.01;5715
5722;2073600;10500.0;1.0;1.0;10500.0;0.01;10500.01;5722
5730;2073600;10500.0;1.0;1.0;10500.0;0.01;10500.01;5730
5727;2073600;10500.0;1.0;1.0;10500.0;0.01;10500.01;5727
5728;2073600;10500.0;1.0;1.0;10500.0;0.01;10500.01;5728
5737;2073600;10500.0;1.0;1.0;10500.0;0.01;10500.01;5737
5740;2073600;10500.0;1.0;1.0;10500.0;0.01;10500.01;5740
5739;2073600;10500.0;1.0;1.0;10500.0;0.01;10500.01;5739
5742;2073600;10500.0;1.0;1.0;10500.0;0.01;10500.01;5742
5746;2073600;10500.0;1.0;1.0;10500.0;0.01;10500.01;5746
5747;2073600;10500.0;1.0;1.0;10500.0;0.01;10500.01;5747
5748;2073600;10500.0;1.0;1.0;10500.0;0.01;10500.01;5748
5751;2073600;10500.0;1.0;1.0;10500.0;0.01;10500.01;5751
5754;2073600;10500.0;1.0;1.0;10500.0;0.01;10500.01;5754
5755;2073600;10500.0;1.0;1.0;10500.0;0.01;10500.01;5755
5763;2073600;10500.0;1.0;1.0;10500.0;0.01;10500.01;5763
5822;2073600;10500.0;1.0;1.0;10500.0;0.01;10500.01;5822
5834;2073600;10500.0;1.0;1.0;10500.0;0.01;10500.01;5834
5855;2073600;10500.0;1.0;1.0;10500.0;0.01;10500.01;5855
5867;2073600;10500.0;1.0;1.0;10500.0;0.01;10500.01;5867
5882;2073600;10500.0;1.0;1.0;10500.0;0.01;10500.01;5882
5942;2073600;10500.0;1.0;1.0;10500.0;0.01;10500.01;5942
6001;2073600;10500.0;1.0;1.0;10500.0;0.01;10500.01;6001
6082;2073600;10500.0;1.0;1.0;10500.0;0.01;10500.01;6082
6081;2073600;10500.0;1.0;1.0;10500.0;0.01;10500.01;6081
6083;2073600;10500.0;1.0;1.0;10500.0;0.01;10500.01;6083
6088;2073600;10500.0;1.0;1.0;10500.0;0.01;10500.01;6088
6089;2073600;10500.0;1.0;1.0;10500.0;0.01;10500.01;6089
6092;2073600;10500.0;1.0;1.0;10500.0;0.01;10500.01;6092
6094;2073600;10500.0;1.0;1.0;10500.0;0.01;10500.01;6094
6100;2073600;10500.0;1.0;1.0;10500.0;0.01;10500.01;6100
6102;2073600;10500.0;1.0;1.0;10500.0;0.01;10500.01;6102
6103;2073600;10500.0;1.0;1.0;10500.0;0.01;10500.01;6103
6105;2073600;10500.0;1.0;1.0;10500.0;0.01;10500.01;6105
6109;2073600;10500.0;1.0;1.0;10500.0;0.01;10500.01;6109
6644;2073600;10500.0;1.0;1.0;10500.0;0.01;10500.01;6644
6691;2073600;10500.0;1.0;1.0;10500.0;0.01;10500.01;6691
6724;2073600;10500.0;1.0;1.0;10500.0;0.01;10500.01;6724
6730;2073600;10500.0;1.0;1.0;10500.0;0.01;10500.01;6730
6856;2073600;10500.0;1.0;1.0;10500.0;0.01;10500.01;6856
6880;2073600;10500.0;1.0;1.0;10500.0;0.01;10500.01;6880
6883;2073600;10500.0;1.0;1.0;10500.0;0.01;10500.01;6883
6898;2073600;10500.0;1.0;1.0;10500.0;0.01;10500.01;6898
6904;2073600;10500.0;1.0;1.0;10500.0;0.01;10500.01;6904
6916;2073600;10500.0;1.0;1.0;10500.0;0.01;10500.01;6916
6943;2073600;10500.0;1.0;1.0;10500.0;0.01;10500.01;6943
6967;2073600;10500.0;1.0;1.0;10500.0;0.01;10500.01;6967
6970;2073600;10500.0;1.0;1.0;10500.0;0.01;10500.01;6970
6985;2073600;10500.0;1.0;1.0;10500.0;0.01;10500.01;6985
6988;2073600;10500.0;1.0;1.0;10500.0;0.01;10500.01;6988
7000;2073600;10500.0;1.0;1.0;10500.0;0.01;10500.01;7000
7015;2073600;10500.0;1.0;1.0;10500.0;0.01;10500.01;7015
7030;2073600;10500.0;1.0;1.0;10500.0;0.01;10500.01;7030
7036;2073600;10500.0;1.0;1.0;10500.0;0.01;10500.01;7036
7053;2073600;10500.0;1.0;1.0;10500.0;0.01;10500.01;7053
7054;2073600;10500.0;1.0;1.0;10500.0;0.01;10500.01;7054
7060;2073600;10500.0;1.0;1.0;10500.0;0.01;10500.01;7060
7069;2073600;10500.0;1.0;1.0;10500.0;0.01;10500.01;7069
7090;2073600;10500.0;1.0;1.0;10500.0;0.01;10500.01;7090
7108;2073600;10500.0;1.0;1.0;10500.0;0.01;10500.01;7108
7111;2073600;10500.0;1.0;1.0;10500.0;0.01;10500.01;7111
7135;2073600;10500.0;1.0;1.0;10500.0;0.01;10500.01;7135
7141;2073600;10500.0;1.0;1.0;10500.0;0.01;10500.01;7141
7142;2073600;10500.0;1.0;1.0;10500.0;0.01;10500.01;7142
7153;2073600;10500.0;1.0;1.0;10500.0;0.01;10500.01;7153
7156;2073600;10500.0;1.0;1.0;10500.0;0.01;10500.01;7156
7155;2073600;10500.0;1.0;1.0;10500.0;0.01;10500.01;7155
7159;2073600;10500.0;1.0;1.0;10500.0;0.01;10500.01;7159
7160;2073600;10500.0;1.0;1.0;10500.0;0.01;10500.01;7160
7165;2073600;10500.0;1.0;1.0;10500.0;0.01;10500.01;7165
7168;2073600;10500.0;1.0;1.0;10500.0;0.01;10500.01;7168
7183;2073600;10500.0;1.0;1.0;10500.0;0.01;10500.01;7183
7198;2073600;10500.0;1.0;1.0;10500.0;0.01;10500.01;7198
7273;2073600;10500.0;1.0;1.0;10500.0;0.01;10500.01;7273
7279;2073600;10500.0;1.0;1.0;10500.0;0.01;10500.01;7279
7282;2073600;10500.0;1.0;1.0;10500.0;0.01;10500.01;7282
7285;2073600;10500.0;1.0;1.0;10500.0;0.01;10500.01;7285
7288;2073600;10500.0;1.0;1.0;10500.0;0.01;10500.01;7288
7291;2073600;10500.0;1.0;1.0;10500.0;0.01;10500.01;7291
7303;2073600;10500.0;1.0;1.0;10500.0;0.01;10500.01;7303
7309;2073600;10500.0;1.0;1.0;10500.0;0.01;10500.01;7309
7315;2073600;10500.0;1.0;1.0;10500.0;0.01;10500.01;7315
7321;2073600;10500.0;1.0;1.0;10500.0;0.01;10500.01;7321
7327;2073600;10500.0;1.0;1.0;10500.0;0.01;10500.01;7327
7345;2073600;10500.0;1.0;1.0;10500.0;0.01;10500.01;7345
7360;2073600;10500.0;1.0;1.0;10500.0;0.01;10500.01;7360
7363;2073600;10500.0;1.0;1.0;10500.0;0.01;10500.01;7363
7369;2073600;10500.0;1.0;1.0;10500.0;0.01;10500.01;7369
7378;2073600;10500.0;1.0;1.0;10500.0;0.01;10500.01;7378
7420;2073600;10500.0;1.0;1.0;10500.0;0.01;10500.01;7420
7426;2073600;10500.0;1.0;1.0;10500.0;0.01;10500.01;7426
7432;2073600;10500.0;1.0;1.0;10500.0;0.01;10500.01;7432
7459;2073600;10500.0;1.0;1.0;10500.0;0.01;10500.01;7459
7477;2073600;10500.0;1.0;1.0;10500.0;0.01;10500.01;7477
7483;2073600;10500.0;1.0;1.0;10500.0;0.01;10500.01;7483
7489;2073600;10500.0;1.0;1.0;10500.0;0.01;10500.01;7489
7507;2073600;10500.0;1.0;1.0;10500.0;0.01;10500.01;7507
7513;2073600;10500.0;1.0;1.0;10500.0;0.01;10500.01;7513
7540;2073600;10500.0;1.0;1.0;10500.0;0.01;10500.01;7540
7549;2073600;10500.0;1.0;1.0;10500.0;0.01;10500.01;7549
7555;2073600;10500.0;1.0;1.0;10500.0;0.01;10500.01;7555
7564;2073600;10500.0;1.0;1.0;10500.0;0.01;10500.01;7564
7588;2073600;10500.0;1.0;1.0;10500.0;0.01;10500.01;7588
7606;2073600;10500.0;1.0;1.0;10500.0;0.01;10500.01;7606
7621;2073600;10500.0;1.0;1.0;10500.0;0.01;10500.01;7621
7639;2073600;10500.0;1.0;1.0;10500.0;0.01;10500.01;7639
7645;2073600;10500.0;1.0;1.0;10500.0;0.01;10500.01;7645
7663;2073600;10500.0;1.0;1.0;10500.0;0.01;10500.01;7663
7681;2073600;10500.0;1.0;1.0;10500.0;0.01;10500.01;7681
7699;2073600;10500.0;1.0;1.0;10500.0;0.01;10500.01;7699
7744;2073600;10500.0;1.0;1.0;10500.0;0.01;10500.01;7744
8255;2073600;10500.0;1.0;1.0;10500.0;0.01;10500.01;8255
7762;2073600;10500.0;1.0;1.0;10500.0;0.01;10500.01;7762
7783;2073600;10500.0;1.0;1.0;10500.0;0.01;10500.01;7783
7789;2073600;10500.0;1.0;1.0;10500.0;0.01;10500.01;7789
7822;2073600;10500.0;1.0;1.0;10500.0;0.01;10500.01;7822
7840;2073600;10500.0;1.0;1.0;10500.0;0.01;10500.01;7840
7849;2073600;10500.0;1.0;1.0;10500.0;0.01;10500.01;7849
7870;2073600;10500.0;1.0;1.0;10500.0;0.01;10500.01;7870
7879;2073600;10500.0;1.0;1.0;10500.0;0.01;10500.01;7879
7897;2073600;10500.0;1.0;1.0;10500.0;0.01;10500.01;7897
7903;2073600;10500.0;1.0;1.0;10500.0;0.01;10500.01;7903
7918;2073600;10500.0;1.0;1.0;10500.0;0.01;10500.01;7918
0;2073600;10800.0;1.0;1.0;10800.0;0.01;10800.01;0
3;2073600;10800.0;1.0;1.0;10800.0;0.01;10800.01;3
6;2073600;10800.0;1.0;1.0;10800.0;0.01;10800.01;6
22;2073600;10800.0;1.0;1.0;10800.0;0.01;10800.01;22
8;2073600;10800.0;1.0;1.0;10800.0;0.01;10800.01;8
13;2073600;10800.0;1.0;1.0;10800.0;0.01;10800.01;13
16;2073600;10800.0;1.0;1.0;10800.0;0.01;10800.01;16
19;2073600;10800.0;1.0;1.0;10800.0;0.01;10800.01;19
25;2073600;10800.0;1.0;1.0;10800.0;0.01;10800.01;25
28;2073600;10800.0;1.0;1.0;10800.0;0.01;10800.01;28
31;2073600;10800.0;1.0;1.0;10800.0;0.01;10800.01;31
34;2073600;10800.0;1.0;1.0;10800.0;0.01;10800.01;34
37;2073600;10800.0;1.0;1.0;10800.0;0.01;10800.01;37
40;2073600;10800.0;1.0;1.0;10800.0;0.01;10800.01;40
43;2073600;10800.0;1.0;1.0;10800.0;0.01;10800.01;43
46;2073600;10800.0;1.0;1.0;10800.0;0.01;10800.01;46
52;2073600;10800.0;1.0;1.0;10800.0;0.01;10800.01;52
55;2073600;10800.0;1.0;1.0;10800.0;0.01;10800.01;55
58;2073600;10800.0;1.0;1.0;10800.0;0.01;10800.01;58
61;2073600;10800.0;1.0;1.0;10800.0;0.01;10800.01;61
64;2073600;10800.0;1.0;1.0;10800.0;0.01;10800.01;64
67;2073600;10800.0;1.0;1.0;10800.0;0.01;10800.01;67
70;2073600;10800.0;1.0;1.0;10800.0;0.01;10800.01;70
73;2073600;10800.0;1.0;1.0;10800.0;0.01;10800.01;73
76;2073600;10800.0;1.0;1.0;10800.0;0.01;10800.01;76
79;2073600;10800.0;1.0;1.0;10800.0;0.01;10800.01;79
91;2073600;10800.0;1.0;1.0;10800.0;0.01;10800.01;91
94;2073600;10800.0;1.0;1.0;10800.0;0.01;10800.01;94
97;2073600;10800.0;1.0;1.0;10800.0;0.01;10800.01;97
103;2073600;10800.0;1.0;1.0;10800.0;0.01;10800.01;103
106;2073600;10800.0;1.0;1.0;10800.0;0.01;10800.01;106
109;2073600;10800.0;1.0;1.0;10800.0;0.01;10800.01;109
118;2073600;10800.0;1.0;1.0;10800.0;0.01;10800.01;118
121;2073600;10800.0;1.0;1.0;10800.0;0.01;10800.01;121
124;2073600;10800.0;1.0;1.0;10800.0;0.01;10800.01;124
127;2073600;10800.0;1.0;1.0;10800.0;0.01;10800.01;127
130;2073600;10800.0;1.0;1.0;10800.0;0.01;10800.01;130
133;2073600;10800.0;1.0;1.0;10800.0;0.01;10800.01;133
136;2073600;10800.0;1.0;1.0;10800.0;0.01;10800.01;136
139;2073600;10800.0;1.0;1.0;10800.0;0.01;10800.01;139
145;2073600;10800.0;1.0;1.0;10800.0;0.01;10800.01;145
148;2073600;10800.0;1.0;1.0;10800.0;0.01;10800.01;148
154;2073600;10800.0;1.0;1.0;10800.0;0.01;10800.01;154
157;2073600;10800.0;1.0;1.0;10800.0;0.01;10800.01;157
160;2073600;10800.0;1.0;1.0;10800.0;0.01;10800.01;160
166;2073600;10800.0;1.0;1.0;10800.0;0.01;10800.01;166
169;2073600;10800.0;1.0;1.0;10800.0;0.01;10800.01;169
172;2073600;10800.0;1.0;1.0;10800.0;0.01;10800.01;172
175;2073600;10800.0;1.0;1.0;10800.0;0.01;10800.01;175
178;2073600;10800.0;1.0;1.0;10800.0;0.01;10800.01;178
181;2073600;10800.0;1.0;1.0;10800.0;0.01;10800.01;181
184;2073600;10800.0;1.0;1.0;10800.0;0.01;10800.01;184
187;2073600;10800.0;1.0;1.0;10800.0;0.01;10800.01;187
190;2073600;10800.0;1.0;1.0;10800.0;0.01;10800.01;190
193;2073600;10800.0;1.0;1.0;10800.0;0.01;10800.01;193
199;2073600;10800.0;1.0;1.0;10800.0;0.01;10800.01;199
202;2073600;10800.0;1.0;1.0;10800.0;0.01;10800.01;202
208;2073600;10800.0;1.0;1.0;10800.0;0.01;10800.01;208
211;2073600;10800.0;1.0;1.0;10800.0;0.01;10800.01;211
214;2073600;10800.0;1.0;1.0;10800.0;0.01;10800.01;214
217;2073600;10800.0;1.0;1.0;10800.0;0.01;10800.01;217
220;2073600;10800.0;1.0;1.0;10800.0;0.01;10800.01;220
223;2073600;10800.0;1.0;1.0;10800.0;0.01;10800.01;223
226;2073600;10800.0;1.0;1.0;10800.0;0.01;10800.01;226
229;2073600;10800.0;1.0;1.0;10800.0;0.01;10800.01;229
235;2073600;10800.0;1.0;1.0;10800.0;0.01;10800.01;235
238;2073600;10800.0;1.0;1.0;10800.0;0.01;10800.01;238
241;2073600;10800.0;1.0;1.0;10800.0;0.01;10800.01;241
781;2073600;10800.0;1.0;1.0;10800.0;0.01;10800.01;781
247;2073600;10800.0;1.0;1.0;10800.0;0.01;10800.01;247
250;2073600;10800.0;1.0;1.0;10800.0;0.01;10800.01;250
253;2073600;10800.0;1.0;1.0;10800.0;0.01;10800.01;253
256;2073600;10800.0;1.0;1.0;10800.0;0.01;10800.01;256
279;2073600;10800.0;1.0;1.0;10800.0;0.01;10800.01;279
282;2073600;10800.0;1.0;1.0;10800.0;0.01;10800.01;282
290;2073600;10800.0;1.0;1.0;10800.0;0.01;10800.01;290
291;2073600;10800.0;1.0;1.0;10800.0;0.01;10800.01;291
299;2073600;10800.0;1.0;1.0;10800.0;0.01;10800.01;299
302;2073600;10800.0;1.0;1.0;10800.0;0.01;10800.01;302
303;2073600;10800.0;1.0;1.0;10800.0;0.01;10800.01;303
314;2073600;10800.0;1.0;1.0;10800.0;0.01;10800.01;314
315;2073600;10800.0;1.0;1.0;10800.0;0.01;10800.01;315
323;2073600;10800.0;1.0;1.0;10800.0;0.01;10800.01;323
326;2073600;10800.0;1.0;1.0;10800.0;0.01;10800.01;326
329;2073600;10800.0;1.0;1.0;10800.0;0.01;10800.01;329
341;2073600;10800.0;1.0;1.0;10800.0;0.01;10800.01;341
367;2073600;10800.0;1.0;1.0;10800.0;0.01;10800.01;367
373;2073600;10800.0;1.0;1.0;10800.0;0.01;10800.01;373
376;2073600;10800.0;1.0;1.0;10800.0;0.01;10800.01;376
379;2073600;10800.0;1.0;1.0;10800.0;0.01;10800.01;379
382;2073600;10800.0;1.0;1.0;10800.0;0.01;10800.01;382
385;2073600;10800.0;1.0;1.0;10800.0;0.01;10800.01;385
394;2073600;10800.0;1.0;1.0;10800.0;0.01;10800.01;394
412;2073600;10800.0;1.0;1.0;10800.0;0.01;10800.01;412
418;2073600;10800.0;1.0;1.0;10800.0;0.01;10800.01;418
424;2073600;10800.0;1.0;1.0;10800.0;0.01;10800.01;424
436;2073600;10800.0;1.0;1.0;10800.0;0.01;10800.01;436
451;2073600;10800.0;1.0;1.0;10800.0;0.01;10800.01;451
457;2073600;10800.0;1.0;1.0;10800.0;0.01;10800.01;457
475;2073600;10800.0;1.0;1.0;10800.0;0.01;10800.01;475
478;2073600;10800.0;1.0;1.0;10800.0;0.01;10800.01;478
482;2073600;10800.0;1.0;1.0;10800.0;0.01;10800.01;482
494;2073600;10800.0;1.0;1.0;10800.0;0.01;10800.01;494
506;2073600;10800.0;1.0;1.0;10800.0;0.01;10800.01;506
511;2073600;10800.0;1.0;1.0;10800.0;0.01;10800.01;511
514;2073600;10800.0;1.0;1.0;10800.0;0.01;10800.01;514
523;2073600;10800.0;1.0;1.0;10800.0;0.01;10800.01;523
529;2073600;10800.0;1.0;1.0;10800.0;0.01;10800.01;529
541;2073600;10800.0;1.0;1.0;10800.0;0.01;10800.01;541
547;2073600;10800.0;1.0;1.0;10800.0;0.01;10800.01;547
553;2073600;10800.0;1.0;1.0;10800.0;0.01;10800.01;553
562;2073600;10800.0;1.0;1.0;10800.0;0.01;10800.01;562
577;2073600;10800.0;1.0;1.0;10800.0;0.01;10800.01;577
583;2073600;10800.0;1.0;1.0;10800.0;0.01;10800.01;583
586;2073600;10800.0;1.0;1.0;10800.0;0.01;10800.01;586
592;2073600;10800.0;1.0;1.0;10800.0;0.01;10800.01;592
595;2073600;10800.0;1.0;1.0;10800.0;0.01;10800.01;595
601;2073600;10800.0;1.0;1.0;10800.0;0.01;10800.01;601
604;2073600;10800.0;1.0;1.0;10800.0;0.01;10800.01;604
610;2073600;10800.0;1.0;1.0;10800.0;0.01;10800.01;610
616;2073600;10800.0;1.0;1.0;10800.0;0.01;10800.01;616
628;2073600;10800.0;1.0;1.0;10800.0;0.01;10800.01;628
631;2073600;10800.0;1.0;1.0;10800.0;0.01;10800.01;631
634;2073600;10800.0;1.0;1.0;10800.0;0.01;10800.01;634
640;2073600;10800.0;1.0;1.0;10800.0;0.01;10800.01;640
652;2073600;10800.0;1.0;1.0;10800.0;0.01;10800.01;652
676;2073600;10800.0;1.0;1.0;10800.0;0.01;10800.01;676
682;2073600;10800.0;1.0;1.0;10800.0;0.01;10800.01;682
691;2073600;10800.0;1.0;1.0;10800.0;0.01;10800.01;691
694;2073600;10800.0;1.0;1.0;10800.0;0.01;10800.01;694
697;2073600;10800.0;1.0;1.0;10800.0;0.01;10800.01;697
700;2073600;10800.0;1.0;1.0;10800.0;0.01;10800.01;700
703;2073600;10800.0;1.0;1.0;10800.0;0.01;10800.01;703
709;2073600;10800.0;1.0;1.0;10800.0;0.01;10800.01;709
712;2073600;10800.0;1.0;1.0;10800.0;0.01;10800.01;712
715;2073600;10800.0;1.0;1.0;10800.0;0.01;10800.01;715
721;2073600;10800.0;1.0;1.0;10800.0;0.01;10800.01;721
733;2073600;10800.0;1.0;1.0;10800.0;0.01;10800.01;733
739;2073600;10800.0;1.0;1.0;10800.0;0.01;10800.01;739
742;2073600;10800.0;1.0;1.0;10800.0;0.01;10800.01;742
748;2073600;10800.0;1.0;1.0;10800.0;0.01;10800.01;748
754;2073600;10800.0;1.0;1.0;10800.0;0.01;10800.01;754
766;2073600;10800.0;1.0;1.0;10800.0;0.01;10800.01;766
772;2073600;10800.0;1.0;1.0;10800.0;0.01;10800.01;772
784;2073600;10800.0;1.0;1.0;10800.0;0.01;10800.01;784
787;2073600;10800.0;1.0;1.0;10800.0;0.01;10800.01;787
790;2073600;10800.0;1.0;1.0;10800.0;0.01;10800.01;790
802;2073600;10800.0;1.0;1.0;10800.0;0.01;10800.01;802
805;2073600;10800.0;1.0;1.0;10800.0;0.01;10800.01;805
865;2073600;10800.0;1.0;1.0;10800.0;0.01;10800.01;865
814;2073600;10800.0;1.0;1.0;10800.0;0.01;10800.01;814
817;2073600;10800.0;1.0;1.0;10800.0;0.01;10800.01;817
820;2073600;10800.0;1.0;1.0;10800.0;0.01;10800.01;820
823;2073600;10800.0;1.0;1.0;10800.0;0.01;10800.01;823
829;2073600;10800.0;1.0;1.0;10800.0;0.01;10800.01;829
838;2073600;10800.0;1.0;1.0;10800.0;0.01;10800.01;838
841;2073600;10800.0;1.0;1.0;10800.0;0.01;10800.01;841
847;2073600;10800.0;1.0;1.0;10800.0;0.01;10800.01;847
856;2073600;10800.0;1.0;1.0;10800.0;0.01;10800.01;856
862;2073600;10800.0;1.0;1.0;10800.0;0.01;10800.01;862
871;2073600;10800.0;1.0;1.0;10800.0;0.01;10800.01;871
877;2073600;10800.0;1.0;1.0;10800.0;0.01;10800.01;877
880;2073600;10800.0;1.0;1.0;10800.0;0.01;10800.01;880
889;2073600;10800.0;1.0;1.0;10800.0;0.01;10800.01;889
892;2073600;10800.0;1.0;1.0;10800.0;0.01;10800.01;892
895;2073600;10800.0;1.0;1.0;10800.0;0.01;10800.01;895
901;2073600;10800.0;1.0;1.0;10800.0;0.01;10800.01;901
907;2073600;10800.0;1.0;1.0;10800.0;0.01;10800.01;907
910;2073600;10800.0;1.0;1.0;10800.0;0.01;10800.01;910
913;2073600;10800.0;1.0;1.0;10800.0;0.01;10800.01;913
916;2073600;10800.0;1.0;1.0;10800.0;0.01;10800.01;916
925;2073600;10800.0;1.0;1.0;10800.0;0.01;10800.01;925
928;2073600;10800.0;1.0;1.0;10800.0;0.01;10800.01;928
934;2073600;10800.0;1.0;1.0;10800.0;0.01;10800.01;934
937;2073600;10800.0;1.0;1.0;10800.0;0.01;10800.01;937
967;2073600;10800.0;1.0;1.0;10800.0;0.01;10800.01;967
970;2073600;10800.0;1.0;1.0;10800.0;0.01;10800.01;970
982;2073600;10800.0;1.0;1.0;10800.0;0.01;10800.01;982
985;2073600;10800.0;1.0;1.0;10800.0;0.01;10800.01;985
991;2073600;10800.0;1.0;1.0;10800.0;0.01;10800.01;991
1000;2073600;10800.0;1.0;1.0;10800.0;0.01;10800.01;1000
1009;2073600;10800.0;1.0;1.0;10800.0;0.01;10800.01;1009
1015;2073600;10800.0;1.0;1.0;10800.0;0.01;10800.01;1015
1024;2073600;10800.0;1.0;1.0;10800.0;0.01;10800.01;1024
1060;2073600;10800.0;1.0;1.0;10800.0;0.01;10800.01;1060
1027;2073600;10800.0;1.0;1.0;10800.0;0.01;10800.01;1027
1030;2073600;10800.0;1.0;1.0;10800.0;0.01;10800.01;1030
1033;2073600;10800.0;1.0;1.0;10800.0;0.01;10800.01;1033
1039;2073600;10800.0;1.0;1.0;10800.0;0.01;10800.01;1039
1042;2073600;10800.0;1.0;1.0;10800.0;0.01;10800.01;1042
1045;2073600;10800.0;1.0;1.0;10800.0;0.01;10800.01;1045
1048;2073600;10800.0;1.0;1.0;10800.0;0.01;10800.01;1048
1051;2073600;10800.0;1.0;1.0;10800.0;0.01;10800.01;1051
1054;2073600;10800.0;1.0;1.0;10800.0;0.01;10800.01;1054
1057;2073600;10800.0;1.0;1.0;10800.0;0.01;10800.01;1057
1066;2073600;10800.0;1.0;1.0;10800.0;0.01;10800.01;1066
1069;2073600;10800.0;1.0;1.0;10800.0;0.01;10800.01;1069
1072;2073600;10800.0;1.0;1.0;10800.0;0.01;10800.01;1072
1078;2073600;10800.0;1.0;1.0;10800.0;0.01;10800.01;1078
1081;2073600;10800.0;1.0;1.0;10800.0;0.01;10800.01;1081
1084;2073600;10800.0;1.0;1.0;10800.0;0.01;10800.01;1084
1090;2073600;10800.0;1.0;1.0;10800.0;0.01;10800.01;1090
1096;2073600;10800.0;1.0;1.0;10800.0;0.01;10800.01;1096
1099;2073600;10800.0;1.0;1.0;10800.0;0.01;10800.01;1099
1102;2073600;10800.0;1.0;1.0;10800.0;0.01;10800.01;1102
1105;2073600;10800.0;1.0;1.0;10800.0;0.01;10800.01;1105
1108;2073600;10800.0;1.0;1.0;10800.0;0.01;10800.01;1108
1111;2073600;10800.0;1.0;1.0;10800.0;0.01;10800.01;1111
1123;2073600;10800.0;1.0;1.0;10800.0;0.01;10800.01;1123
1126;2073600;10800.0;1.0;1.0;10800.0;0.01;10800.01;1126
1129;2073600;10800.0;1.0;1.0;10800.0;0.01;10800.01;1129
1135;2073600;10800.0;1.0;1.0;10800.0;0.01;10800.01;1135
1147;2073600;10800.0;1.0;1.0;10800.0;0.01;10800.01;1147
1156;2073600;10800.0;1.0;1.0;10800.0;0.01;10800.01;1156
1159;2073600;10800.0;1.0;1.0;10800.0;0.01;10800.01;1159
1162;2073600;10800.0;1.0;1.0;10800.0;0.01;10800.01;1162
1165;2073600;10800.0;1.0;1.0;10800.0;0.01;10800.01;1165
1172;2073600;10800.0;1.0;1.0;10800.0;0.01;10800.01;1172
1184;2073600;10800.0;1.0;1.0;10800.0;0.01;10800.01;1184
1208;2073600;10800.0;1.0;1.0;10800.0;0.01;10800.01;1208
1217;2073600;10800.0;1.0;1.0;10800.0;0.01;10800.01;1217
1226;2073600;10800.0;1.0;1.0;10800.0;0.01;10800.01;1226
1236;2073600;10800.0;1.0;1.0;10800.0;0.01;10800.01;1236
1238;2073600;10800.0;1.0;1.0;10800.0;0.01;10800.01;1238
1245;2073600;10800.0;1.0;1.0;10800.0;0.01;10800.01;1245
1248;2073600;10800.0;1.0;1.0;10800.0;0.01;10800.01;1248
1251;2073600;10800.0;1.0;1.0;10800.0;0.01;10800.01;1251
1253;2073600;10800.0;1.0;1.0;10800.0;0.01;10800.01;1253
1268;2073600;10800.0;1.0;1.0;10800.0;0.01;10800.01;1268
1274;2073600;10800.0;1.0;1.0;10800.0;0.01;10800.01;1274
1308;2073600;10800.0;1.0;1.0;10800.0;0.01;10800.01;1308
1323;2073600;10800.0;1.0;1.0;10800.0;0.01;10800.01;1323
1325;2073600;10800.0;1.0;1.0;10800.0;0.01;10800.01;1325
1332;2073600;10800.0;1.0;1.0;10800.0;0.01;10800.01;1332
1346;2073600;10800.0;1.0;1.0;10800.0;0.01;10800.01;1346
1350;2073600;10800.0;1.0;1.0;10800.0;0.01;10800.01;1350
1365;2073600;10800.0;1.0;1.0;10800.0;0.01;10800.01;1365
1374;2073600;10800.0;1.0;1.0;10800.0;0.01;10800.01;1374
1741;2073600;10800.0;1.0;1.0;10800.0;0.01;10800.01;1741
1403;2073600;10800.0;1.0;1.0;10800.0;0.01;10800.01;1403
1422;2073600;10800.0;1.0;1.0;10800.0;0.01;10800.01;1422
1436;2073600;10800.0;1.0;1.0;10800.0;0.01;10800.01;1436
1442;2073600;10800.0;1.0;1.0;10800.0;0.01;10800.01;1442
1457;2073600;10800.0;1.0;1.0;10800.0;0.01;10800.01;1457
1460;2073600;10800.0;1.0;1.0;10800.0;0.01;10800.01;1460
1466;2073600;10800.0;1.0;1.0;10800.0;0.01;10800.01;1466
1479;2073600;10800.0;1.0;1.0;10800.0;0.01;10800.01;1479
1484;2073600;10800.0;1.0;1.0;10800.0;0.01;10800.01;1484
1493;2073600;10800.0;1.0;1.0;10800.0;0.01;10800.01;1493
1501;2073600;10800.0;1.0;1.0;10800.0;0.01;10800.01;1501
1519;2073600;10800.0;1.0;1.0;10800.0;0.01;10800.01;1519
1534;2073600;10800.0;1.0;1.0;10800.0;0.01;10800.01;1534
1549;2073600;10800.0;1.0;1.0;10800.0;0.01;10800.01;1549
1573;2073600;10800.0;1.0;1.0;10800.0;0.01;10800.01;1573
1576;2073600;10800.0;1.0;1.0;10800.0;0.01;10800.01;1576
1585;2073600;10800.0;1.0;1.0;10800.0;0.01;10800.01;1585
1591;2073600;10800.0;1.0;1.0;10800.0;0.01;10800.01;1591
1601;2073600;10800.0;1.0;1.0;10800.0;0.01;10800.01;1601
1603;2073600;10800.0;1.0;1.0;10800.0;0.01;10800.01;1603
1606;2073600;10800.0;1.0;1.0;10800.0;0.01;10800.01;1606
1609;2073600;10800.0;1.0;1.0;10800.0;0.01;10800.01;1609
1612;2073600;10800.0;1.0;1.0;10800.0;0.01;10800.01;1612
1615;2073600;10800.0;1.0;1.0;10800.0;0.01;10800.01;1615
1618;2073600;10800.0;1.0;1.0;10800.0;0.01;10800.01;1618
1621;2073600;10800.0;1.0;1.0;10800.0;0.01;10800.01;1621
1624;2073600;10800.0;1.0;1.0;10800.0;0.01;10800.01;1624
1627;2073600;10800.0;1.0;1.0;10800.0;0.01;10800.01;1627
1636;2073600;10800.0;1.0;1.0;10800.0;0.01;10800.01;1636
1639;2073600;10800.0;1.0;1.0;10800.0;0.01;10800.01;1639
1642;2073600;10800.0;1.0;1.0;10800.0;0.01;10800.01;1642
1645;2073600;10800.0;1.0;1.0;10800.0;0.01;10800.01;1645
1648;2073600;10800.0;1.0;1.0;10800.0;0.01;10800.01;1648
1651;2073600;10800.0;1.0;1.0;10800.0;0.01;10800.01;1651
1654;2073600;10800.0;1.0;1.0;10800.0;0.01;10800.01;1654
1660;2073600;10800.0;1.0;1.0;10800.0;0.01;10800.01;1660
1666;2073600;10800.0;1.0;1.0;10800.0;0.01;10800.01;1666
1669;2073600;10800.0;1.0;1.0;10800.0;0.01;10800.01;1669
1672;2073600;10800.0;1.0;1.0;10800.0;0.01;10800.01;1672
1675;2073600;10800.0;1.0;1.0;10800.0;0.01;10800.01;1675
1678;2073600;10800.0;1.0;1.0;10800.0;0.01;10800.01;1678
1681;2073600;10800.0;1.0;1.0;10800.0;0.01;10800.01;1681
1684;2073600;10800.0;1.0;1.0;10800.0;0.01;10800.01;1684
1690;2073600;10800.0;1.0;1.0;10800.0;0.01;10800.01;1690
1693;2073600;10800.0;1.0;1.0;10800.0;0.01;10800.01;1693
1699;2073600;10800.0;1.0;1.0;10800.0;0.01;10800.01;1699
1705;2073600;10800.0;1.0;1.0;10800.0;0.01;10800.01;1705
1714;2073600;10800.0;1.0;1.0;10800.0;0.01;10800.01;1714
1717;2073600;10800.0;1.0;1.0;10800.0;0.01;10800.01;1717
1720;2073600;10800.0;1.0;1.0;10800.0;0.01;10800.01;1720
1723;2073600;10800.0;1.0;1.0;10800.0;0.01;10800.01;1723
1729;2073600;10800.0;1.0;1.0;10800.0;0.01;10800.01;1729
1732;2073600;10800.0;1.0;1.0;10800.0;0.01;10800.01;1732
1735;2073600;10800.0;1.0;1.0;10800.0;0.01;10800.01;1735
1747;2073600;10800.0;1.0;1.0;10800.0;0.01;10800.01;1747
1750;2073600;10800.0;1.0;1.0;10800.0;0.01;10800.01;1750
1753;2073600;10800.0;1.0;1.0;10800.0;0.01;10800.01;1753
1756;2073600;10800.0;1.0;1.0;10800.0;0.01;10800.01;1756
1762;2073600;10800.0;1.0;1.0;10800.0;0.01;10800.01;1762
1765;2073600;10800.0;1.0;1.0;10800.0;0.01;10800.01;1765
1771;2073600;10800.0;1.0;1.0;10800.0;0.01;10800.01;1771
1774;2073600;10800.0;1.0;1.0;10800.0;0.01;10800.01;1774
1777;2073600;10800.0;1.0;1.0;10800.0;0.01;10800.01;1777
1780;2073600;10800.0;1.0;1.0;10800.0;0.01;10800.01;1780
1783;2073600;10800.0;1.0;1.0;10800.0;0.01;10800.01;1783
1792;2073600;10800.0;1.0;1.0;10800.0;0.01;10800.01;1792
1795;2073600;10800.0;1.0;1.0;10800.0;0.01;10800.01;1795
1798;2073600;10800.0;1.0;1.0;10800.0;0.01;10800.01;1798
1810;2073600;10800.0;1.0;1.0;10800.0;0.01;10800.01;1810
1813;2073600;10800.0;1.0;1.0;10800.0;0.01;10800.01;1813
1816;2073600;10800.0;1.0;1.0;10800.0;0.01;10800.01;1816
1819;2073600;10800.0;1.0;1.0;10800.0;0.01;10800.01;1819
1828;2073600;10800.0;1.0;1.0;10800.0;0.01;10800.01;1828
1831;2073600;10800.0;1.0;1.0;10800.0;0.01;10800.01;1831
1834;2073600;10800.0;1.0;1.0;10800.0;0.01;10800.01;1834
1843;2073600;10800.0;1.0;1.0;10800.0;0.01;10800.01;1843
1849;2073600;10800.0;1.0;1.0;10800.0;0.01;10800.01;1849
1852;2073600;10800.0;1.0;1.0;10800.0;0.01;10800.01;1852
1855;2073600;10800.0;1.0;1.0;10800.0;0.01;10800.01;1855
1858;2073600;10800.0;1.0;1.0;10800.0;0.01;10800.01;1858
1861;2073600;10800.0;1.0;1.0;10800.0;0.01;10800.01;1861
1864;2073600;10800.0;1.0;1.0;10800.0;0.01;10800.01;1864
1867;2073600;10800.0;1.0;1.0;10800.0;0.01;10800.01;1867
1871;2073600;10800.0;1.0;1.0;10800.0;0.01;10800.01;1871
1873;2073600;10800.0;1.0;1.0;10800.0;0.01;10800.01;1873
1879;2073600;10800.0;1.0;1.0;10800.0;0.01;10800.01;1879
1885;2073600;10800.0;1.0;1.0;10800.0;0.01;10800.01;1885
1891;2073600;10800.0;1.0;1.0;10800.0;0.01;10800.01;1891
1894;2073600;10800.0;1.0;1.0;10800.0;0.01;10800.01;1894
1897;2073600;10800.0;1.0;1.0;10800.0;0.01;10800.01;1897
1903;2073600;10800.0;1.0;1.0;10800.0;0.01;10800.01;1903
1906;2073600;10800.0;1.0;1.0;10800.0;0.01;10800.01;1906
1909;2073600;10800.0;1.0;1.0;10800.0;0.01;10800.01;1909
1915;2073600;10800.0;1.0;1.0;10800.0;0.01;10800.01;1915
1918;2073600;10800.0;1.0;1.0;10800.0;0.01;10800.01;1918
1921;2073600;10800.0;1.0;1.0;10800.0;0.01;10800.01;1921
1924;2073600;10800.0;1.0;1.0;10800.0;0.01;10800.01;1924
1927;2073600;10800.0;1.0;1.0;10800.0;0.01;10800.01;1927
1933;2073600;10800.0;1.0;1.0;10800.0;0.01;10800.01;1933
1942;2073600;10800.0;1.0;1.0;10800.0;0.01;10800.01;1942
1945;2073600;10800.0;1.0;1.0;10800.0;0.01;10800.01;1945
1948;2073600;10800.0;1.0;1.0;10800.0;0.01;10800.01;1948
1951;2073600;10800.0;1.0;1.0;10800.0;0.01;10800.01;1951
1954;2073600;10800.0;1.0;1.0;10800.0;0.01;10800.01;1954
1957;2073600;10800.0;1.0;1.0;10800.0;0.01;10800.01;1957
1960;2073600;10800.0;1.0;1.0;10800.0;0.01;10800.01;1960
1963;2073600;10800.0;1.0;1.0;10800.0;0.01;10800.01;1963
1966;2073600;10800.0;1.0;1.0;10800.0;0.01;10800.01;1966
1972;2073600;10800.0;1.0;1.0;10800.0;0.01;10800.01;1972
1984;2073600;10800.0;1.0;1.0;10800.0;0.01;10800.01;1984
1990;2073600;10800.0;1.0;1.0;10800.0;0.01;10800.01;1990
1993;2073600;10800.0;1.0;1.0;10800.0;0.01;10800.01;1993
1996;2073600;10800.0;1.0;1.0;10800.0;0.01;10800.01;1996
1999;2073600;10800.0;1.0;1.0;10800.0;0.01;10800.01;1999
2002;2073600;10800.0;1.0;1.0;10800.0;0.01;10800.01;2002
2005;2073600;10800.0;1.0;1.0;10800.0;0.01;10800.01;2005
2008;2073600;10800.0;1.0;1.0;10800.0;0.01;10800.01;2008
2011;2073600;10800.0;1.0;1.0;10800.0;0.01;10800.01;2011
2014;2073600;10800.0;1.0;1.0;10800.0;0.01;10800.01;2014
2017;2073600;10800.0;1.0;1.0;10800.0;0.01;10800.01;2017
2020;2073600;10800.0;1.0;1.0;10800.0;0.01;10800.01;2020
2023;2073600;10800.0;1.0;1.0;10800.0;0.01;10800.01;2023
2041;2073600;10800.0;1.0;1.0;10800.0;0.01;10800.01;2041
2044;2073600;10800.0;1.0;1.0;10800.0;0.01;10800.01;2044
2050;2073600;10800.0;1.0;1.0;10800.0;0.01;10800.01;2050
2053;2073600;10800.0;1.0;1.0;10800.0;0.01;10800.01;2053
2059;2073600;10800.0;1.0;1.0;10800.0;0.01;10800.01;2059
2062;2073600;10800.0;1.0;1.0;10800.0;0.01;10800.01;2062
2065;2073600;10800.0;1.0;1.0;10800.0;0.01;10800.01;2065
2068;2073600;10800.0;1.0;1.0;10800.0;0.01;10800.01;2068
2071;2073600;10800.0;1.0;1.0;10800.0;0.01;10800.01;2071
2077;2073600;10800.0;1.0;1.0;10800.0;0.01;10800.01;2077
2080;2073600;10800.0;1.0;1.0;10800.0;0.01;10800.01;2080
2083;2073600;10800.0;1.0;1.0;10800.0;0.01;10800.01;2083
2086;2073600;10800.0;1.0;1.0;10800.0;0.01;10800.01;2086
2089;2073600;10800.0;1.0;1.0;10800.0;0.01;10800.01;2089
2098;2073600;10800.0;1.0;1.0;10800.0;0.01;10800.01;2098
2101;2073600;10800.0;1.0;1.0;10800.0;0.01;10800.01;2101
2104;2073600;10800.0;1.0;1.0;10800.0;0.01;10800.01;2104
2110;2073600;10800.0;1.0;1.0;10800.0;0.01;10800.01;2110
2119;2073600;10800.0;1.0;1.0;10800.0;0.01;10800.01;2119
2122;2073600;10800.0;1.0;1.0;10800.0;0.01;10800.01;2122
2134;2073600;10800.0;1.0;1.0;10800.0;0.01;10800.01;2134
2137;2073600;10800.0;1.0;1.0;10800.0;0.01;10800.01;2137
2140;2073600;10800.0;1.0;1.0;10800.0;0.01;10800.01;2140
2143;2073600;10800.0;1.0;1.0;10800.0;0.01;10800.01;2143
2146;2073600;10800.0;1.0;1.0;10800.0;0.01;10800.01;2146
2149;2073600;10800.0;1.0;1.0;10800.0;0.01;10800.01;2149
2152;2073600;10800.0;1.0;1.0;10800.0;0.01;10800.01;2152
2158;2073600;10800.0;1.0;1.0;10800.0;0.01;10800.01;2158
2161;2073600;10800.0;1.0;1.0;10800.0;0.01;10800.01;2161
2164;2073600;10800.0;1.0;1.0;10800.0;0.01;10800.01;2164
2167;2073600;10800.0;1.0;1.0;10800.0;0.01;10800.01;2167
2173;2073600;10800.0;1.0;1.0;10800.0;0.01;10800.01;2173
2179;2073600;10800.0;1.0;1.0;10800.0;0.01;10800.01;2179
2182;2073600;10800.0;1.0;1.0;10800.0;0.01;10800.01;2182
2185;2073600;10800.0;1.0;1.0;10800.0;0.01;10800.01;2185
2194;2073600;10800.0;1.0;1.0;10800.0;0.01;10800.01;2194
2200;2073600;10800.0;1.0;1.0;10800.0;0.01;10800.01;2200
2203;2073600;10800.0;1.0;1.0;10800.0;0.01;10800.01;2203
2206;2073600;10800.0;1.0;1.0;10800.0;0.01;10800.01;2206
2209;2073600;10800.0;1.0;1.0;10800.0;0.01;10800.01;2209
2218;2073600;10800.0;1.0;1.0;10800.0;0.01;10800.01;2218
2307;2073600;10800.0;1.0;1.0;10800.0;0.01;10800.01;2307
2310;2073600;10800.0;1.0;1.0;10800.0;0.01;10800.01;2310
2325;2073600;10800.0;1.0;1.0;10800.0;0.01;10800.01;2325
2328;2073600;10800.0;1.0;1.0;10800.0;0.01;10800.01;2328
2340;2073600;10800.0;1.0;1.0;10800.0;0.01;10800.01;2340
2354;2073600;10800.0;1.0;1.0;10800.0;0.01;10800.01;2354
2364;2073600;10800.0;1.0;1.0;10800.0;0.01;10800.01;2364
2367;2073600;10800.0;1.0;1.0;10800.0;0.01;10800.01;2367
2373;2073600;10800.0;1.0;1.0;10800.0;0.01;10800.01;2373
2409;2073600;10800.0;1.0;1.0;10800.0;0.01;10800.01;2409
2421;2073600;10800.0;1.0;1.0;10800.0;0.01;10800.01;2421
2433;2073600;10800.0;1.0;1.0;10800.0;0.01;10800.01;2433
2439;2073600;10800.0;1.0;1.0;10800.0;0.01;10800.01;2439
2445;2073600;10800.0;1.0;1.0;10800.0;0.01;10800.01;2445
2451;2073600;10800.0;1.0;1.0;10800.0;0.01;10800.01;2451
2457;2073600;10800.0;1.0;1.0;10800.0;0.01;10800.01;2457
2460;2073600;10800.0;1.0;1.0;10800.0;0.01;10800.01;2460
2469;2073600;10800.0;1.0;1.0;10800.0;0.01;10800.01;2469
2472;2073600;10800.0;1.0;1.0;10800.0;0.01;10800.01;2472
2475;2073600;10800.0;1.0;1.0;10800.0;0.01;10800.01;2475
2487;2073600;10800.0;1.0;1.0;10800.0;0.01;10800.01;2487
2490;2073600;10800.0;1.0;1.0;10800.0;0.01;10800.01;2490
2493;2073600;10800.0;1.0;1.0;10800.0;0.01;10800.01;2493
2496;2073600;10800.0;1.0;1.0;10800.0;0.01;10800.01;2496
2499;2073600;10800.0;1.0;1.0;10800.0;0.01;10800.01;2499
2505;2073600;10800.0;1.0;1.0;10800.0;0.01;10800.01;2505
2508;2073600;10800.0;1.0;1.0;10800.0;0.01;10800.01;2508
2511;2073600;10800.0;1.0;1.0;10800.0;0.01;10800.01;2511
2523;2073600;10800.0;1.0;1.0;10800.0;0.01;10800.01;2523
2526;2073600;10800.0;1.0;1.0;10800.0;0.01;10800.01;2526
2532;2073600;10800.0;1.0;1.0;10800.0;0.01;10800.01;2532
2583;2073600;10800.0;1.0;1.0;10800.0;0.01;10800.01;2583
2589;2073600;10800.0;1.0;1.0;10800.0;0.01;10800.01;2589
2595;2073600;10800.0;1.0;1.0;10800.0;0.01;10800.01;2595
2601;2073600;10800.0;1.0;1.0;10800.0;0.01;10800.01;2601
2607;2073600;10800.0;1.0;1.0;10800.0;0.01;10800.01;2607
2625;2073600;10800.0;1.0;1.0;10800.0;0.01;10800.01;2625
2631;2073600;10800.0;1.0;1.0;10800.0;0.01;10800.01;2631
2643;2073600;10800.0;1.0;1.0;10800.0;0.01;10800.01;2643
2661;2073600;10800.0;1.0;1.0;10800.0;0.01;10800.01;2661
2695;2073600;10800.0;1.0;1.0;10800.0;0.01;10800.01;2695
2700;2073600;10800.0;1.0;1.0;10800.0;0.01;10800.01;2700
2715;2073600;10800.0;1.0;1.0;10800.0;0.01;10800.01;2715
2724;2073600;10800.0;1.0;1.0;10800.0;0.01;10800.01;2724
2732;2073600;10800.0;1.0;1.0;10800.0;0.01;10800.01;2732
2739;2073600;10800.0;1.0;1.0;10800.0;0.01;10800.01;2739
2742;2073600;10800.0;1.0;1.0;10800.0;0.01;10800.01;2742
2745;2073600;10800.0;1.0;1.0;10800.0;0.01;10800.01;2745
2748;2073600;10800.0;1.0;1.0;10800.0;0.01;10800.01;2748
2760;2073600;10800.0;1.0;1.0;10800.0;0.01;10800.01;2760
2763;2073600;10800.0;1.0;1.0;10800.0;0.01;10800.01;2763
2769;2073600;10800.0;1.0;1.0;10800.0;0.01;10800.01;2769
2772;2073600;10800.0;1.0;1.0;10800.0;0.01;10800.01;2772
2775;2073600;10800.0;1.0;1.0;10800.0;0.01;10800.01;2775
2778;2073600;10800.0;1.0;1.0;10800.0;0.01;10800.01;2778
2781;2073600;10800.0;1.0;1.0;10800.0;0.01;10800.01;2781
2787;2073600;10800.0;1.0;1.0;10800.0;0.01;10800.01;2787
2799;2073600;10800.0;1.0;1.0;10800.0;0.01;10800.01;2799
2805;2073600;10800.0;1.0;1.0;10800.0;0.01;10800.01;2805
2811;2073600;10800.0;1.0;1.0;10800.0;0.01;10800.01;2811
2817;2073600;10800.0;1.0;1.0;10800.0;0.01;10800.01;2817
2820;2073600;10800.0;1.0;1.0;10800.0;0.01;10800.01;2820
2823;2073600;10800.0;1.0;1.0;10800.0;0.01;10800.01;2823
2829;2073600;10800.0;1.0;1.0;10800.0;0.01;10800.01;2829
2832;2073600;10800.0;1.0;1.0;10800.0;0.01;10800.01;2832
2838;2073600;10800.0;1.0;1.0;10800.0;0.01;10800.01;2838
2844;2073600;10800.0;1.0;1.0;10800.0;0.01;10800.01;2844
2853;2073600;10800.0;1.0;1.0;10800.0;0.01;10800.01;2853
2856;2073600;10800.0;1.0;1.0;10800.0;0.01;10800.01;2856
2859;2073600;10800.0;1.0;1.0;10800.0;0.01;10800.01;2859
2862;2073600;10800.0;1.0;1.0;10800.0;0.01;10800.01;2862
2865;2073600;10800.0;1.0;1.0;10800.0;0.01;10800.01;2865
2871;2073600;10800.0;1.0;1.0;10800.0;0.01;10800.01;2871
2877;2073600;10800.0;1.0;1.0;10800.0;0.01;10800.01;2877
2880;2073600;10800.0;1.0;1.0;10800.0;0.01;10800.01;2880
2889;2073600;10800.0;1.0;1.0;10800.0;0.01;10800.01;2889
2892;2073600;10800.0;1.0;1.0;10800.0;0.01;10800.01;2892
2895;2073600;10800.0;1.0;1.0;10800.0;0.01;10800.01;2895
2901;2073600;10800.0;1.0;1.0;10800.0;0.01;10800.01;2901
2904;2073600;10800.0;1.0;1.0;10800.0;0.01;10800.01;2904
2907;2073600;10800.0;1.0;1.0;10800.0;0.01;10800.01;2907
2910;2073600;10800.0;1.0;1.0;10800.0;0.01;10800.01;2910
2916;2073600;10800.0;1.0;1.0;10800.0;0.01;10800.01;2916
2919;2073600;10800.0;1.0;1.0;10800.0;0.01;10800.01;2919
2925;2073600;10800.0;1.0;1.0;10800.0;0.01;10800.01;2925
2937;2073600;10800.0;1.0;1.0;10800.0;0.01;10800.01;2937
2943;2073600;10800.0;1.0;1.0;10800.0;0.01;10800.01;2943
2952;2073600;10800.0;1.0;1.0;10800.0;0.01;10800.01;2952
2955;2073600;10800.0;1.0;1.0;10800.0;0.01;10800.01;2955
2964;2073600;10800.0;1.0;1.0;10800.0;0.01;10800.01;2964
2976;2073600;10800.0;1.0;1.0;10800.0;0.01;10800.01;2976
2985;2073600;10800.0;1.0;1.0;10800.0;0.01;10800.01;2985
2997;2073600;10800.0;1.0;1.0;10800.0;0.01;10800.01;2997
3006;2073600;10800.0;1.0;1.0;10800.0;0.01;10800.01;3006
3009;2073600;10800.0;1.0;1.0;10800.0;0.01;10800.01;3009
3012;2073600;10800.0;1.0;1.0;10800.0;0.01;10800.01;3012
3015;2073600;10800.0;1.0;1.0;10800.0;0.01;10800.01;3015
3018;2073600;10800.0;1.0;1.0;10800.0;0.01;10800.01;3018
3021;2073600;10800.0;1.0;1.0;10800.0;0.01;10800.01;3021
3027;2073600;10800.0;1.0;1.0;10800.0;0.01;10800.01;3027
3033;2073600;10800.0;1.0;1.0;10800.0;0.01;10800.01;3033
3036;2073600;10800.0;1.0;1.0;10800.0;0.01;10800.01;3036
3039;2073600;10800.0;1.0;1.0;10800.0;0.01;10800.01;3039
3045;2073600;10800.0;1.0;1.0;10800.0;0.01;10800.01;3045
3048;2073600;10800.0;1.0;1.0;10800.0;0.01;10800.01;3048
3051;2073600;10800.0;1.0;1.0;10800.0;0.01;10800.01;3051
3054;2073600;10800.0;1.0;1.0;10800.0;0.01;10800.01;3054
3060;2073600;10800.0;1.0;1.0;10800.0;0.01;10800.01;3060
3069;2073600;10800.0;1.0;1.0;10800.0;0.01;10800.01;3069
3075;2073600;10800.0;1.0;1.0;10800.0;0.01;10800.01;3075
3081;2073600;10800.0;1.0;1.0;10800.0;0.01;10800.01;3081
3087;2073600;10800.0;1.0;1.0;10800.0;0.01;10800.01;3087
3090;2073600;10800.0;1.0;1.0;10800.0;0.01;10800.01;3090
3096;2073600;10800.0;1.0;1.0;10800.0;0.01;10800.01;3096
3099;2073600;10800.0;1.0;1.0;10800.0;0.01;10800.01;3099
3102;2073600;10800.0;1.0;1.0;10800.0;0.01;10800.01;3102
3105;2073600;10800.0;1.0;1.0;10800.0;0.01;10800.01;3105
3108;2073600;10800.0;1.0;1.0;10800.0;0.01;10800.01;3108
3111;2073600;10800.0;1.0;1.0;10800.0;0.01;10800.01;3111
3117;2073600;10800.0;1.0;1.0;10800.0;0.01;10800.01;3117
3123;2073600;10800.0;1.0;1.0;10800.0;0.01;10800.01;3123
3132;2073600;10800.0;1.0;1.0;10800.0;0.01;10800.01;3132
3138;2073600;10800.0;1.0;1.0;10800.0;0.01;10800.01;3138
3141;2073600;10800.0;1.0;1.0;10800.0;0.01;10800.01;3141
3144;2073600;10800.0;1.0;1.0;10800.0;0.01;10800.01;3144
3147;2073600;10800.0;1.0;1.0;10800.0;0.01;10800.01;3147
3168;2073600;10800.0;1.0;1.0;10800.0;0.01;10800.01;3168
3177;2073600;10800.0;1.0;1.0;10800.0;0.01;10800.01;3177
3189;2073600;10800.0;1.0;1.0;10800.0;0.01;10800.01;3189
3204;2073600;10800.0;1.0;1.0;10800.0;0.01;10800.01;3204
3216;2073600;10800.0;1.0;1.0;10800.0;0.01;10800.01;3216
3219;2073600;10800.0;1.0;1.0;10800.0;0.01;10800.01;3219
3252;2073600;10800.0;1.0;1.0;10800.0;0.01;10800.01;3252
3274;2073600;10800.0;1.0;1.0;10800.0;0.01;10800.01;3274
3276;2073600;10800.0;1.0;1.0;10800.0;0.01;10800.01;3276
3285;2073600;10800.0;1.0;1.0;10800.0;0.01;10800.01;3285
3291;2073600;10800.0;1.0;1.0;10800.0;0.01;10800.01;3291
3297;2073600;10800.0;1.0;1.0;10800.0;0.01;10800.01;3297
3300;2073600;10800.0;1.0;1.0;10800.0;0.01;10800.01;3300
3303;2073600;10800.0;1.0;1.0;10800.0;0.01;10800.01;3303
3306;2073600;10800.0;1.0;1.0;10800.0;0.01;10800.01;3306
3309;2073600;10800.0;1.0;1.0;10800.0;0.01;10800.01;3309
3312;2073600;10800.0;1.0;1.0;10800.0;0.01;10800.01;3312
3315;2073600;10800.0;1.0;1.0;10800.0;0.01;10800.01;3315
3318;2073600;10800.0;1.0;1.0;10800.0;0.01;10800.01;3318
3324;2073600;10800.0;1.0;1.0;10800.0;0.01;10800.01;3324
3327;2073600;10800.0;1.0;1.0;10800.0;0.01;10800.01;3327
3330;2073600;10800.0;1.0;1.0;10800.0;0.01;10800.01;3330
3339;2073600;10800.0;1.0;1.0;10800.0;0.01;10800.01;3339
3342;2073600;10800.0;1.0;1.0;10800.0;0.01;10800.01;3342
3345;2073600;10800.0;1.0;1.0;10800.0;0.01;10800.01;3345
3348;2073600;10800.0;1.0;1.0;10800.0;0.01;10800.01;3348
3351;2073600;10800.0;1.0;1.0;10800.0;0.01;10800.01;3351
3357;2073600;10800.0;1.0;1.0;10800.0;0.01;10800.01;3357
3360;2073600;10800.0;1.0;1.0;10800.0;0.01;10800.01;3360
3363;2073600;10800.0;1.0;1.0;10800.0;0.01;10800.01;3363
3366;2073600;10800.0;1.0;1.0;10800.0;0.01;10800.01;3366
3369;2073600;10800.0;1.0;1.0;10800.0;0.01;10800.01;3369
3375;2073600;10800.0;1.0;1.0;10800.0;0.01;10800.01;3375
3378;2073600;10800.0;1.0;1.0;10800.0;0.01;10800.01;3378
3384;2073600;10800.0;1.0;1.0;10800.0;0.01;10800.01;3384
3387;2073600;10800.0;1.0;1.0;10800.0;0.01;10800.01;3387
3390;2073600;10800.0;1.0;1.0;10800.0;0.01;10800.01;3390
3393;2073600;10800.0;1.0;1.0;10800.0;0.01;10800.01;3393
3399;2073600;10800.0;1.0;1.0;10800.0;0.01;10800.01;3399
3408;2073600;10800.0;1.0;1.0;10800.0;0.01;10800.01;3408
3411;2073600;10800.0;1.0;1.0;10800.0;0.01;10800.01;3411
3414;2073600;10800.0;1.0;1.0;10800.0;0.01;10800.01;3414
3417;2073600;10800.0;1.0;1.0;10800.0;0.01;10800.01;3417
3420;2073600;10800.0;1.0;1.0;10800.0;0.01;10800.01;3420
3426;2073600;10800.0;1.0;1.0;10800.0;0.01;10800.01;3426
3429;2073600;10800.0;1.0;1.0;10800.0;0.01;10800.01;3429
3432;2073600;10800.0;1.0;1.0;10800.0;0.01;10800.01;3432
3435;2073600;10800.0;1.0;1.0;10800.0;0.01;10800.01;3435
3438;2073600;10800.0;1.0;1.0;10800.0;0.01;10800.01;3438
3441;2073600;10800.0;1.0;1.0;10800.0;0.01;10800.01;3441
3444;2073600;10800.0;1.0;1.0;10800.0;0.01;10800.01;3444
3447;2073600;10800.0;1.0;1.0;10800.0;0.01;10800.01;3447
3450;2073600;10800.0;1.0;1.0;10800.0;0.01;10800.01;3450
3453;2073600;10800.0;1.0;1.0;10800.0;0.01;10800.01;3453
3456;2073600;10800.0;1.0;1.0;10800.0;0.01;10800.01;3456
3459;2073600;10800.0;1.0;1.0;10800.0;0.01;10800.01;3459
3465;2073600;10800.0;1.0;1.0;10800.0;0.01;10800.01;3465
3468;2073600;10800.0;1.0;1.0;10800.0;0.01;10800.01;3468
3471;2073600;10800.0;1.0;1.0;10800.0;0.01;10800.01;3471
3477;2073600;10800.0;1.0;1.0;10800.0;0.01;10800.01;3477
3483;2073600;10800.0;1.0;1.0;10800.0;0.01;10800.01;3483
3486;2073600;10800.0;1.0;1.0;10800.0;0.01;10800.01;3486
3489;2073600;10800.0;1.0;1.0;10800.0;0.01;10800.01;3489
3504;2073600;10800.0;1.0;1.0;10800.0;0.01;10800.01;3504
3507;2073600;10800.0;1.0;1.0;10800.0;0.01;10800.01;3507
3519;2073600;10800.0;1.0;1.0;10800.0;0.01;10800.01;3519
3525;2073600;10800.0;1.0;1.0;10800.0;0.01;10800.01;3525
3528;2073600;10800.0;1.0;1.0;10800.0;0.01;10800.01;3528
3531;2073600;10800.0;1.0;1.0;10800.0;0.01;10800.01;3531
3534;2073600;10800.0;1.0;1.0;10800.0;0.01;10800.01;3534
3540;2073600;10800.0;1.0;1.0;10800.0;0.01;10800.01;3540
3549;2073600;10800.0;1.0;1.0;10800.0;0.01;10800.01;3549
3558;2073600;10800.0;1.0;1.0;10800.0;0.01;10800.01;3558
3564;2073600;10800.0;1.0;1.0;10800.0;0.01;10800.01;3564
3567;2073600;10800.0;1.0;1.0;10800.0;0.01;10800.01;3567
3573;2073600;10800.0;1.0;1.0;10800.0;0.01;10800.01;3573
3582;2073600;10800.0;1.0;1.0;10800.0;0.01;10800.01;3582
3585;2073600;10800.0;1.0;1.0;10800.0;0.01;10800.01;3585
3588;2073600;10800.0;1.0;1.0;10800.0;0.01;10800.01;3588
3597;2073600;10800.0;1.0;1.0;10800.0;0.01;10800.01;3597
3603;2073600;10800.0;1.0;1.0;10800.0;0.01;10800.01;3603
3606;2073600;10800.0;1.0;1.0;10800.0;0.01;10800.01;3606
3609;2073600;10800.0;1.0;1.0;10800.0;0.01;10800.01;3609
3612;2073600;10800.0;1.0;1.0;10800.0;0.01;10800.01;3612
3615;2073600;10800.0;1.0;1.0;10800.0;0.01;10800.01;3615
3618;2073600;10800.0;1.0;1.0;10800.0;0.01;10800.01;3618
3624;2073600;10800.0;1.0;1.0;10800.0;0.01;10800.01;3624
3627;2073600;10800.0;1.0;1.0;10800.0;0.01;10800.01;3627
3630;2073600;10800.0;1.0;1.0;10800.0;0.01;10800.01;3630
3636;2073600;10800.0;1.0;1.0;10800.0;0.01;10800.01;3636
3642;2073600;10800.0;1.0;1.0;10800.0;0.01;10800.01;3642
3645;2073600;10800.0;1.0;1.0;10800.0;0.01;10800.01;3645
3657;2073600;10800.0;1.0;1.0;10800.0;0.01;10800.01;3657
3660;2073600;10800.0;1.0;1.0;10800.0;0.01;10800.01;3660
3663;2073600;10800.0;1.0;1.0;10800.0;0.01;10800.01;3663
3672;2073600;10800.0;1.0;1.0;10800.0;0.01;10800.01;3672
3675;2073600;10800.0;1.0;1.0;10800.0;0.01;10800.01;3675
3678;2073600;10800.0;1.0;1.0;10800.0;0.01;10800.01;3678
3681;2073600;10800.0;1.0;1.0;10800.0;0.01;10800.01;3681
3684;2073600;10800.0;1.0;1.0;10800.0;0.01;10800.01;3684
3687;2073600;10800.0;1.0;1.0;10800.0;0.01;10800.01;3687
3693;2073600;10800.0;1.0;1.0;10800.0;0.01;10800.01;3693
3696;2073600;10800.0;1.0;1.0;10800.0;0.01;10800.01;3696
3699;2073600;10800.0;1.0;1.0;10800.0;0.01;10800.01;3699
3702;2073600;10800.0;1.0;1.0;10800.0;0.01;10800.01;3702
3705;2073600;10800.0;1.0;1.0;10800.0;0.01;10800.01;3705
3708;2073600;10800.0;1.0;1.0;10800.0;0.01;10800.01;3708
3714;2073600;10800.0;1.0;1.0;10800.0;0.01;10800.01;3714
3717;2073600;10800.0;1.0;1.0;10800.0;0.01;10800.01;3717
3729;2073600;10800.0;1.0;1.0;10800.0;0.01;10800.01;3729
3732;2073600;10800.0;1.0;1.0;10800.0;0.01;10800.01;3732
3735;2073600;10800.0;1.0;1.0;10800.0;0.01;10800.01;3735
3738;2073600;10800.0;1.0;1.0;10800.0;0.01;10800.01;3738
3741;2073600;10800.0;1.0;1.0;10800.0;0.01;10800.01;3741
3744;2073600;10800.0;1.0;1.0;10800.0;0.01;10800.01;3744
3747;2073600;10800.0;1.0;1.0;10800.0;0.01;10800.01;3747
3753;2073600;10800.0;1.0;1.0;10800.0;0.01;10800.01;3753
3759;2073600;10800.0;1.0;1.0;10800.0;0.01;10800.01;3759
3762;2073600;10800.0;1.0;1.0;10800.0;0.01;10800.01;3762
3765;2073600;10800.0;1.0;1.0;10800.0;0.01;10800.01;3765
3768;2073600;10800.0;1.0;1.0;10800.0;0.01;10800.01;3768
3774;2073600;10800.0;1.0;1.0;10800.0;0.01;10800.01;3774
3780;2073600;10800.0;1.0;1.0;10800.0;0.01;10800.01;3780
3783;2073600;10800.0;1.0;1.0;10800.0;0.01;10800.01;3783
3786;2073600;10800.0;1.0;1.0;10800.0;0.01;10800.01;3786
3789;2073600;10800.0;1.0;1.0;10800.0;0.01;10800.01;3789
3792;2073600;10800.0;1.0;1.0;10800.0;0.01;10800.01;3792
3795;2073600;10800.0;1.0;1.0;10800.0;0.01;10800.01;3795
3798;2073600;10800.0;1.0;1.0;10800.0;0.01;10800.01;3798
3807;2073600;10800.0;1.0;1.0;10800.0;0.01;10800.01;3807
3810;2073600;10800.0;1.0;1.0;10800.0;0.01;10800.01;3810
3813;2073600;10800.0;1.0;1.0;10800.0;0.01;10800.01;3813
3816;2073600;10800.0;1.0;1.0;10800.0;0.01;10800.01;3816
3822;2073600;10800.0;1.0;1.0;10800.0;0.01;10800.01;3822
3825;2073600;10800.0;1.0;1.0;10800.0;0.01;10800.01;3825
3828;2073600;10800.0;1.0;1.0;10800.0;0.01;10800.01;3828
3831;2073600;10800.0;1.0;1.0;10800.0;0.01;10800.01;3831
3834;2073600;10800.0;1.0;1.0;10800.0;0.01;10800.01;3834
3837;2073600;10800.0;1.0;1.0;10800.0;0.01;10800.01;3837
3846;2073600;10800.0;1.0;1.0;10800.0;0.01;10800.01;3846
3849;2073600;10800.0;1.0;1.0;10800.0;0.01;10800.01;3849
3855;2073600;10800.0;1.0;1.0;10800.0;0.01;10800.01;3855
3858;2073600;10800.0;1.0;1.0;10800.0;0.01;10800.01;3858
3861;2073600;10800.0;1.0;1.0;10800.0;0.01;10800.01;3861
3864;2073600;10800.0;1.0;1.0;10800.0;0.01;10800.01;3864
3867;2073600;10800.0;1.0;1.0;10800.0;0.01;10800.01;3867
3870;2073600;10800.0;1.0;1.0;10800.0;0.01;10800.01;3870
3873;2073600;10800.0;1.0;1.0;10800.0;0.01;10800.01;3873
3885;2073600;10800.0;1.0;1.0;10800.0;0.01;10800.01;3885
3888;2073600;10800.0;1.0;1.0;10800.0;0.01;10800.01;3888
3903;2073600;10800.0;1.0;1.0;10800.0;0.01;10800.01;3903
3909;2073600;10800.0;1.0;1.0;10800.0;0.01;10800.01;3909
3918;2073600;10800.0;1.0;1.0;10800.0;0.01;10800.01;3918
3921;2073600;10800.0;1.0;1.0;10800.0;0.01;10800.01;3921
3936;2073600;10800.0;1.0;1.0;10800.0;0.01;10800.01;3936
3942;2073600;10800.0;1.0;1.0;10800.0;0.01;10800.01;3942
3945;2073600;10800.0;1.0;1.0;10800.0;0.01;10800.01;3945
3948;2073600;10800.0;1.0;1.0;10800.0;0.01;10800.01;3948
3960;2073600;10800.0;1.0;1.0;10800.0;0.01;10800.01;3960
3963;2073600;10800.0;1.0;1.0;10800.0;0.01;10800.01;3963
3975;2073600;10800.0;1.0;1.0;10800.0;0.01;10800.01;3975
3978;2073600;10800.0;1.0;1.0;10800.0;0.01;10800.01;3978
3984;2073600;10800.0;1.0;1.0;10800.0;0.01;10800.01;3984
3993;2073600;10800.0;1.0;1.0;10800.0;0.01;10800.01;3993
3996;2073600;10800.0;1.0;1.0;10800.0;0.01;10800.01;3996
4002;2073600;10800.0;1.0;1.0;10800.0;0.01;10800.01;4002
4005;2073600;10800.0;1.0;1.0;10800.0;0.01;10800.01;4005
4008;2073600;10800.0;1.0;1.0;10800.0;0.01;10800.01;4008
4017;2073600;10800.0;1.0;1.0;10800.0;0.01;10800.01;4017
4020;2073600;10800.0;1.0;1.0;10800.0;0.01;10800.01;4020
4026;2073600;10800.0;1.0;1.0;10800.0;0.01;10800.01;4026
4032;2073600;10800.0;1.0;1.0;10800.0;0.01;10800.01;4032
4098;2073600;10800.0;1.0;1.0;10800.0;0.01;10800.01;4098
4128;2073600;10800.0;1.0;1.0;10800.0;0.01;10800.01;4128
4134;2073600;10800.0;1.0;1.0;10800.0;0.01;10800.01;4134
4161;2073600;10800.0;1.0;1.0;10800.0;0.01;10800.01;4161
4170;2073600;10800.0;1.0;1.0;10800.0;0.01;10800.01;4170
4185;2073600;10800.0;1.0;1.0;10800.0;0.01;10800.01;4185
4212;2073600;10800.0;1.0;1.0;10800.0;0.01;10800.01;4212
4218;2073600;10800.0;1.0;1.0;10800.0;0.01;10800.01;4218
4233;2073600;10800.0;1.0;1.0;10800.0;0.01;10800.01;4233
4269;2073600;10800.0;1.0;1.0;10800.0;0.01;10800.01;4269
4272;2073600;10800.0;1.0;1.0;10800.0;0.01;10800.01;4272
4290;2073600;10800.0;1.0;1.0;10800.0;0.01;10800.01;4290
4310;2073600;10800.0;1.0;1.0;10800.0;0.01;10800.01;4310
4316;2073600;10800.0;1.0;1.0;10800.0;0.01;10800.01;4316
4318;2073600;10800.0;1.0;1.0;10800.0;0.01;10800.01;4318
4319;2073600;10800.0;1.0;1.0;10800.0;0.01;10800.01;4319
4322;2073600;10800.0;1.0;1.0;10800.0;0.01;10800.01;4322
4328;2073600;10800.0;1.0;1.0;10800.0;0.01;10800.01;4328
4331;2073600;10800.0;1.0;1.0;10800.0;0.01;10800.01;4331
4333;2073600;10800.0;1.0;1.0;10800.0;0.01;10800.01;4333
4336;2073600;10800.0;1.0;1.0;10800.0;0.01;10800.01;4336
4422;2073600;10800.0;1.0;1.0;10800.0;0.01;10800.01;4422
4440;2073600;10800.0;1.0;1.0;10800.0;0.01;10800.01;4440
4461;2073600;10800.0;1.0;1.0;10800.0;0.01;10800.01;4461
4470;2073600;10800.0;1.0;1.0;10800.0;0.01;10800.01;4470
4473;2073600;10800.0;1.0;1.0;10800.0;0.01;10800.01;4473
4485;2073600;10800.0;1.0;1.0;10800.0;0.01;10800.01;4485
4488;2073600;10800.0;1.0;1.0;10800.0;0.01;10800.01;4488
4497;2073600;10800.0;1.0;1.0;10800.0;0.01;10800.01;4497
4506;2073600;10800.0;1.0;1.0;10800.0;0.01;10800.01;4506
4509;2073600;10800.0;1.0;1.0;10800.0;0.01;10800.01;4509
4512;2073600;10800.0;1.0;1.0;10800.0;0.01;10800.01;4512
4533;2073600;10800.0;1.0;1.0;10800.0;0.01;10800.01;4533
4542;2073600;10800.0;1.0;1.0;10800.0;0.01;10800.01;4542
4545;2073600;10800.0;1.0;1.0;10800.0;0.01;10800.01;4545
4548;2073600;10800.0;1.0;1.0;10800.0;0.01;10800.01;4548
4557;2073600;10800.0;1.0;1.0;10800.0;0.01;10800.01;4557
4571;2073600;10800.0;1.0;1.0;10800.0;0.01;10800.01;4571
4574;2073600;10800.0;1.0;1.0;10800.0;0.01;10800.01;4574
4577;2073600;10800.0;1.0;1.0;10800.0;0.01;10800.01;4577
4583;2073600;10800.0;1.0;1.0;10800.0;0.01;10800.01;4583
4600;2073600;10800.0;1.0;1.0;10800.0;0.01;10800.01;4600
4607;2073600;10800.0;1.0;1.0;10800.0;0.01;10800.01;4607
4609;2073600;10800.0;1.0;1.0;10800.0;0.01;10800.01;4609
4617;2073600;10800.0;1.0;1.0;10800.0;0.01;10800.01;4617
4626;2073600;10800.0;1.0;1.0;10800.0;0.01;10800.01;4626
4637;2073600;10800.0;1.0;1.0;10800.0;0.01;10800.01;4637
4655;2073600;10800.0;1.0;1.0;10800.0;0.01;10800.01;4655
4661;2073600;10800.0;1.0;1.0;10800.0;0.01;10800.01;4661
4664;2073600;10800.0;1.0;1.0;10800.0;0.01;10800.01;4664
4673;2073600;10800.0;1.0;1.0;10800.0;0.01;10800.01;4673
4676;2073600;10800.0;1.0;1.0;10800.0;0.01;10800.01;4676
4679;2073600;10800.0;1.0;1.0;10800.0;0.01;10800.01;4679
4697;2073600;10800.0;1.0;1.0;10800.0;0.01;10800.01;4697
4709;2073600;10800.0;1.0;1.0;10800.0;0.01;10800.01;4709
4712;2073600;10800.0;1.0;1.0;10800.0;0.01;10800.01;4712
4733;2073600;10800.0;1.0;1.0;10800.0;0.01;10800.01;4733
4736;2073600;10800.0;1.0;1.0;10800.0;0.01;10800.01;4736
4739;2073600;10800.0;1.0;1.0;10800.0;0.01;10800.01;4739
4745;2073600;10800.0;1.0;1.0;10800.0;0.01;10800.01;4745
4784;2073600;10800.0;1.0;1.0;10800.0;0.01;10800.01;4784
4793;2073600;10800.0;1.0;1.0;10800.0;0.01;10800.01;4793
4808;2073600;10800.0;1.0;1.0;10800.0;0.01;10800.01;4808
4811;2073600;10800.0;1.0;1.0;10800.0;0.01;10800.01;4811
4820;2073600;10800.0;1.0;1.0;10800.0;0.01;10800.01;4820
4828;2073600;10800.0;1.0;1.0;10800.0;0.01;10800.01;4828
4832;2073600;10800.0;1.0;1.0;10800.0;0.01;10800.01;4832
4850;2073600;10800.0;1.0;1.0;10800.0;0.01;10800.01;4850
4856;2073600;10800.0;1.0;1.0;10800.0;0.01;10800.01;4856
4871;2073600;10800.0;1.0;1.0;10800.0;0.01;10800.01;4871
4883;2073600;10800.0;1.0;1.0;10800.0;0.01;10800.01;4883
4889;2073600;10800.0;1.0;1.0;10800.0;0.01;10800.01;4889
4892;2073600;10800.0;1.0;1.0;10800.0;0.01;10800.01;4892
4898;2073600;10800.0;1.0;1.0;10800.0;0.01;10800.01;4898
4904;2073600;10800.0;1.0;1.0;10800.0;0.01;10800.01;4904
4907;2073600;10800.0;1.0;1.0;10800.0;0.01;10800.01;4907
4916;2073600;10800.0;1.0;1.0;10800.0;0.01;10800.01;4916
4919;2073600;10800.0;1.0;1.0;10800.0;0.01;10800.01;4919
4922;2073600;10800.0;1.0;1.0;10800.0;0.01;10800.01;4922
4925;2073600;10800.0;1.0;1.0;10800.0;0.01;10800.01;4925
4928;2073600;10800.0;1.0;1.0;10800.0;0.01;10800.01;4928
4934;2073600;10800.0;1.0;1.0;10800.0;0.01;10800.01;4934
4937;2073600;10800.0;1.0;1.0;10800.0;0.01;10800.01;4937
4940;2073600;10800.0;1.0;1.0;10800.0;0.01;10800.01;4940
4943;2073600;10800.0;1.0;1.0;10800.0;0.01;10800.01;4943
4946;2073600;10800.0;1.0;1.0;10800.0;0.01;10800.01;4946
4949;2073600;10800.0;1.0;1.0;10800.0;0.01;10800.01;4949
4952;2073600;10800.0;1.0;1.0;10800.0;0.01;10800.01;4952
4958;2073600;10800.0;1.0;1.0;10800.0;0.01;10800.01;4958
4964;2073600;10800.0;1.0;1.0;10800.0;0.01;10800.01;4964
4961;2073600;10800.0;1.0;1.0;10800.0;0.01;10800.01;4961
4967;2073600;10800.0;1.0;1.0;10800.0;0.01;10800.01;4967
4973;2073600;10800.0;1.0;1.0;10800.0;0.01;10800.01;4973
4979;2073600;10800.0;1.0;1.0;10800.0;0.01;10800.01;4979
4985;2073600;10800.0;1.0;1.0;10800.0;0.01;10800.01;4985
4994;2073600;10800.0;1.0;1.0;10800.0;0.01;10800.01;4994
4997;2073600;10800.0;1.0;1.0;10800.0;0.01;10800.01;4997
5006;2073600;10800.0;1.0;1.0;10800.0;0.01;10800.01;5006
5009;2073600;10800.0;1.0;1.0;10800.0;0.01;10800.01;5009
5012;2073600;10800.0;1.0;1.0;10800.0;0.01;10800.01;5012
5015;2073600;10800.0;1.0;1.0;10800.0;0.01;10800.01;5015
5030;2073600;10800.0;1.0;1.0;10800.0;0.01;10800.01;5030
5033;2073600;10800.0;1.0;1.0;10800.0;0.01;10800.01;5033
5036;2073600;10800.0;1.0;1.0;10800.0;0.01;10800.01;5036
5039;2073600;10800.0;1.0;1.0;10800.0;0.01;10800.01;5039
5042;2073600;10800.0;1.0;1.0;10800.0;0.01;10800.01;5042
5045;2073600;10800.0;1.0;1.0;10800.0;0.01;10800.01;5045
5048;2073600;10800.0;1.0;1.0;10800.0;0.01;10800.01;5048
5051;2073600;10800.0;1.0;1.0;10800.0;0.01;10800.01;5051
5057;2073600;10800.0;1.0;1.0;10800.0;0.01;10800.01;5057
5075;2073600;10800.0;1.0;1.0;10800.0;0.01;10800.01;5075
5078;2073600;10800.0;1.0;1.0;10800.0;0.01;10800.01;5078
5081;2073600;10800.0;1.0;1.0;10800.0;0.01;10800.01;5081
5084;2073600;10800.0;1.0;1.0;10800.0;0.01;10800.01;5084
5087;2073600;10800.0;1.0;1.0;10800.0;0.01;10800.01;5087
5090;2073600;10800.0;1.0;1.0;10800.0;0.01;10800.01;5090
5096;2073600;10800.0;1.0;1.0;10800.0;0.01;10800.01;5096
5102;2073600;10800.0;1.0;1.0;10800.0;0.01;10800.01;5102
5105;2073600;10800.0;1.0;1.0;10800.0;0.01;10800.01;5105
5108;2073600;10800.0;1.0;1.0;10800.0;0.01;10800.01;5108
5111;2073600;10800.0;1.0;1.0;10800.0;0.01;10800.01;5111
5115;2073600;10800.0;1.0;1.0;10800.0;0.01;10800.01;5115
5129;2073600;10800.0;1.0;1.0;10800.0;0.01;10800.01;5129
5135;2073600;10800.0;1.0;1.0;10800.0;0.01;10800.01;5135
5138;2073600;10800.0;1.0;1.0;10800.0;0.01;10800.01;5138
5147;2073600;10800.0;1.0;1.0;10800.0;0.01;10800.01;5147
5153;2073600;10800.0;1.0;1.0;10800.0;0.01;10800.01;5153
5156;2073600;10800.0;1.0;1.0;10800.0;0.01;10800.01;5156
5159;2073600;10800.0;1.0;1.0;10800.0;0.01;10800.01;5159
5162;2073600;10800.0;1.0;1.0;10800.0;0.01;10800.01;5162
5165;2073600;10800.0;1.0;1.0;10800.0;0.01;10800.01;5165
5168;2073600;10800.0;1.0;1.0;10800.0;0.01;10800.01;5168
5171;2073600;10800.0;1.0;1.0;10800.0;0.01;10800.01;5171
5180;2073600;10800.0;1.0;1.0;10800.0;0.01;10800.01;5180
5183;2073600;10800.0;1.0;1.0;10800.0;0.01;10800.01;5183
5189;2073600;10800.0;1.0;1.0;10800.0;0.01;10800.01;5189
5192;2073600;10800.0;1.0;1.0;10800.0;0.01;10800.01;5192
5195;2073600;10800.0;1.0;1.0;10800.0;0.01;10800.01;5195
5201;2073600;10800.0;1.0;1.0;10800.0;0.01;10800.01;5201
5204;2073600;10800.0;1.0;1.0;10800.0;0.01;10800.01;5204
5207;2073600;10800.0;1.0;1.0;10800.0;0.01;10800.01;5207
5213;2073600;10800.0;1.0;1.0;10800.0;0.01;10800.01;5213
5216;2073600;10800.0;1.0;1.0;10800.0;0.01;10800.01;5216
5219;2073600;10800.0;1.0;1.0;10800.0;0.01;10800.01;5219
5222;2073600;10800.0;1.0;1.0;10800.0;0.01;10800.01;5222
5225;2073600;10800.0;1.0;1.0;10800.0;0.01;10800.01;5225
5228;2073600;10800.0;1.0;1.0;10800.0;0.01;10800.01;5228
5230;2073600;10800.0;1.0;1.0;10800.0;0.01;10800.01;5230
5233;2073600;10800.0;1.0;1.0;10800.0;0.01;10800.01;5233
5337;2073600;10800.0;1.0;1.0;10800.0;0.01;10800.01;5337
5355;2073600;10800.0;1.0;1.0;10800.0;0.01;10800.01;5355
5394;2073600;10800.0;1.0;1.0;10800.0;0.01;10800.01;5394
5412;2073600;10800.0;1.0;1.0;10800.0;0.01;10800.01;5412
5418;2073600;10800.0;1.0;1.0;10800.0;0.01;10800.01;5418
5442;2073600;10800.0;1.0;1.0;10800.0;0.01;10800.01;5442
5448;2073600;10800.0;1.0;1.0;10800.0;0.01;10800.01;5448
5484;2073600;10800.0;1.0;1.0;10800.0;0.01;10800.01;5484
5508;2073600;10800.0;1.0;1.0;10800.0;0.01;10800.01;5508
5517;2073600;10800.0;1.0;1.0;10800.0;0.01;10800.01;5517
5532;2073600;10800.0;1.0;1.0;10800.0;0.01;10800.01;5532
5545;2073600;10800.0;1.0;1.0;10800.0;0.01;10800.01;5545
5589;2073600;10800.0;1.0;1.0;10800.0;0.01;10800.01;5589
5604;2073600;10800.0;1.0;1.0;10800.0;0.01;10800.01;5604
5613;2073600;10800.0;1.0;1.0;10800.0;0.01;10800.01;5613
5670;2073600;10800.0;1.0;1.0;10800.0;0.01;10800.01;5670
5698;2073600;10800.0;1.0;1.0;10800.0;0.01;10800.01;5698
5703;2073600;10800.0;1.0;1.0;10800.0;0.01;10800.01;5703
5716;2073600;10800.0;1.0;1.0;10800.0;0.01;10800.01;5716
5718;2073600;10800.0;1.0;1.0;10800.0;0.01;10800.01;5718
5736;2073600;10800.0;1.0;1.0;10800.0;0.01;10800.01;5736
5768;2073600;10800.0;1.0;1.0;10800.0;0.01;10800.01;5768
5771;2073600;10800.0;1.0;1.0;10800.0;0.01;10800.01;5771
5777;2073600;10800.0;1.0;1.0;10800.0;0.01;10800.01;5777
5786;2073600;10800.0;1.0;1.0;10800.0;0.01;10800.01;5786
5792;2073600;10800.0;1.0;1.0;10800.0;0.01;10800.01;5792
5801;2073600;10800.0;1.0;1.0;10800.0;0.01;10800.01;5801
5810;2073600;10800.0;1.0;1.0;10800.0;0.01;10800.01;5810
5816;2073600;10800.0;1.0;1.0;10800.0;0.01;10800.01;5816
5819;2073600;10800.0;1.0;1.0;10800.0;0.01;10800.01;5819
5828;2073600;10800.0;1.0;1.0;10800.0;0.01;10800.01;5828
5837;2073600;10800.0;1.0;1.0;10800.0;0.01;10800.01;5837
5846;2073600;10800.0;1.0;1.0;10800.0;0.01;10800.01;5846
5849;2073600;10800.0;1.0;1.0;10800.0;0.01;10800.01;5849
5870;2073600;10800.0;1.0;1.0;10800.0;0.01;10800.01;5870
5873;2073600;10800.0;1.0;1.0;10800.0;0.01;10800.01;5873
5879;2073600;10800.0;1.0;1.0;10800.0;0.01;10800.01;5879
5888;2073600;10800.0;1.0;1.0;10800.0;0.01;10800.01;5888
5891;2073600;10800.0;1.0;1.0;10800.0;0.01;10800.01;5891
5897;2073600;10800.0;1.0;1.0;10800.0;0.01;10800.01;5897
5903;2073600;10800.0;1.0;1.0;10800.0;0.01;10800.01;5903
5906;2073600;10800.0;1.0;1.0;10800.0;0.01;10800.01;5906
5909;2073600;10800.0;1.0;1.0;10800.0;0.01;10800.01;5909
5912;2073600;10800.0;1.0;1.0;10800.0;0.01;10800.01;5912
5918;2073600;10800.0;1.0;1.0;10800.0;0.01;10800.01;5918
5921;2073600;10800.0;1.0;1.0;10800.0;0.01;10800.01;5921
5930;2073600;10800.0;1.0;1.0;10800.0;0.01;10800.01;5930
5954;2073600;10800.0;1.0;1.0;10800.0;0.01;10800.01;5954
5986;2073600;10800.0;1.0;1.0;10800.0;0.01;10800.01;5986
5987;2073600;10800.0;1.0;1.0;10800.0;0.01;10800.01;5987
5998;2073600;10800.0;1.0;1.0;10800.0;0.01;10800.01;5998
6007;2073600;10800.0;1.0;1.0;10800.0;0.01;10800.01;6007
6011;2073600;10800.0;1.0;1.0;10800.0;0.01;10800.01;6011
6016;2073600;10800.0;1.0;1.0;10800.0;0.01;10800.01;6016
6040;2073600;10800.0;1.0;1.0;10800.0;0.01;10800.01;6040
6041;2073600;10800.0;1.0;1.0;10800.0;0.01;10800.01;6041
6049;2073600;10800.0;1.0;1.0;10800.0;0.01;10800.01;6049
6050;2073600;10800.0;1.0;1.0;10800.0;0.01;10800.01;6050
6061;2073600;10800.0;1.0;1.0;10800.0;0.01;10800.01;6061
6087;2073600;10800.0;1.0;1.0;10800.0;0.01;10800.01;6087
6093;2073600;10800.0;1.0;1.0;10800.0;0.01;10800.01;6093
6096;2073600;10800.0;1.0;1.0;10800.0;0.01;10800.01;6096
6098;2073600;10800.0;1.0;1.0;10800.0;0.01;10800.01;6098
6111;2073600;10800.0;1.0;1.0;10800.0;0.01;10800.01;6111
6113;2073600;10800.0;1.0;1.0;10800.0;0.01;10800.01;6113
6116;2073600;10800.0;1.0;1.0;10800.0;0.01;10800.01;6116
6154;2073600;10800.0;1.0;1.0;10800.0;0.01;10800.01;6154
6211;2073600;10800.0;1.0;1.0;10800.0;0.01;10800.01;6211
6228;2073600;10800.0;1.0;1.0;10800.0;0.01;10800.01;6228
6302;2073600;10800.0;1.0;1.0;10800.0;0.01;10800.01;6302
6331;2073600;10800.0;1.0;1.0;10800.0;0.01;10800.01;6331
6422;2073600;10800.0;1.0;1.0;10800.0;0.01;10800.01;6422
6589;2073600;10800.0;1.0;1.0;10800.0;0.01;10800.01;6589
6592;2073600;10800.0;1.0;1.0;10800.0;0.01;10800.01;6592
6598;2073600;10800.0;1.0;1.0;10800.0;0.01;10800.01;6598
6607;2073600;10800.0;1.0;1.0;10800.0;0.01;10800.01;6607
6610;2073600;10800.0;1.0;1.0;10800.0;0.01;10800.01;6610
6613;2073600;10800.0;1.0;1.0;10800.0;0.01;10800.01;6613
6616;2073600;10800.0;1.0;1.0;10800.0;0.01;10800.01;6616
6628;2073600;10800.0;1.0;1.0;10800.0;0.01;10800.01;6628
6631;2073600;10800.0;1.0;1.0;10800.0;0.01;10800.01;6631
6634;2073600;10800.0;1.0;1.0;10800.0;0.01;10800.01;6634
6637;2073600;10800.0;1.0;1.0;10800.0;0.01;10800.01;6637
6661;2073600;10800.0;1.0;1.0;10800.0;0.01;10800.01;6661
6667;2073600;10800.0;1.0;1.0;10800.0;0.01;10800.01;6667
6673;2073600;10800.0;1.0;1.0;10800.0;0.01;10800.01;6673
6697;2073600;10800.0;1.0;1.0;10800.0;0.01;10800.01;6697
6703;2073600;10800.0;1.0;1.0;10800.0;0.01;10800.01;6703
6706;2073600;10800.0;1.0;1.0;10800.0;0.01;10800.01;6706
6721;2073600;10800.0;1.0;1.0;10800.0;0.01;10800.01;6721
6745;2073600;10800.0;1.0;1.0;10800.0;0.01;10800.01;6745
6748;2073600;10800.0;1.0;1.0;10800.0;0.01;10800.01;6748
6754;2073600;10800.0;1.0;1.0;10800.0;0.01;10800.01;6754
6760;2073600;10800.0;1.0;1.0;10800.0;0.01;10800.01;6760
6763;2073600;10800.0;1.0;1.0;10800.0;0.01;10800.01;6763
6766;2073600;10800.0;1.0;1.0;10800.0;0.01;10800.01;6766
6778;2073600;10800.0;1.0;1.0;10800.0;0.01;10800.01;6778
6787;2073600;10800.0;1.0;1.0;10800.0;0.01;10800.01;6787
6790;2073600;10800.0;1.0;1.0;10800.0;0.01;10800.01;6790
6802;2073600;10800.0;1.0;1.0;10800.0;0.01;10800.01;6802
6811;2073600;10800.0;1.0;1.0;10800.0;0.01;10800.01;6811
6817;2073600;10800.0;1.0;1.0;10800.0;0.01;10800.01;6817
6820;2073600;10800.0;1.0;1.0;10800.0;0.01;10800.01;6820
6832;2073600;10800.0;1.0;1.0;10800.0;0.01;10800.01;6832
6835;2073600;10800.0;1.0;1.0;10800.0;0.01;10800.01;6835
6838;2073600;10800.0;1.0;1.0;10800.0;0.01;10800.01;6838
6841;2073600;10800.0;1.0;1.0;10800.0;0.01;10800.01;6841
6850;2073600;10800.0;1.0;1.0;10800.0;0.01;10800.01;6850
6853;2073600;10800.0;1.0;1.0;10800.0;0.01;10800.01;6853
6857;2073600;10800.0;1.0;1.0;10800.0;0.01;10800.01;6857
6862;2073600;10800.0;1.0;1.0;10800.0;0.01;10800.01;6862
6865;2073600;10800.0;1.0;1.0;10800.0;0.01;10800.01;6865
6868;2073600;10800.0;1.0;1.0;10800.0;0.01;10800.01;6868
6871;2073600;10800.0;1.0;1.0;10800.0;0.01;10800.01;6871
6874;2073600;10800.0;1.0;1.0;10800.0;0.01;10800.01;6874
6877;2073600;10800.0;1.0;1.0;10800.0;0.01;10800.01;6877
6886;2073600;10800.0;1.0;1.0;10800.0;0.01;10800.01;6886
6895;2073600;10800.0;1.0;1.0;10800.0;0.01;10800.01;6895
6896;2073600;10800.0;1.0;1.0;10800.0;0.01;10800.01;6896
6902;2073600;10800.0;1.0;1.0;10800.0;0.01;10800.01;6902
6907;2073600;10800.0;1.0;1.0;10800.0;0.01;10800.01;6907
6922;2073600;10800.0;1.0;1.0;10800.0;0.01;10800.01;6922
6925;2073600;10800.0;1.0;1.0;10800.0;0.01;10800.01;6925
6926;2073600;10800.0;1.0;1.0;10800.0;0.01;10800.01;6926
7387;2073600;10800.0;1.0;1.0;10800.0;0.01;10800.01;7387
6928;2073600;10800.0;1.0;1.0;10800.0;0.01;10800.01;6928
6931;2073600;10800.0;1.0;1.0;10800.0;0.01;10800.01;6931
6934;2073600;10800.0;1.0;1.0;10800.0;0.01;10800.01;6934
6940;2073600;10800.0;1.0;1.0;10800.0;0.01;10800.01;6940
6946;2073600;10800.0;1.0;1.0;10800.0;0.01;10800.01;6946
6949;2073600;10800.0;1.0;1.0;10800.0;0.01;10800.01;6949
6950;2073600;10800.0;1.0;1.0;10800.0;0.01;10800.01;6950
6952;2073600;10800.0;1.0;1.0;10800.0;0.01;10800.01;6952
6955;2073600;10800.0;1.0;1.0;10800.0;0.01;10800.01;6955
6958;2073600;10800.0;1.0;1.0;10800.0;0.01;10800.01;6958
6961;2073600;10800.0;1.0;1.0;10800.0;0.01;10800.01;6961
6964;2073600;10800.0;1.0;1.0;10800.0;0.01;10800.01;6964
6973;2073600;10800.0;1.0;1.0;10800.0;0.01;10800.01;6973
6976;2073600;10800.0;1.0;1.0;10800.0;0.01;10800.01;6976
6979;2073600;10800.0;1.0;1.0;10800.0;0.01;10800.01;6979
6982;2073600;10800.0;1.0;1.0;10800.0;0.01;10800.01;6982
6991;2073600;10800.0;1.0;1.0;10800.0;0.01;10800.01;6991
6994;2073600;10800.0;1.0;1.0;10800.0;0.01;10800.01;6994
6997;2073600;10800.0;1.0;1.0;10800.0;0.01;10800.01;6997
7003;2073600;10800.0;1.0;1.0;10800.0;0.01;10800.01;7003
7006;2073600;10800.0;1.0;1.0;10800.0;0.01;10800.01;7006
7009;2073600;10800.0;1.0;1.0;10800.0;0.01;10800.01;7009
7010;2073600;10800.0;1.0;1.0;10800.0;0.01;10800.01;7010
7012;2073600;10800.0;1.0;1.0;10800.0;0.01;10800.01;7012
7018;2073600;10800.0;1.0;1.0;10800.0;0.01;10800.01;7018
7022;2073600;10800.0;1.0;1.0;10800.0;0.01;10800.01;7022
7027;2073600;10800.0;1.0;1.0;10800.0;0.01;10800.01;7027
7033;2073600;10800.0;1.0;1.0;10800.0;0.01;10800.01;7033
7034;2073600;10800.0;1.0;1.0;10800.0;0.01;10800.01;7034
7039;2073600;10800.0;1.0;1.0;10800.0;0.01;10800.01;7039
7042;2073600;10800.0;1.0;1.0;10800.0;0.01;10800.01;7042
7045;2073600;10800.0;1.0;1.0;10800.0;0.01;10800.01;7045
7051;2073600;10800.0;1.0;1.0;10800.0;0.01;10800.01;7051
7057;2073600;10800.0;1.0;1.0;10800.0;0.01;10800.01;7057
7058;2073600;10800.0;1.0;1.0;10800.0;0.01;10800.01;7058
7063;2073600;10800.0;1.0;1.0;10800.0;0.01;10800.01;7063
7064;2073600;10800.0;1.0;1.0;10800.0;0.01;10800.01;7064
7066;2073600;10800.0;1.0;1.0;10800.0;0.01;10800.01;7066
7070;2073600;10800.0;1.0;1.0;10800.0;0.01;10800.01;7070
7072;2073600;10800.0;1.0;1.0;10800.0;0.01;10800.01;7072
7075;2073600;10800.0;1.0;1.0;10800.0;0.01;10800.01;7075
7078;2073600;10800.0;1.0;1.0;10800.0;0.01;10800.01;7078
7081;2073600;10800.0;1.0;1.0;10800.0;0.01;10800.01;7081
7084;2073600;10800.0;1.0;1.0;10800.0;0.01;10800.01;7084
7087;2073600;10800.0;1.0;1.0;10800.0;0.01;10800.01;7087
7093;2073600;10800.0;1.0;1.0;10800.0;0.01;10800.01;7093
7096;2073600;10800.0;1.0;1.0;10800.0;0.01;10800.01;7096
7099;2073600;10800.0;1.0;1.0;10800.0;0.01;10800.01;7099
7114;2073600;10800.0;1.0;1.0;10800.0;0.01;10800.01;7114
7117;2073600;10800.0;1.0;1.0;10800.0;0.01;10800.01;7117
7120;2073600;10800.0;1.0;1.0;10800.0;0.01;10800.01;7120
7123;2073600;10800.0;1.0;1.0;10800.0;0.01;10800.01;7123
7126;2073600;10800.0;1.0;1.0;10800.0;0.01;10800.01;7126
7129;2073600;10800.0;1.0;1.0;10800.0;0.01;10800.01;7129
7130;2073600;10800.0;1.0;1.0;10800.0;0.01;10800.01;7130
7132;2073600;10800.0;1.0;1.0;10800.0;0.01;10800.01;7132
7138;2073600;10800.0;1.0;1.0;10800.0;0.01;10800.01;7138
7144;2073600;10800.0;1.0;1.0;10800.0;0.01;10800.01;7144
7147;2073600;10800.0;1.0;1.0;10800.0;0.01;10800.01;7147
7148;2073600;10800.0;1.0;1.0;10800.0;0.01;10800.01;7148
7149;2073600;10800.0;1.0;1.0;10800.0;0.01;10800.01;7149
7162;2073600;10800.0;1.0;1.0;10800.0;0.01;10800.01;7162
7171;2073600;10800.0;1.0;1.0;10800.0;0.01;10800.01;7171
7174;2073600;10800.0;1.0;1.0;10800.0;0.01;10800.01;7174
7177;2073600;10800.0;1.0;1.0;10800.0;0.01;10800.01;7177
7180;2073600;10800.0;1.0;1.0;10800.0;0.01;10800.01;7180
7276;2073600;10800.0;1.0;1.0;10800.0;0.01;10800.01;7276
7201;2073600;10800.0;1.0;1.0;10800.0;0.01;10800.01;7201
7207;2073600;10800.0;1.0;1.0;10800.0;0.01;10800.01;7207
7210;2073600;10800.0;1.0;1.0;10800.0;0.01;10800.01;7210
7213;2073600;10800.0;1.0;1.0;10800.0;0.01;10800.01;7213
7216;2073600;10800.0;1.0;1.0;10800.0;0.01;10800.01;7216
7219;2073600;10800.0;1.0;1.0;10800.0;0.01;10800.01;7219
7222;2073600;10800.0;1.0;1.0;10800.0;0.01;10800.01;7222
7234;2073600;10800.0;1.0;1.0;10800.0;0.01;10800.01;7234
7225;2073600;10800.0;1.0;1.0;10800.0;0.01;10800.01;7225
7246;2073600;10800.0;1.0;1.0;10800.0;0.01;10800.01;7246
7255;2073600;10800.0;1.0;1.0;10800.0;0.01;10800.01;7255
7240;2073600;10800.0;1.0;1.0;10800.0;0.01;10800.01;7240
7243;2073600;10800.0;1.0;1.0;10800.0;0.01;10800.01;7243
7249;2073600;10800.0;1.0;1.0;10800.0;0.01;10800.01;7249
7258;2073600;10800.0;1.0;1.0;10800.0;0.01;10800.01;7258
7264;2073600;10800.0;1.0;1.0;10800.0;0.01;10800.01;7264
7267;2073600;10800.0;1.0;1.0;10800.0;0.01;10800.01;7267
7270;2073600;10800.0;1.0;1.0;10800.0;0.01;10800.01;7270
7294;2073600;10800.0;1.0;1.0;10800.0;0.01;10800.01;7294
7297;2073600;10800.0;1.0;1.0;10800.0;0.01;10800.01;7297
7300;2073600;10800.0;1.0;1.0;10800.0;0.01;10800.01;7300
7306;2073600;10800.0;1.0;1.0;10800.0;0.01;10800.01;7306
7312;2073600;10800.0;1.0;1.0;10800.0;0.01;10800.01;7312
7318;2073600;10800.0;1.0;1.0;10800.0;0.01;10800.01;7318
7342;2073600;10800.0;1.0;1.0;10800.0;0.01;10800.01;7342
7324;2073600;10800.0;1.0;1.0;10800.0;0.01;10800.01;7324
7330;2073600;10800.0;1.0;1.0;10800.0;0.01;10800.01;7330
7333;2073600;10800.0;1.0;1.0;10800.0;0.01;10800.01;7333
7336;2073600;10800.0;1.0;1.0;10800.0;0.01;10800.01;7336
7339;2073600;10800.0;1.0;1.0;10800.0;0.01;10800.01;7339
7348;2073600;10800.0;1.0;1.0;10800.0;0.01;10800.01;7348
7351;2073600;10800.0;1.0;1.0;10800.0;0.01;10800.01;7351
7354;2073600;10800.0;1.0;1.0;10800.0;0.01;10800.01;7354
7357;2073600;10800.0;1.0;1.0;10800.0;0.01;10800.01;7357
7366;2073600;10800.0;1.0;1.0;10800.0;0.01;10800.01;7366
7372;2073600;10800.0;1.0;1.0;10800.0;0.01;10800.01;7372
7375;2073600;10800.0;1.0;1.0;10800.0;0.01;10800.01;7375
7381;2073600;10800.0;1.0;1.0;10800.0;0.01;10800.01;7381
7384;2073600;10800.0;1.0;1.0;10800.0;0.01;10800.01;7384
7390;2073600;10800.0;1.0;1.0;10800.0;0.01;10800.01;7390
7393;2073600;10800.0;1.0;1.0;10800.0;0.01;10800.01;7393
7396;2073600;10800.0;1.0;1.0;10800.0;0.01;10800.01;7396
7399;2073600;10800.0;1.0;1.0;10800.0;0.01;10800.01;7399
7402;2073600;10800.0;1.0;1.0;10800.0;0.01;10800.01;7402
7405;2073600;10800.0;1.0;1.0;10800.0;0.01;10800.01;7405
7408;2073600;10800.0;1.0;1.0;10800.0;0.01;10800.01;7408
7411;2073600;10800.0;1.0;1.0;10800.0;0.01;10800.01;7411
7414;2073600;10800.0;1.0;1.0;10800.0;0.01;10800.01;7414
7417;2073600;10800.0;1.0;1.0;10800.0;0.01;10800.01;7417
7423;2073600;10800.0;1.0;1.0;10800.0;0.01;10800.01;7423
7429;2073600;10800.0;1.0;1.0;10800.0;0.01;10800.01;7429
7435;2073600;10800.0;1.0;1.0;10800.0;0.01;10800.01;7435
7438;2073600;10800.0;1.0;1.0;10800.0;0.01;10800.01;7438
7441;2073600;10800.0;1.0;1.0;10800.0;0.01;10800.01;7441
7444;2073600;10800.0;1.0;1.0;10800.0;0.01;10800.01;7444
7447;2073600;10800.0;1.0;1.0;10800.0;0.01;10800.01;7447
7450;2073600;10800.0;1.0;1.0;10800.0;0.01;10800.01;7450
7456;2073600;10800.0;1.0;1.0;10800.0;0.01;10800.01;7456
7462;2073600;10800.0;1.0;1.0;10800.0;0.01;10800.01;7462
7465;2073600;10800.0;1.0;1.0;10800.0;0.01;10800.01;7465
7468;2073600;10800.0;1.0;1.0;10800.0;0.01;10800.01;7468
7471;2073600;10800.0;1.0;1.0;10800.0;0.01;10800.01;7471
7474;2073600;10800.0;1.0;1.0;10800.0;0.01;10800.01;7474
7480;2073600;10800.0;1.0;1.0;10800.0;0.01;10800.01;7480
7486;2073600;10800.0;1.0;1.0;10800.0;0.01;10800.01;7486
7492;2073600;10800.0;1.0;1.0;10800.0;0.01;10800.01;7492
7495;2073600;10800.0;1.0;1.0;10800.0;0.01;10800.01;7495
7498;2073600;10800.0;1.0;1.0;10800.0;0.01;10800.01;7498
7501;2073600;10800.0;1.0;1.0;10800.0;0.01;10800.01;7501
7516;2073600;10800.0;1.0;1.0;10800.0;0.01;10800.01;7516
7519;2073600;10800.0;1.0;1.0;10800.0;0.01;10800.01;7519
7525;2073600;10800.0;1.0;1.0;10800.0;0.01;10800.01;7525
7522;2073600;10800.0;1.0;1.0;10800.0;0.01;10800.01;7522
7531;2073600;10800.0;1.0;1.0;10800.0;0.01;10800.01;7531
7534;2073600;10800.0;1.0;1.0;10800.0;0.01;10800.01;7534
7537;2073600;10800.0;1.0;1.0;10800.0;0.01;10800.01;7537
7543;2073600;10800.0;1.0;1.0;10800.0;0.01;10800.01;7543
7546;2073600;10800.0;1.0;1.0;10800.0;0.01;10800.01;7546
7552;2073600;10800.0;1.0;1.0;10800.0;0.01;10800.01;7552
7558;2073600;10800.0;1.0;1.0;10800.0;0.01;10800.01;7558
7561;2073600;10800.0;1.0;1.0;10800.0;0.01;10800.01;7561
7567;2073600;10800.0;1.0;1.0;10800.0;0.01;10800.01;7567
7570;2073600;10800.0;1.0;1.0;10800.0;0.01;10800.01;7570
7576;2073600;10800.0;1.0;1.0;10800.0;0.01;10800.01;7576
7582;2073600;10800.0;1.0;1.0;10800.0;0.01;10800.01;7582
7585;2073600;10800.0;1.0;1.0;10800.0;0.01;10800.01;7585
7591;2073600;10800.0;1.0;1.0;10800.0;0.01;10800.01;7591
7594;2073600;10800.0;1.0;1.0;10800.0;0.01;10800.01;7594
7597;2073600;10800.0;1.0;1.0;10800.0;0.01;10800.01;7597
7600;2073600;10800.0;1.0;1.0;10800.0;0.01;10800.01;7600
7609;2073600;10800.0;1.0;1.0;10800.0;0.01;10800.01;7609
7612;2073600;10800.0;1.0;1.0;10800.0;0.01;10800.01;7612
7615;2073600;10800.0;1.0;1.0;10800.0;0.01;10800.01;7615
7618;2073600;10800.0;1.0;1.0;10800.0;0.01;10800.01;7618
7624;2073600;10800.0;1.0;1.0;10800.0;0.01;10800.01;7624
7627;2073600;10800.0;1.0;1.0;10800.0;0.01;10800.01;7627
7630;2073600;10800.0;1.0;1.0;10800.0;0.01;10800.01;7630
7636;2073600;10800.0;1.0;1.0;10800.0;0.01;10800.01;7636
7651;2073600;10800.0;1.0;1.0;10800.0;0.01;10800.01;7651
7654;2073600;10800.0;1.0;1.0;10800.0;0.01;10800.01;7654
7657;2073600;10800.0;1.0;1.0;10800.0;0.01;10800.01;7657
7666;2073600;10800.0;1.0;1.0;10800.0;0.01;10800.01;7666
7672;2073600;10800.0;1.0;1.0;10800.0;0.01;10800.01;7672
7669;2073600;10800.0;1.0;1.0;10800.0;0.01;10800.01;7669
7675;2073600;10800.0;1.0;1.0;10800.0;0.01;10800.01;7675
7678;2073600;10800.0;1.0;1.0;10800.0;0.01;10800.01;7678
7687;2073600;10800.0;1.0;1.0;10800.0;0.01;10800.01;7687
7684;2073600;10800.0;1.0;1.0;10800.0;0.01;10800.01;7684
7693;2073600;10800.0;1.0;1.0;10800.0;0.01;10800.01;7693
7702;2073600;10800.0;1.0;1.0;10800.0;0.01;10800.01;7702
7711;2073600;10800.0;1.0;1.0;10800.0;0.01;10800.01;7711
7714;2073600;10800.0;1.0;1.0;10800.0;0.01;10800.01;7714
7723;2073600;10800.0;1.0;1.0;10800.0;0.01;10800.01;7723
7729;2073600;10800.0;1.0;1.0;10800.0;0.01;10800.01;7729
7732;2073600;10800.0;1.0;1.0;10800.0;0.01;10800.01;7732
7735;2073600;10800.0;1.0;1.0;10800.0;0.01;10800.01;7735
7738;2073600;10800.0;1.0;1.0;10800.0;0.01;10800.01;7738
7750;2073600;10800.0;1.0;1.0;10800.0;0.01;10800.01;7750
7756;2073600;10800.0;1.0;1.0;10800.0;0.01;10800.01;7756
7759;2073600;10800.0;1.0;1.0;10800.0;0.01;10800.01;7759
7765;2073600;10800.0;1.0;1.0;10800.0;0.01;10800.01;7765
7768;2073600;10800.0;1.0;1.0;10800.0;0.01;10800.01;7768
7774;2073600;10800.0;1.0;1.0;10800.0;0.01;10800.01;7774
7780;2073600;10800.0;1.0;1.0;10800.0;0.01;10800.01;7780
7792;2073600;10800.0;1.0;1.0;10800.0;0.01;10800.01;7792
7801;2073600;10800.0;1.0;1.0;10800.0;0.01;10800.01;7801
7807;2073600;10800.0;1.0;1.0;10800.0;0.01;10800.01;7807
7813;2073600;10800.0;1.0;1.0;10800.0;0.01;10800.01;7813
7816;2073600;10800.0;1.0;1.0;10800.0;0.01;10800.01;7816
7819;2073600;10800.0;1.0;1.0;10800.0;0.01;10800.01;7819
7825;2073600;10800.0;1.0;1.0;10800.0;0.01;10800.01;7825
7831;2073600;10800.0;1.0;1.0;10800.0;0.01;10800.01;7831
7837;2073600;10800.0;1.0;1.0;10800.0;0.01;10800.01;7837
7843;2073600;10800.0;1.0;1.0;10800.0;0.01;10800.01;7843
7846;2073600;10800.0;1.0;1.0;10800.0;0.01;10800.01;7846
7858;2073600;10800.0;1.0;1.0;10800.0;0.01;10800.01;7858
7861;2073600;10800.0;1.0;1.0;10800.0;0.01;10800.01;7861
7864;2073600;10800.0;1.0;1.0;10800.0;0.01;10800.01;7864
7867;2073600;10800.0;1.0;1.0;10800.0;0.01;10800.01;7867
7873;2073600;10800.0;1.0;1.0;10800.0;0.01;10800.01;7873
7888;2073600;10800.0;1.0;1.0;10800.0;0.01;10800.01;7888
7894;2073600;10800.0;1.0;1.0;10800.0;0.01;10800.01;7894
7906;2073600;10800.0;1.0;1.0;10800.0;0.01;10800.01;7906
7909;2073600;10800.0;1.0;1.0;10800.0;0.01;10800.01;7909
7912;2073600;10800.0;1.0;1.0;10800.0;0.01;10800.01;7912
7936;2073600;10800.0;1.0;1.0;10800.0;0.01;10800.01;7936
7942;2073600;10800.0;1.0;1.0;10800.0;0.01;10800.01;7942
7945;2073600;10800.0;1.0;1.0;10800.0;0.01;10800.01;7945
7951;2073600;10800.0;1.0;1.0;10800.0;0.01;10800.01;7951
7963;2073600;10800.0;1.0;1.0;10800.0;0.01;10800.01;7963
7969;2073600;10800.0;1.0;1.0;10800.0;0.01;10800.01;7969
7972;2073600;10800.0;1.0;1.0;10800.0;0.01;10800.01;7972
7975;2073600;10800.0;1.0;1.0;10800.0;0.01;10800.01;7975
7992;2073600;10800.0;1.0;1.0;10800.0;0.01;10800.01;7992
100;2073600;11100.0;1.0;1.0;11100.0;0.01;11100.01;100
151;2073600;11100.0;1.0;1.0;11100.0;0.01;11100.01;151
205;2073600;11100.0;1.0;1.0;11100.0;0.01;11100.01;205
232;2073600;11100.0;1.0;1.0;11100.0;0.01;11100.01;232
276;2073600;11100.0;1.0;1.0;11100.0;0.01;11100.01;276
281;2073600;11100.0;1.0;1.0;11100.0;0.01;11100.01;281
306;2073600;11100.0;1.0;1.0;11100.0;0.01;11100.01;306
308;2073600;11100.0;1.0;1.0;11100.0;0.01;11100.01;308
342;2073600;11100.0;1.0;1.0;11100.0;0.01;11100.01;342
347;2073600;11100.0;1.0;1.0;11100.0;0.01;11100.01;347
354;2073600;11100.0;1.0;1.0;11100.0;0.01;11100.01;354
360;2073600;11100.0;1.0;1.0;11100.0;0.01;11100.01;360
391;2073600;11100.0;1.0;1.0;11100.0;0.01;11100.01;391
415;2073600;11100.0;1.0;1.0;11100.0;0.01;11100.01;415
433;2073600;11100.0;1.0;1.0;11100.0;0.01;11100.01;433
442;2073600;11100.0;1.0;1.0;11100.0;0.01;11100.01;442
460;2073600;11100.0;1.0;1.0;11100.0;0.01;11100.01;460
466;2073600;11100.0;1.0;1.0;11100.0;0.01;11100.01;466
472;2073600;11100.0;1.0;1.0;11100.0;0.01;11100.01;472
488;2073600;11100.0;1.0;1.0;11100.0;0.01;11100.01;488
489;2073600;11100.0;1.0;1.0;11100.0;0.01;11100.01;489
492;2073600;11100.0;1.0;1.0;11100.0;0.01;11100.01;492
497;2073600;11100.0;1.0;1.0;11100.0;0.01;11100.01;497
498;2073600;11100.0;1.0;1.0;11100.0;0.01;11100.01;498
500;2073600;11100.0;1.0;1.0;11100.0;0.01;11100.01;500
796;2073600;11100.0;1.0;1.0;11100.0;0.01;11100.01;796
853;2073600;11100.0;1.0;1.0;11100.0;0.01;11100.01;853
1063;2073600;11100.0;1.0;1.0;11100.0;0.01;11100.01;1063
1114;2073600;11100.0;1.0;1.0;11100.0;0.01;11100.01;1114
1120;2073600;11100.0;1.0;1.0;11100.0;0.01;11100.01;1120
1136;2073600;11100.0;1.0;1.0;11100.0;0.01;11100.01;1136
1154;2073600;11100.0;1.0;1.0;11100.0;0.01;11100.01;1154
1169;2073600;11100.0;1.0;1.0;11100.0;0.01;11100.01;1169
1170;2073600;11100.0;1.0;1.0;11100.0;0.01;11100.01;1170
1173;2073600;11100.0;1.0;1.0;11100.0;0.01;11100.01;1173
1175;2073600;11100.0;1.0;1.0;11100.0;0.01;11100.01;1175
1188;2073600;11100.0;1.0;1.0;11100.0;0.01;11100.01;1188
1193;2073600;11100.0;1.0;1.0;11100.0;0.01;11100.01;1193
1202;2073600;11100.0;1.0;1.0;11100.0;0.01;11100.01;1202
1203;2073600;11100.0;1.0;1.0;11100.0;0.01;11100.01;1203
1209;2073600;11100.0;1.0;1.0;11100.0;0.01;11100.01;1209
1211;2073600;11100.0;1.0;1.0;11100.0;0.01;11100.01;1211
1212;2073600;11100.0;1.0;1.0;11100.0;0.01;11100.01;1212
1220;2073600;11100.0;1.0;1.0;11100.0;0.01;11100.01;1220
1221;2073600;11100.0;1.0;1.0;11100.0;0.01;11100.01;1221
1229;2073600;11100.0;1.0;1.0;11100.0;0.01;11100.01;1229
1230;2073600;11100.0;1.0;1.0;11100.0;0.01;11100.01;1230
1233;2073600;11100.0;1.0;1.0;11100.0;0.01;11100.01;1233
1235;2073600;11100.0;1.0;1.0;11100.0;0.01;11100.01;1235
1241;2073600;11100.0;1.0;1.0;11100.0;0.01;11100.01;1241
1247;2073600;11100.0;1.0;1.0;11100.0;0.01;11100.01;1247
1259;2073600;11100.0;1.0;1.0;11100.0;0.01;11100.01;1259
1260;2073600;11100.0;1.0;1.0;11100.0;0.01;11100.01;1260
1269;2073600;11100.0;1.0;1.0;11100.0;0.01;11100.01;1269
1275;2073600;11100.0;1.0;1.0;11100.0;0.01;11100.01;1275
1277;2073600;11100.0;1.0;1.0;11100.0;0.01;11100.01;1277
1283;2073600;11100.0;1.0;1.0;11100.0;0.01;11100.01;1283
1287;2073600;11100.0;1.0;1.0;11100.0;0.01;11100.01;1287
1292;2073600;11100.0;1.0;1.0;11100.0;0.01;11100.01;1292
1298;2073600;11100.0;1.0;1.0;11100.0;0.01;11100.01;1298
1302;2073600;11100.0;1.0;1.0;11100.0;0.01;11100.01;1302
1304;2073600;11100.0;1.0;1.0;11100.0;0.01;11100.01;1304
1307;2073600;11100.0;1.0;1.0;11100.0;0.01;11100.01;1307
1311;2073600;11100.0;1.0;1.0;11100.0;0.01;11100.01;1311
1317;2073600;11100.0;1.0;1.0;11100.0;0.01;11100.01;1317
1326;2073600;11100.0;1.0;1.0;11100.0;0.01;11100.01;1326
1328;2073600;11100.0;1.0;1.0;11100.0;0.01;11100.01;1328
1331;2073600;11100.0;1.0;1.0;11100.0;0.01;11100.01;1331
1334;2073600;11100.0;1.0;1.0;11100.0;0.01;11100.01;1334
1335;2073600;11100.0;1.0;1.0;11100.0;0.01;11100.01;1335
1340;2073600;11100.0;1.0;1.0;11100.0;0.01;11100.01;1340
1341;2073600;11100.0;1.0;1.0;11100.0;0.01;11100.01;1341
1343;2073600;11100.0;1.0;1.0;11100.0;0.01;11100.01;1343
6208;2073600;11100.0;1.0;1.0;11100.0;0.01;11100.01;6208
1347;2073600;11100.0;1.0;1.0;11100.0;0.01;11100.01;1347
1355;2073600;11100.0;1.0;1.0;11100.0;0.01;11100.01;1355
1364;2073600;11100.0;1.0;1.0;11100.0;0.01;11100.01;1364
1373;2073600;11100.0;1.0;1.0;11100.0;0.01;11100.01;1373
1380;2073600;11100.0;1.0;1.0;11100.0;0.01;11100.01;1380
1385;2073600;11100.0;1.0;1.0;11100.0;0.01;11100.01;1385
1388;2073600;11100.0;1.0;1.0;11100.0;0.01;11100.01;1388
1392;2073600;11100.0;1.0;1.0;11100.0;0.01;11100.01;1392
1398;2073600;11100.0;1.0;1.0;11100.0;0.01;11100.01;1398
1400;2073600;11100.0;1.0;1.0;11100.0;0.01;11100.01;1400
1407;2073600;11100.0;1.0;1.0;11100.0;0.01;11100.01;1407
1409;2073600;11100.0;1.0;1.0;11100.0;0.01;11100.01;1409
1413;2073600;11100.0;1.0;1.0;11100.0;0.01;11100.01;1413
1418;2073600;11100.0;1.0;1.0;11100.0;0.01;11100.01;1418
1421;2073600;11100.0;1.0;1.0;11100.0;0.01;11100.01;1421
1424;2073600;11100.0;1.0;1.0;11100.0;0.01;11100.01;1424
1427;2073600;11100.0;1.0;1.0;11100.0;0.01;11100.01;1427
1433;2073600;11100.0;1.0;1.0;11100.0;0.01;11100.01;1433
1437;2073600;11100.0;1.0;1.0;11100.0;0.01;11100.01;1437
1446;2073600;11100.0;1.0;1.0;11100.0;0.01;11100.01;1446
1455;2073600;11100.0;1.0;1.0;11100.0;0.01;11100.01;1455
1461;2073600;11100.0;1.0;1.0;11100.0;0.01;11100.01;1461
1463;2073600;11100.0;1.0;1.0;11100.0;0.01;11100.01;1463
1467;2073600;11100.0;1.0;1.0;11100.0;0.01;11100.01;1467
1470;2073600;11100.0;1.0;1.0;11100.0;0.01;11100.01;1470
1472;2073600;11100.0;1.0;1.0;11100.0;0.01;11100.01;1472
1482;2073600;11100.0;1.0;1.0;11100.0;0.01;11100.01;1482
1485;2073600;11100.0;1.0;1.0;11100.0;0.01;11100.01;1485
1488;2073600;11100.0;1.0;1.0;11100.0;0.01;11100.01;1488
1633;2073600;11100.0;1.0;1.0;11100.0;0.01;11100.01;1633
1499;2073600;11100.0;1.0;1.0;11100.0;0.01;11100.01;1499
1508;2073600;11100.0;1.0;1.0;11100.0;0.01;11100.01;1508
1526;2073600;11100.0;1.0;1.0;11100.0;0.01;11100.01;1526
1575;2073600;11100.0;1.0;1.0;11100.0;0.01;11100.01;1575
1630;2073600;11100.0;1.0;1.0;11100.0;0.01;11100.01;1630
1663;2073600;11100.0;1.0;1.0;11100.0;0.01;11100.01;1663
1696;2073600;11100.0;1.0;1.0;11100.0;0.01;11100.01;1696
1702;2073600;11100.0;1.0;1.0;11100.0;0.01;11100.01;1702
1711;2073600;11100.0;1.0;1.0;11100.0;0.01;11100.01;1711
1726;2073600;11100.0;1.0;1.0;11100.0;0.01;11100.01;1726
1738;2073600;11100.0;1.0;1.0;11100.0;0.01;11100.01;1738
1744;2073600;11100.0;1.0;1.0;11100.0;0.01;11100.01;1744
1759;2073600;11100.0;1.0;1.0;11100.0;0.01;11100.01;1759
1768;2073600;11100.0;1.0;1.0;11100.0;0.01;11100.01;1768
1786;2073600;11100.0;1.0;1.0;11100.0;0.01;11100.01;1786
1801;2073600;11100.0;1.0;1.0;11100.0;0.01;11100.01;1801
1804;2073600;11100.0;1.0;1.0;11100.0;0.01;11100.01;1804
1807;2073600;11100.0;1.0;1.0;11100.0;0.01;11100.01;1807
1825;2073600;11100.0;1.0;1.0;11100.0;0.01;11100.01;1825
1882;2073600;11100.0;1.0;1.0;11100.0;0.01;11100.01;1882
1900;2073600;11100.0;1.0;1.0;11100.0;0.01;11100.01;1900
1939;2073600;11100.0;1.0;1.0;11100.0;0.01;11100.01;1939
1978;2073600;11100.0;1.0;1.0;11100.0;0.01;11100.01;1978
1987;2073600;11100.0;1.0;1.0;11100.0;0.01;11100.01;1987
2035;2073600;11100.0;1.0;1.0;11100.0;0.01;11100.01;2035
2092;2073600;11100.0;1.0;1.0;11100.0;0.01;11100.01;2092
2197;2073600;11100.0;1.0;1.0;11100.0;0.01;11100.01;2197
2300;2073600;11100.0;1.0;1.0;11100.0;0.01;11100.01;2300
2301;2073600;11100.0;1.0;1.0;11100.0;0.01;11100.01;2301
2358;2073600;11100.0;1.0;1.0;11100.0;0.01;11100.01;2358
2376;2073600;11100.0;1.0;1.0;11100.0;0.01;11100.01;2376
2463;2073600;11100.0;1.0;1.0;11100.0;0.01;11100.01;2463
2520;2073600;11100.0;1.0;1.0;11100.0;0.01;11100.01;2520
2529;2073600;11100.0;1.0;1.0;11100.0;0.01;11100.01;2529
2554;2073600;11100.0;1.0;1.0;11100.0;0.01;11100.01;2554
2584;2073600;11100.0;1.0;1.0;11100.0;0.01;11100.01;2584
2659;2073600;11100.0;1.0;1.0;11100.0;0.01;11100.01;2659
2684;2073600;11100.0;1.0;1.0;11100.0;0.01;11100.01;2684
2698;2073600;11100.0;1.0;1.0;11100.0;0.01;11100.01;2698
6055;2073600;11100.0;1.0;1.0;11100.0;0.01;11100.01;6055
2751;2073600;11100.0;1.0;1.0;11100.0;0.01;11100.01;2751
2757;2073600;11100.0;1.0;1.0;11100.0;0.01;11100.01;2757
2796;2073600;11100.0;1.0;1.0;11100.0;0.01;11100.01;2796
2928;2073600;11100.0;1.0;1.0;11100.0;0.01;11100.01;2928
2940;2073600;11100.0;1.0;1.0;11100.0;0.01;11100.01;2940
2949;2073600;11100.0;1.0;1.0;11100.0;0.01;11100.01;2949
2982;2073600;11100.0;1.0;1.0;11100.0;0.01;11100.01;2982
3024;2073600;11100.0;1.0;1.0;11100.0;0.01;11100.01;3024
3057;2073600;11100.0;1.0;1.0;11100.0;0.01;11100.01;3057
3063;2073600;11100.0;1.0;1.0;11100.0;0.01;11100.01;3063
3072;2073600;11100.0;1.0;1.0;11100.0;0.01;11100.01;3072
3129;2073600;11100.0;1.0;1.0;11100.0;0.01;11100.01;3129
3135;2073600;11100.0;1.0;1.0;11100.0;0.01;11100.01;3135
7705;2073600;11100.0;1.0;1.0;11100.0;0.01;11100.01;7705
3321;2073600;11100.0;1.0;1.0;11100.0;0.01;11100.01;3321
3336;2073600;11100.0;1.0;1.0;11100.0;0.01;11100.01;3336
3372;2073600;11100.0;1.0;1.0;11100.0;0.01;11100.01;3372
3396;2073600;11100.0;1.0;1.0;11100.0;0.01;11100.01;3396
3405;2073600;11100.0;1.0;1.0;11100.0;0.01;11100.01;3405
3492;2073600;11100.0;1.0;1.0;11100.0;0.01;11100.01;3492
3501;2073600;11100.0;1.0;1.0;11100.0;0.01;11100.01;3501
3510;2073600;11100.0;1.0;1.0;11100.0;0.01;11100.01;3510
3594;2073600;11100.0;1.0;1.0;11100.0;0.01;11100.01;3594
3596;2073600;11100.0;1.0;1.0;11100.0;0.01;11100.01;3596
3621;2073600;11100.0;1.0;1.0;11100.0;0.01;11100.01;3621
3651;2073600;11100.0;1.0;1.0;11100.0;0.01;11100.01;3651
3654;2073600;11100.0;1.0;1.0;11100.0;0.01;11100.01;3654
3669;2073600;11100.0;1.0;1.0;11100.0;0.01;11100.01;3669
3726;2073600;11100.0;1.0;1.0;11100.0;0.01;11100.01;3726
3756;2073600;11100.0;1.0;1.0;11100.0;0.01;11100.01;3756
3804;2073600;11100.0;1.0;1.0;11100.0;0.01;11100.01;3804
4312;2073600;11100.0;1.0;1.0;11100.0;0.01;11100.01;4312
4315;2073600;11100.0;1.0;1.0;11100.0;0.01;11100.01;4315
4327;2073600;11100.0;1.0;1.0;11100.0;0.01;11100.01;4327
4599;2073600;11100.0;1.0;1.0;11100.0;0.01;11100.01;4599
4611;2073600;11100.0;1.0;1.0;11100.0;0.01;11100.01;4611
4614;2073600;11100.0;1.0;1.0;11100.0;0.01;11100.01;4614
4648;2073600;11100.0;1.0;1.0;11100.0;0.01;11100.01;4648
4816;2073600;11100.0;1.0;1.0;11100.0;0.01;11100.01;4816
4931;2073600;11100.0;1.0;1.0;11100.0;0.01;11100.01;4931
4955;2073600;11100.0;1.0;1.0;11100.0;0.01;11100.01;4955
5069;2073600;11100.0;1.0;1.0;11100.0;0.01;11100.01;5069
5093;2073600;11100.0;1.0;1.0;11100.0;0.01;11100.01;5093
5099;2073600;11100.0;1.0;1.0;11100.0;0.01;11100.01;5099
5117;2073600;11100.0;1.0;1.0;11100.0;0.01;11100.01;5117
5141;2073600;11100.0;1.0;1.0;11100.0;0.01;11100.01;5141
5680;2073600;11100.0;1.0;1.0;11100.0;0.01;11100.01;5680
5765;2073600;11100.0;1.0;1.0;11100.0;0.01;11100.01;5765
5774;2073600;11100.0;1.0;1.0;11100.0;0.01;11100.01;5774
5780;2073600;11100.0;1.0;1.0;11100.0;0.01;11100.01;5780
5783;2073600;11100.0;1.0;1.0;11100.0;0.01;11100.01;5783
5789;2073600;11100.0;1.0;1.0;11100.0;0.01;11100.01;5789
5795;2073600;11100.0;1.0;1.0;11100.0;0.01;11100.01;5795
5798;2073600;11100.0;1.0;1.0;11100.0;0.01;11100.01;5798
5804;2073600;11100.0;1.0;1.0;11100.0;0.01;11100.01;5804
5807;2073600;11100.0;1.0;1.0;11100.0;0.01;11100.01;5807
5813;2073600;11100.0;1.0;1.0;11100.0;0.01;11100.01;5813
5825;2073600;11100.0;1.0;1.0;11100.0;0.01;11100.01;5825
5831;2073600;11100.0;1.0;1.0;11100.0;0.01;11100.01;5831
5843;2073600;11100.0;1.0;1.0;11100.0;0.01;11100.01;5843
5861;2073600;11100.0;1.0;1.0;11100.0;0.01;11100.01;5861
5852;2073600;11100.0;1.0;1.0;11100.0;0.01;11100.01;5852
5858;2073600;11100.0;1.0;1.0;11100.0;0.01;11100.01;5858
5864;2073600;11100.0;1.0;1.0;11100.0;0.01;11100.01;5864
5876;2073600;11100.0;1.0;1.0;11100.0;0.01;11100.01;5876
5885;2073600;11100.0;1.0;1.0;11100.0;0.01;11100.01;5885
5894;2073600;11100.0;1.0;1.0;11100.0;0.01;11100.01;5894
5915;2073600;11100.0;1.0;1.0;11100.0;0.01;11100.01;5915
5924;2073600;11100.0;1.0;1.0;11100.0;0.01;11100.01;5924
5927;2073600;11100.0;1.0;1.0;11100.0;0.01;11100.01;5927
5939;2073600;11100.0;1.0;1.0;11100.0;0.01;11100.01;5939
5945;2073600;11100.0;1.0;1.0;11100.0;0.01;11100.01;5945
5948;2073600;11100.0;1.0;1.0;11100.0;0.01;11100.01;5948
5953;2073600;11100.0;1.0;1.0;11100.0;0.01;11100.01;5953
5977;2073600;11100.0;1.0;1.0;11100.0;0.01;11100.01;5977
5959;2073600;11100.0;1.0;1.0;11100.0;0.01;11100.01;5959
5962;2073600;11100.0;1.0;1.0;11100.0;0.01;11100.01;5962
5966;2073600;11100.0;1.0;1.0;11100.0;0.01;11100.01;5966
5968;2073600;11100.0;1.0;1.0;11100.0;0.01;11100.01;5968
5971;2073600;11100.0;1.0;1.0;11100.0;0.01;11100.01;5971
5972;2073600;11100.0;1.0;1.0;11100.0;0.01;11100.01;5972
5978;2073600;11100.0;1.0;1.0;11100.0;0.01;11100.01;5978
5989;2073600;11100.0;1.0;1.0;11100.0;0.01;11100.01;5989
5981;2073600;11100.0;1.0;1.0;11100.0;0.01;11100.01;5981
5983;2073600;11100.0;1.0;1.0;11100.0;0.01;11100.01;5983
5990;2073600;11100.0;1.0;1.0;11100.0;0.01;11100.01;5990
5992;2073600;11100.0;1.0;1.0;11100.0;0.01;11100.01;5992
5993;2073600;11100.0;1.0;1.0;11100.0;0.01;11100.01;5993
5995;2073600;11100.0;1.0;1.0;11100.0;0.01;11100.01;5995
6002;2073600;11100.0;1.0;1.0;11100.0;0.01;11100.01;6002
6004;2073600;11100.0;1.0;1.0;11100.0;0.01;11100.01;6004
6005;2073600;11100.0;1.0;1.0;11100.0;0.01;11100.01;6005
6010;2073600;11100.0;1.0;1.0;11100.0;0.01;11100.01;6010
6013;2073600;11100.0;1.0;1.0;11100.0;0.01;11100.01;6013
6014;2073600;11100.0;1.0;1.0;11100.0;0.01;11100.01;6014
6017;2073600;11100.0;1.0;1.0;11100.0;0.01;11100.01;6017
6019;2073600;11100.0;1.0;1.0;11100.0;0.01;11100.01;6019
6020;2073600;11100.0;1.0;1.0;11100.0;0.01;11100.01;6020
6022;2073600;11100.0;1.0;1.0;11100.0;0.01;11100.01;6022
6023;2073600;11100.0;1.0;1.0;11100.0;0.01;11100.01;6023
6025;2073600;11100.0;1.0;1.0;11100.0;0.01;11100.01;6025
6026;2073600;11100.0;1.0;1.0;11100.0;0.01;11100.01;6026
6028;2073600;11100.0;1.0;1.0;11100.0;0.01;11100.01;6028
6029;2073600;11100.0;1.0;1.0;11100.0;0.01;11100.01;6029
6032;2073600;11100.0;1.0;1.0;11100.0;0.01;11100.01;6032
6034;2073600;11100.0;1.0;1.0;11100.0;0.01;11100.01;6034
6035;2073600;11100.0;1.0;1.0;11100.0;0.01;11100.01;6035
6038;2073600;11100.0;1.0;1.0;11100.0;0.01;11100.01;6038
6043;2073600;11100.0;1.0;1.0;11100.0;0.01;11100.01;6043
6044;2073600;11100.0;1.0;1.0;11100.0;0.01;11100.01;6044
6046;2073600;11100.0;1.0;1.0;11100.0;0.01;11100.01;6046
6047;2073600;11100.0;1.0;1.0;11100.0;0.01;11100.01;6047
6052;2073600;11100.0;1.0;1.0;11100.0;0.01;11100.01;6052
6053;2073600;11100.0;1.0;1.0;11100.0;0.01;11100.01;6053
6058;2073600;11100.0;1.0;1.0;11100.0;0.01;11100.01;6058
6062;2073600;11100.0;1.0;1.0;11100.0;0.01;11100.01;6062
6064;2073600;11100.0;1.0;1.0;11100.0;0.01;11100.01;6064
6068;2073600;11100.0;1.0;1.0;11100.0;0.01;11100.01;6068
6070;2073600;11100.0;1.0;1.0;11100.0;0.01;11100.01;6070
6073;2073600;11100.0;1.0;1.0;11100.0;0.01;11100.01;6073
6074;2073600;11100.0;1.0;1.0;11100.0;0.01;11100.01;6074
6076;2073600;11100.0;1.0;1.0;11100.0;0.01;11100.01;6076
6077;2073600;11100.0;1.0;1.0;11100.0;0.01;11100.01;6077
6079;2073600;11100.0;1.0;1.0;11100.0;0.01;11100.01;6079
6084;2073600;11100.0;1.0;1.0;11100.0;0.01;11100.01;6084
6090;2073600;11100.0;1.0;1.0;11100.0;0.01;11100.01;6090
6124;2073600;11100.0;1.0;1.0;11100.0;0.01;11100.01;6124
6099;2073600;11100.0;1.0;1.0;11100.0;0.01;11100.01;6099
6108;2073600;11100.0;1.0;1.0;11100.0;0.01;11100.01;6108
6115;2073600;11100.0;1.0;1.0;11100.0;0.01;11100.01;6115
6118;2073600;11100.0;1.0;1.0;11100.0;0.01;11100.01;6118
6121;2073600;11100.0;1.0;1.0;11100.0;0.01;11100.01;6121
6122;2073600;11100.0;1.0;1.0;11100.0;0.01;11100.01;6122
6127;2073600;11100.0;1.0;1.0;11100.0;0.01;11100.01;6127
6131;2073600;11100.0;1.0;1.0;11100.0;0.01;11100.01;6131
6134;2073600;11100.0;1.0;1.0;11100.0;0.01;11100.01;6134
6136;2073600;11100.0;1.0;1.0;11100.0;0.01;11100.01;6136
7708;2073600;11100.0;1.0;1.0;11100.0;0.01;11100.01;7708
6139;2073600;11100.0;1.0;1.0;11100.0;0.01;11100.01;6139
6143;2073600;11100.0;1.0;1.0;11100.0;0.01;11100.01;6143
6145;2073600;11100.0;1.0;1.0;11100.0;0.01;11100.01;6145
6151;2073600;11100.0;1.0;1.0;11100.0;0.01;11100.01;6151
6155;2073600;11100.0;1.0;1.0;11100.0;0.01;11100.01;6155
6157;2073600;11100.0;1.0;1.0;11100.0;0.01;11100.01;6157
6158;2073600;11100.0;1.0;1.0;11100.0;0.01;11100.01;6158
6161;2073600;11100.0;1.0;1.0;11100.0;0.01;11100.01;6161
6170;2073600;11100.0;1.0;1.0;11100.0;0.01;11100.01;6170
6173;2073600;11100.0;1.0;1.0;11100.0;0.01;11100.01;6173
6181;2073600;11100.0;1.0;1.0;11100.0;0.01;11100.01;6181
6182;2073600;11100.0;1.0;1.0;11100.0;0.01;11100.01;6182
6185;2073600;11100.0;1.0;1.0;11100.0;0.01;11100.01;6185
6190;2073600;11100.0;1.0;1.0;11100.0;0.01;11100.01;6190
6191;2073600;11100.0;1.0;1.0;11100.0;0.01;11100.01;6191
6193;2073600;11100.0;1.0;1.0;11100.0;0.01;11100.01;6193
6194;2073600;11100.0;1.0;1.0;11100.0;0.01;11100.01;6194
6196;2073600;11100.0;1.0;1.0;11100.0;0.01;11100.01;6196
6197;2073600;11100.0;1.0;1.0;11100.0;0.01;11100.01;6197
6199;2073600;11100.0;1.0;1.0;11100.0;0.01;11100.01;6199
6206;2073600;11100.0;1.0;1.0;11100.0;0.01;11100.01;6206
6218;2073600;11100.0;1.0;1.0;11100.0;0.01;11100.01;6218
6220;2073600;11100.0;1.0;1.0;11100.0;0.01;11100.01;6220
6221;2073600;11100.0;1.0;1.0;11100.0;0.01;11100.01;6221
6226;2073600;11100.0;1.0;1.0;11100.0;0.01;11100.01;6226
6229;2073600;11100.0;1.0;1.0;11100.0;0.01;11100.01;6229
6230;2073600;11100.0;1.0;1.0;11100.0;0.01;11100.01;6230
6232;2073600;11100.0;1.0;1.0;11100.0;0.01;11100.01;6232
6238;2073600;11100.0;1.0;1.0;11100.0;0.01;11100.01;6238
6242;2073600;11100.0;1.0;1.0;11100.0;0.01;11100.01;6242
6244;2073600;11100.0;1.0;1.0;11100.0;0.01;11100.01;6244
6248;2073600;11100.0;1.0;1.0;11100.0;0.01;11100.01;6248
6251;2073600;11100.0;1.0;1.0;11100.0;0.01;11100.01;6251
6253;2073600;11100.0;1.0;1.0;11100.0;0.01;11100.01;6253
6254;2073600;11100.0;1.0;1.0;11100.0;0.01;11100.01;6254
6266;2073600;11100.0;1.0;1.0;11100.0;0.01;11100.01;6266
6268;2073600;11100.0;1.0;1.0;11100.0;0.01;11100.01;6268
6271;2073600;11100.0;1.0;1.0;11100.0;0.01;11100.01;6271
6277;2073600;11100.0;1.0;1.0;11100.0;0.01;11100.01;6277
6278;2073600;11100.0;1.0;1.0;11100.0;0.01;11100.01;6278
6281;2073600;11100.0;1.0;1.0;11100.0;0.01;11100.01;6281
6292;2073600;11100.0;1.0;1.0;11100.0;0.01;11100.01;6292
6295;2073600;11100.0;1.0;1.0;11100.0;0.01;11100.01;6295
6301;2073600;11100.0;1.0;1.0;11100.0;0.01;11100.01;6301
6304;2073600;11100.0;1.0;1.0;11100.0;0.01;11100.01;6304
6307;2073600;11100.0;1.0;1.0;11100.0;0.01;11100.01;6307
6310;2073600;11100.0;1.0;1.0;11100.0;0.01;11100.01;6310
6311;2073600;11100.0;1.0;1.0;11100.0;0.01;11100.01;6311
6313;2073600;11100.0;1.0;1.0;11100.0;0.01;11100.01;6313
6314;2073600;11100.0;1.0;1.0;11100.0;0.01;11100.01;6314
6316;2073600;11100.0;1.0;1.0;11100.0;0.01;11100.01;6316
6317;2073600;11100.0;1.0;1.0;11100.0;0.01;11100.01;6317
6319;2073600;11100.0;1.0;1.0;11100.0;0.01;11100.01;6319
6322;2073600;11100.0;1.0;1.0;11100.0;0.01;11100.01;6322
6323;2073600;11100.0;1.0;1.0;11100.0;0.01;11100.01;6323
6325;2073600;11100.0;1.0;1.0;11100.0;0.01;11100.01;6325
6326;2073600;11100.0;1.0;1.0;11100.0;0.01;11100.01;6326
6328;2073600;11100.0;1.0;1.0;11100.0;0.01;11100.01;6328
6329;2073600;11100.0;1.0;1.0;11100.0;0.01;11100.01;6329
6332;2073600;11100.0;1.0;1.0;11100.0;0.01;11100.01;6332
6335;2073600;11100.0;1.0;1.0;11100.0;0.01;11100.01;6335
6338;2073600;11100.0;1.0;1.0;11100.0;0.01;11100.01;6338
6340;2073600;11100.0;1.0;1.0;11100.0;0.01;11100.01;6340
6349;2073600;11100.0;1.0;1.0;11100.0;0.01;11100.01;6349
6350;2073600;11100.0;1.0;1.0;11100.0;0.01;11100.01;6350
6353;2073600;11100.0;1.0;1.0;11100.0;0.01;11100.01;6353
6359;2073600;11100.0;1.0;1.0;11100.0;0.01;11100.01;6359
6361;2073600;11100.0;1.0;1.0;11100.0;0.01;11100.01;6361
6362;2073600;11100.0;1.0;1.0;11100.0;0.01;11100.01;6362
6374;2073600;11100.0;1.0;1.0;11100.0;0.01;11100.01;6374
6379;2073600;11100.0;1.0;1.0;11100.0;0.01;11100.01;6379
6382;2073600;11100.0;1.0;1.0;11100.0;0.01;11100.01;6382
6383;2073600;11100.0;1.0;1.0;11100.0;0.01;11100.01;6383
6386;2073600;11100.0;1.0;1.0;11100.0;0.01;11100.01;6386
6391;2073600;11100.0;1.0;1.0;11100.0;0.01;11100.01;6391
6392;2073600;11100.0;1.0;1.0;11100.0;0.01;11100.01;6392
6398;2073600;11100.0;1.0;1.0;11100.0;0.01;11100.01;6398
6401;2073600;11100.0;1.0;1.0;11100.0;0.01;11100.01;6401
6406;2073600;11100.0;1.0;1.0;11100.0;0.01;11100.01;6406
6410;2073600;11100.0;1.0;1.0;11100.0;0.01;11100.01;6410
6412;2073600;11100.0;1.0;1.0;11100.0;0.01;11100.01;6412
6424;2073600;11100.0;1.0;1.0;11100.0;0.01;11100.01;6424
6430;2073600;11100.0;1.0;1.0;11100.0;0.01;11100.01;6430
6431;2073600;11100.0;1.0;1.0;11100.0;0.01;11100.01;6431
6434;2073600;11100.0;1.0;1.0;11100.0;0.01;11100.01;6434
6443;2073600;11100.0;1.0;1.0;11100.0;0.01;11100.01;6443
6445;2073600;11100.0;1.0;1.0;11100.0;0.01;11100.01;6445
6446;2073600;11100.0;1.0;1.0;11100.0;0.01;11100.01;6446
6451;2073600;11100.0;1.0;1.0;11100.0;0.01;11100.01;6451
6454;2073600;11100.0;1.0;1.0;11100.0;0.01;11100.01;6454
6457;2073600;11100.0;1.0;1.0;11100.0;0.01;11100.01;6457
6458;2073600;11100.0;1.0;1.0;11100.0;0.01;11100.01;6458
6461;2073600;11100.0;1.0;1.0;11100.0;0.01;11100.01;6461
6463;2073600;11100.0;1.0;1.0;11100.0;0.01;11100.01;6463
6467;2073600;11100.0;1.0;1.0;11100.0;0.01;11100.01;6467
6470;2073600;11100.0;1.0;1.0;11100.0;0.01;11100.01;6470
6473;2073600;11100.0;1.0;1.0;11100.0;0.01;11100.01;6473
6478;2073600;11100.0;1.0;1.0;11100.0;0.01;11100.01;6478
6481;2073600;11100.0;1.0;1.0;11100.0;0.01;11100.01;6481
6482;2073600;11100.0;1.0;1.0;11100.0;0.01;11100.01;6482
6487;2073600;11100.0;1.0;1.0;11100.0;0.01;11100.01;6487
6491;2073600;11100.0;1.0;1.0;11100.0;0.01;11100.01;6491
6493;2073600;11100.0;1.0;1.0;11100.0;0.01;11100.01;6493
6494;2073600;11100.0;1.0;1.0;11100.0;0.01;11100.01;6494
6497;2073600;11100.0;1.0;1.0;11100.0;0.01;11100.01;6497
6499;2073600;11100.0;1.0;1.0;11100.0;0.01;11100.01;6499
6506;2073600;11100.0;1.0;1.0;11100.0;0.01;11100.01;6506
6509;2073600;11100.0;1.0;1.0;11100.0;0.01;11100.01;6509
6517;2073600;11100.0;1.0;1.0;11100.0;0.01;11100.01;6517
6518;2073600;11100.0;1.0;1.0;11100.0;0.01;11100.01;6518
6521;2073600;11100.0;1.0;1.0;11100.0;0.01;11100.01;6521
6526;2073600;11100.0;1.0;1.0;11100.0;0.01;11100.01;6526
6532;2073600;11100.0;1.0;1.0;11100.0;0.01;11100.01;6532
6535;2073600;11100.0;1.0;1.0;11100.0;0.01;11100.01;6535
6541;2073600;11100.0;1.0;1.0;11100.0;0.01;11100.01;6541
6542;2073600;11100.0;1.0;1.0;11100.0;0.01;11100.01;6542
6544;2073600;11100.0;1.0;1.0;11100.0;0.01;11100.01;6544
6545;2073600;11100.0;1.0;1.0;11100.0;0.01;11100.01;6545
6553;2073600;11100.0;1.0;1.0;11100.0;0.01;11100.01;6553
6556;2073600;11100.0;1.0;1.0;11100.0;0.01;11100.01;6556
6554;2073600;11100.0;1.0;1.0;11100.0;0.01;11100.01;6554
6566;2073600;11100.0;1.0;1.0;11100.0;0.01;11100.01;6566
6568;2073600;11100.0;1.0;1.0;11100.0;0.01;11100.01;6568
6574;2073600;11100.0;1.0;1.0;11100.0;0.01;11100.01;6574
6580;2073600;11100.0;1.0;1.0;11100.0;0.01;11100.01;6580
6578;2073600;11100.0;1.0;1.0;11100.0;0.01;11100.01;6578
6586;2073600;11100.0;1.0;1.0;11100.0;0.01;11100.01;6586
6583;2073600;11100.0;1.0;1.0;11100.0;0.01;11100.01;6583
6590;2073600;11100.0;1.0;1.0;11100.0;0.01;11100.01;6590
6595;2073600;11100.0;1.0;1.0;11100.0;0.01;11100.01;6595
6601;2073600;11100.0;1.0;1.0;11100.0;0.01;11100.01;6601
6602;2073600;11100.0;1.0;1.0;11100.0;0.01;11100.01;6602
6604;2073600;11100.0;1.0;1.0;11100.0;0.01;11100.01;6604
6619;2073600;11100.0;1.0;1.0;11100.0;0.01;11100.01;6619
6622;2073600;11100.0;1.0;1.0;11100.0;0.01;11100.01;6622
6625;2073600;11100.0;1.0;1.0;11100.0;0.01;11100.01;6625
6640;2073600;11100.0;1.0;1.0;11100.0;0.01;11100.01;6640
6646;2073600;11100.0;1.0;1.0;11100.0;0.01;11100.01;6646
6649;2073600;11100.0;1.0;1.0;11100.0;0.01;11100.01;6649
6652;2073600;11100.0;1.0;1.0;11100.0;0.01;11100.01;6652
6655;2073600;11100.0;1.0;1.0;11100.0;0.01;11100.01;6655
6658;2073600;11100.0;1.0;1.0;11100.0;0.01;11100.01;6658
6664;2073600;11100.0;1.0;1.0;11100.0;0.01;11100.01;6664
6670;2073600;11100.0;1.0;1.0;11100.0;0.01;11100.01;6670
6676;2073600;11100.0;1.0;1.0;11100.0;0.01;11100.01;6676
6682;2073600;11100.0;1.0;1.0;11100.0;0.01;11100.01;6682
6685;2073600;11100.0;1.0;1.0;11100.0;0.01;11100.01;6685
6688;2073600;11100.0;1.0;1.0;11100.0;0.01;11100.01;6688
6694;2073600;11100.0;1.0;1.0;11100.0;0.01;11100.01;6694
6700;2073600;11100.0;1.0;1.0;11100.0;0.01;11100.01;6700
6709;2073600;11100.0;1.0;1.0;11100.0;0.01;11100.01;6709
6712;2073600;11100.0;1.0;1.0;11100.0;0.01;11100.01;6712
6715;2073600;11100.0;1.0;1.0;11100.0;0.01;11100.01;6715
6727;2073600;11100.0;1.0;1.0;11100.0;0.01;11100.01;6727
6733;2073600;11100.0;1.0;1.0;11100.0;0.01;11100.01;6733
6736;2073600;11100.0;1.0;1.0;11100.0;0.01;11100.01;6736
6739;2073600;11100.0;1.0;1.0;11100.0;0.01;11100.01;6739
6742;2073600;11100.0;1.0;1.0;11100.0;0.01;11100.01;6742
6751;2073600;11100.0;1.0;1.0;11100.0;0.01;11100.01;6751
6784;2073600;11100.0;1.0;1.0;11100.0;0.01;11100.01;6784
6757;2073600;11100.0;1.0;1.0;11100.0;0.01;11100.01;6757
6769;2073600;11100.0;1.0;1.0;11100.0;0.01;11100.01;6769
6770;2073600;11100.0;1.0;1.0;11100.0;0.01;11100.01;6770
6772;2073600;11100.0;1.0;1.0;11100.0;0.01;11100.01;6772
6775;2073600;11100.0;1.0;1.0;11100.0;0.01;11100.01;6775
6782;2073600;11100.0;1.0;1.0;11100.0;0.01;11100.01;6782
6781;2073600;11100.0;1.0;1.0;11100.0;0.01;11100.01;6781
6793;2073600;11100.0;1.0;1.0;11100.0;0.01;11100.01;6793
6796;2073600;11100.0;1.0;1.0;11100.0;0.01;11100.01;6796
6805;2073600;11100.0;1.0;1.0;11100.0;0.01;11100.01;6805
6808;2073600;11100.0;1.0;1.0;11100.0;0.01;11100.01;6808
6814;2073600;11100.0;1.0;1.0;11100.0;0.01;11100.01;6814
6847;2073600;11100.0;1.0;1.0;11100.0;0.01;11100.01;6847
6823;2073600;11100.0;1.0;1.0;11100.0;0.01;11100.01;6823
6826;2073600;11100.0;1.0;1.0;11100.0;0.01;11100.01;6826
6829;2073600;11100.0;1.0;1.0;11100.0;0.01;11100.01;6829
6844;2073600;11100.0;1.0;1.0;11100.0;0.01;11100.01;6844
6854;2073600;11100.0;1.0;1.0;11100.0;0.01;11100.01;6854
6860;2073600;11100.0;1.0;1.0;11100.0;0.01;11100.01;6860
6882;2073600;11100.0;1.0;1.0;11100.0;0.01;11100.01;6882
6884;2073600;11100.0;1.0;1.0;11100.0;0.01;11100.01;6884
6887;2073600;11100.0;1.0;1.0;11100.0;0.01;11100.01;6887
6890;2073600;11100.0;1.0;1.0;11100.0;0.01;11100.01;6890
6897;2073600;11100.0;1.0;1.0;11100.0;0.01;11100.01;6897
6899;2073600;11100.0;1.0;1.0;11100.0;0.01;11100.01;6899
6913;2073600;11100.0;1.0;1.0;11100.0;0.01;11100.01;6913
6919;2073600;11100.0;1.0;1.0;11100.0;0.01;11100.01;6919
6920;2073600;11100.0;1.0;1.0;11100.0;0.01;11100.01;6920
6937;2073600;11100.0;1.0;1.0;11100.0;0.01;11100.01;6937
6941;2073600;11100.0;1.0;1.0;11100.0;0.01;11100.01;6941
6944;2073600;11100.0;1.0;1.0;11100.0;0.01;11100.01;6944
6962;2073600;11100.0;1.0;1.0;11100.0;0.01;11100.01;6962
6974;2073600;11100.0;1.0;1.0;11100.0;0.01;11100.01;6974
6977;2073600;11100.0;1.0;1.0;11100.0;0.01;11100.01;6977
6980;2073600;11100.0;1.0;1.0;11100.0;0.01;11100.01;6980
6986;2073600;11100.0;1.0;1.0;11100.0;0.01;11100.01;6986
6989;2073600;11100.0;1.0;1.0;11100.0;0.01;11100.01;6989
6998;2073600;11100.0;1.0;1.0;11100.0;0.01;11100.01;6998
7008;2073600;11100.0;1.0;1.0;11100.0;0.01;11100.01;7008
7019;2073600;11100.0;1.0;1.0;11100.0;0.01;11100.01;7019
7020;2073600;11100.0;1.0;1.0;11100.0;0.01;11100.01;7020
7024;2073600;11100.0;1.0;1.0;11100.0;0.01;11100.01;7024
7040;2073600;11100.0;1.0;1.0;11100.0;0.01;11100.01;7040
7046;2073600;11100.0;1.0;1.0;11100.0;0.01;11100.01;7046
7050;2073600;11100.0;1.0;1.0;11100.0;0.01;11100.01;7050
7055;2073600;11100.0;1.0;1.0;11100.0;0.01;11100.01;7055
7059;2073600;11100.0;1.0;1.0;11100.0;0.01;11100.01;7059
7079;2073600;11100.0;1.0;1.0;11100.0;0.01;11100.01;7079
7082;2073600;11100.0;1.0;1.0;11100.0;0.01;11100.01;7082
7088;2073600;11100.0;1.0;1.0;11100.0;0.01;11100.01;7088
7097;2073600;11100.0;1.0;1.0;11100.0;0.01;11100.01;7097
7094;2073600;11100.0;1.0;1.0;11100.0;0.01;11100.01;7094
7101;2073600;11100.0;1.0;1.0;11100.0;0.01;11100.01;7101
7103;2073600;11100.0;1.0;1.0;11100.0;0.01;11100.01;7103
7106;2073600;11100.0;1.0;1.0;11100.0;0.01;11100.01;7106
7110;2073600;11100.0;1.0;1.0;11100.0;0.01;11100.01;7110
7112;2073600;11100.0;1.0;1.0;11100.0;0.01;11100.01;7112
7131;2073600;11100.0;1.0;1.0;11100.0;0.01;11100.01;7131
7136;2073600;11100.0;1.0;1.0;11100.0;0.01;11100.01;7136
7137;2073600;11100.0;1.0;1.0;11100.0;0.01;11100.01;7137
7140;2073600;11100.0;1.0;1.0;11100.0;0.01;11100.01;7140
7163;2073600;11100.0;1.0;1.0;11100.0;0.01;11100.01;7163
7164;2073600;11100.0;1.0;1.0;11100.0;0.01;11100.01;7164
7178;2073600;11100.0;1.0;1.0;11100.0;0.01;11100.01;7178
7186;2073600;11100.0;1.0;1.0;11100.0;0.01;11100.01;7186
7189;2073600;11100.0;1.0;1.0;11100.0;0.01;11100.01;7189
7190;2073600;11100.0;1.0;1.0;11100.0;0.01;11100.01;7190
7193;2073600;11100.0;1.0;1.0;11100.0;0.01;11100.01;7193
7195;2073600;11100.0;1.0;1.0;11100.0;0.01;11100.01;7195
7228;2073600;11100.0;1.0;1.0;11100.0;0.01;11100.01;7228
7231;2073600;11100.0;1.0;1.0;11100.0;0.01;11100.01;7231
7237;2073600;11100.0;1.0;1.0;11100.0;0.01;11100.01;7237
7250;2073600;11100.0;1.0;1.0;11100.0;0.01;11100.01;7250
7252;2073600;11100.0;1.0;1.0;11100.0;0.01;11100.01;7252
7261;2073600;11100.0;1.0;1.0;11100.0;0.01;11100.01;7261
7747;2073600;11100.0;1.0;1.0;11100.0;0.01;11100.01;7747
7453;2073600;11100.0;1.0;1.0;11100.0;0.01;11100.01;7453
7504;2073600;11100.0;1.0;1.0;11100.0;0.01;11100.01;7504
7510;2073600;11100.0;1.0;1.0;11100.0;0.01;11100.01;7510
7528;2073600;11100.0;1.0;1.0;11100.0;0.01;11100.01;7528
7573;2073600;11100.0;1.0;1.0;11100.0;0.01;11100.01;7573
7598;2073600;11100.0;1.0;1.0;11100.0;0.01;11100.01;7598
7603;2073600;11100.0;1.0;1.0;11100.0;0.01;11100.01;7603
7633;2073600;11100.0;1.0;1.0;11100.0;0.01;11100.01;7633
7642;2073600;11100.0;1.0;1.0;11100.0;0.01;11100.01;7642
7648;2073600;11100.0;1.0;1.0;11100.0;0.01;11100.01;7648
7660;2073600;11100.0;1.0;1.0;11100.0;0.01;11100.01;7660
7682;2073600;11100.0;1.0;1.0;11100.0;0.01;11100.01;7682
7690;2073600;11100.0;1.0;1.0;11100.0;0.01;11100.01;7690
7696;2073600;11100.0;1.0;1.0;11100.0;0.01;11100.01;7696
7717;2073600;11100.0;1.0;1.0;11100.0;0.01;11100.01;7717
7720;2073600;11100.0;1.0;1.0;11100.0;0.01;11100.01;7720
7726;2073600;11100.0;1.0;1.0;11100.0;0.01;11100.01;7726
7741;2073600;11100.0;1.0;1.0;11100.0;0.01;11100.01;7741
7753;2073600;11100.0;1.0;1.0;11100.0;0.01;11100.01;7753
7771;2073600;11100.0;1.0;1.0;11100.0;0.01;11100.01;7771
7777;2073600;11100.0;1.0;1.0;11100.0;0.01;11100.01;7777
7786;2073600;11100.0;1.0;1.0;11100.0;0.01;11100.01;7786
7795;2073600;11100.0;1.0;1.0;11100.0;0.01;11100.01;7795
7798;2073600;11100.0;1.0;1.0;11100.0;0.01;11100.01;7798
7804;2073600;11100.0;1.0;1.0;11100.0;0.01;11100.01;7804
7810;2073600;11100.0;1.0;1.0;11100.0;0.01;11100.01;7810
7828;2073600;11100.0;1.0;1.0;11100.0;0.01;11100.01;7828
7834;2073600;11100.0;1.0;1.0;11100.0;0.01;11100.01;7834
7852;2073600;11100.0;1.0;1.0;11100.0;0.01;11100.01;7852
7855;2073600;11100.0;1.0;1.0;11100.0;0.01;11100.01;7855
7876;2073600;11100.0;1.0;1.0;11100.0;0.01;11100.01;7876
7882;2073600;11100.0;1.0;1.0;11100.0;0.01;11100.01;7882
7885;2073600;11100.0;1.0;1.0;11100.0;0.01;11100.01;7885
7891;2073600;11100.0;1.0;1.0;11100.0;0.01;11100.01;7891
7900;2073600;11100.0;1.0;1.0;11100.0;0.01;11100.01;7900
7915;2073600;11100.0;1.0;1.0;11100.0;0.01;11100.01;7915
7921;2073600;11100.0;1.0;1.0;11100.0;0.01;11100.01;7921
7924;2073600;11100.0;1.0;1.0;11100.0;0.01;11100.01;7924
7927;2073600;11100.0;1.0;1.0;11100.0;0.01;11100.01;7927
7930;2073600;11100.0;1.0;1.0;11100.0;0.01;11100.01;7930
7939;2073600;11100.0;1.0;1.0;11100.0;0.01;11100.01;7939
7948;2073600;11100.0;1.0;1.0;11100.0;0.01;11100.01;7948
7954;2073600;11100.0;1.0;1.0;11100.0;0.01;11100.01;7954
7957;2073600;11100.0;1.0;1.0;11100.0;0.01;11100.01;7957
7960;2073600;11100.0;1.0;1.0;11100.0;0.01;11100.01;7960
7978;2073600;11100.0;1.0;1.0;11100.0;0.01;11100.01;7978
7981;2073600;11100.0;1.0;1.0;11100.0;0.01;11100.01;7981
7984;2073600;11100.0;1.0;1.0;11100.0;0.01;11100.01;7984
7987;2073600;11100.0;1.0;1.0;11100.0;0.01;11100.01;7987
7990;2073600;11100.0;1.0;1.0;11100.0;0.01;11100.01;7990
5;2073600;11400.0;1.0;1.0;11400.0;0.01;11400.01;5
116;2073600;11400.0;1.0;1.0;11400.0;0.01;11400.01;116
188;2073600;11400.0;1.0;1.0;11400.0;0.01;11400.01;188
255;2073600;11400.0;1.0;1.0;11400.0;0.01;11400.01;255
254;2073600;11400.0;1.0;1.0;11400.0;0.01;11400.01;254
260;2073600;11400.0;1.0;1.0;11400.0;0.01;11400.01;260
263;2073600;11400.0;1.0;1.0;11400.0;0.01;11400.01;263
272;2073600;11400.0;1.0;1.0;11400.0;0.01;11400.01;272
300;2073600;11400.0;1.0;1.0;11400.0;0.01;11400.01;300
305;2073600;11400.0;1.0;1.0;11400.0;0.01;11400.01;305
309;2073600;11400.0;1.0;1.0;11400.0;0.01;11400.01;309
312;2073600;11400.0;1.0;1.0;11400.0;0.01;11400.01;312
324;2073600;11400.0;1.0;1.0;11400.0;0.01;11400.01;324
351;2073600;11400.0;1.0;1.0;11400.0;0.01;11400.01;351
356;2073600;11400.0;1.0;1.0;11400.0;0.01;11400.01;356
359;2073600;11400.0;1.0;1.0;11400.0;0.01;11400.01;359
368;2073600;11400.0;1.0;1.0;11400.0;0.01;11400.01;368
449;2073600;11400.0;1.0;1.0;11400.0;0.01;11400.01;449
483;2073600;11400.0;1.0;1.0;11400.0;0.01;11400.01;483
485;2073600;11400.0;1.0;1.0;11400.0;0.01;11400.01;485
495;2073600;11400.0;1.0;1.0;11400.0;0.01;11400.01;495
501;2073600;11400.0;1.0;1.0;11400.0;0.01;11400.01;501
504;2073600;11400.0;1.0;1.0;11400.0;0.01;11400.01;504
507;2073600;11400.0;1.0;1.0;11400.0;0.01;11400.01;507
512;2073600;11400.0;1.0;1.0;11400.0;0.01;11400.01;512
536;2073600;11400.0;1.0;1.0;11400.0;0.01;11400.01;536
599;2073600;11400.0;1.0;1.0;11400.0;0.01;11400.01;599
674;2073600;11400.0;1.0;1.0;11400.0;0.01;11400.01;674
788;2073600;11400.0;1.0;1.0;11400.0;0.01;11400.01;788
812;2073600;11400.0;1.0;1.0;11400.0;0.01;11400.01;812
869;2073600;11400.0;1.0;1.0;11400.0;0.01;11400.01;869
1142;2073600;11400.0;1.0;1.0;11400.0;0.01;11400.01;1142
1176;2073600;11400.0;1.0;1.0;11400.0;0.01;11400.01;1176
1182;2073600;11400.0;1.0;1.0;11400.0;0.01;11400.01;1182
1185;2073600;11400.0;1.0;1.0;11400.0;0.01;11400.01;1185
1191;2073600;11400.0;1.0;1.0;11400.0;0.01;11400.01;1191
1190;2073600;11400.0;1.0;1.0;11400.0;0.01;11400.01;1190
1196;2073600;11400.0;1.0;1.0;11400.0;0.01;11400.01;1196
1205;2073600;11400.0;1.0;1.0;11400.0;0.01;11400.01;1205
1206;2073600;11400.0;1.0;1.0;11400.0;0.01;11400.01;1206
1218;2073600;11400.0;1.0;1.0;11400.0;0.01;11400.01;1218
1223;2073600;11400.0;1.0;1.0;11400.0;0.01;11400.01;1223
1224;2073600;11400.0;1.0;1.0;11400.0;0.01;11400.01;1224
1227;2073600;11400.0;1.0;1.0;11400.0;0.01;11400.01;1227
1244;2073600;11400.0;1.0;1.0;11400.0;0.01;11400.01;1244
1250;2073600;11400.0;1.0;1.0;11400.0;0.01;11400.01;1250
1266;2073600;11400.0;1.0;1.0;11400.0;0.01;11400.01;1266
1280;2073600;11400.0;1.0;1.0;11400.0;0.01;11400.01;1280
1320;2073600;11400.0;1.0;1.0;11400.0;0.01;11400.01;1320
1284;2073600;11400.0;1.0;1.0;11400.0;0.01;11400.01;1284
1286;2073600;11400.0;1.0;1.0;11400.0;0.01;11400.01;1286
1290;2073600;11400.0;1.0;1.0;11400.0;0.01;11400.01;1290
1289;2073600;11400.0;1.0;1.0;11400.0;0.01;11400.01;1289
1293;2073600;11400.0;1.0;1.0;11400.0;0.01;11400.01;1293
1301;2073600;11400.0;1.0;1.0;11400.0;0.01;11400.01;1301
1305;2073600;11400.0;1.0;1.0;11400.0;0.01;11400.01;1305
1313;2073600;11400.0;1.0;1.0;11400.0;0.01;11400.01;1313
1337;2073600;11400.0;1.0;1.0;11400.0;0.01;11400.01;1337
1359;2073600;11400.0;1.0;1.0;11400.0;0.01;11400.01;1359
1367;2073600;11400.0;1.0;1.0;11400.0;0.01;11400.01;1367
1376;2073600;11400.0;1.0;1.0;11400.0;0.01;11400.01;1376
1377;2073600;11400.0;1.0;1.0;11400.0;0.01;11400.01;1377
1383;2073600;11400.0;1.0;1.0;11400.0;0.01;11400.01;1383
1391;2073600;11400.0;1.0;1.0;11400.0;0.01;11400.01;1391
1394;2073600;11400.0;1.0;1.0;11400.0;0.01;11400.01;1394
1397;2073600;11400.0;1.0;1.0;11400.0;0.01;11400.01;1397
1401;2073600;11400.0;1.0;1.0;11400.0;0.01;11400.01;1401
1410;2073600;11400.0;1.0;1.0;11400.0;0.01;11400.01;1410
1412;2073600;11400.0;1.0;1.0;11400.0;0.01;11400.01;1412
1416;2073600;11400.0;1.0;1.0;11400.0;0.01;11400.01;1416
1428;2073600;11400.0;1.0;1.0;11400.0;0.01;11400.01;1428
1439;2073600;11400.0;1.0;1.0;11400.0;0.01;11400.01;1439
1448;2073600;11400.0;1.0;1.0;11400.0;0.01;11400.01;1448
1454;2073600;11400.0;1.0;1.0;11400.0;0.01;11400.01;1454
1458;2073600;11400.0;1.0;1.0;11400.0;0.01;11400.01;1458
1551;2073600;11400.0;1.0;1.0;11400.0;0.01;11400.01;1551
1473;2073600;11400.0;1.0;1.0;11400.0;0.01;11400.01;1473
1476;2073600;11400.0;1.0;1.0;11400.0;0.01;11400.01;1476
1478;2073600;11400.0;1.0;1.0;11400.0;0.01;11400.01;1478
1487;2073600;11400.0;1.0;1.0;11400.0;0.01;11400.01;1487
1506;2073600;11400.0;1.0;1.0;11400.0;0.01;11400.01;1506
1517;2073600;11400.0;1.0;1.0;11400.0;0.01;11400.01;1517
1520;2073600;11400.0;1.0;1.0;11400.0;0.01;11400.01;1520
1527;2073600;11400.0;1.0;1.0;11400.0;0.01;11400.01;1527
1532;2073600;11400.0;1.0;1.0;11400.0;0.01;11400.01;1532
1556;2073600;11400.0;1.0;1.0;11400.0;0.01;11400.01;1556
1569;2073600;11400.0;1.0;1.0;11400.0;0.01;11400.01;1569
1584;2073600;11400.0;1.0;1.0;11400.0;0.01;11400.01;1584
1880;2073600;11400.0;1.0;1.0;11400.0;0.01;11400.01;1880
2000;2073600;11400.0;1.0;1.0;11400.0;0.01;11400.01;2000
2036;2073600;11400.0;1.0;1.0;11400.0;0.01;11400.01;2036
2223;2073600;11400.0;1.0;1.0;11400.0;0.01;11400.01;2223
2232;2073600;11400.0;1.0;1.0;11400.0;0.01;11400.01;2232
2256;2073600;11400.0;1.0;1.0;11400.0;0.01;11400.01;2256
2279;2073600;11400.0;1.0;1.0;11400.0;0.01;11400.01;2279
2285;2073600;11400.0;1.0;1.0;11400.0;0.01;11400.01;2285
2288;2073600;11400.0;1.0;1.0;11400.0;0.01;11400.01;2288
2336;2073600;11400.0;1.0;1.0;11400.0;0.01;11400.01;2336
2344;2073600;11400.0;1.0;1.0;11400.0;0.01;11400.01;2344
2717;2073600;11400.0;1.0;1.0;11400.0;0.01;11400.01;2717
2533;2073600;11400.0;1.0;1.0;11400.0;0.01;11400.01;2533
2555;2073600;11400.0;1.0;1.0;11400.0;0.01;11400.01;2555
2573;2073600;11400.0;1.0;1.0;11400.0;0.01;11400.01;2573
2579;2073600;11400.0;1.0;1.0;11400.0;0.01;11400.01;2579
2603;2073600;11400.0;1.0;1.0;11400.0;0.01;11400.01;2603
2608;2073600;11400.0;1.0;1.0;11400.0;0.01;11400.01;2608
2641;2073600;11400.0;1.0;1.0;11400.0;0.01;11400.01;2641
2647;2073600;11400.0;1.0;1.0;11400.0;0.01;11400.01;2647
6256;2073600;11400.0;1.0;1.0;11400.0;0.01;11400.01;6256
2665;2073600;11400.0;1.0;1.0;11400.0;0.01;11400.01;2665
2674;2073600;11400.0;1.0;1.0;11400.0;0.01;11400.01;2674
2677;2073600;11400.0;1.0;1.0;11400.0;0.01;11400.01;2677
2689;2073600;11400.0;1.0;1.0;11400.0;0.01;11400.01;2689
2693;2073600;11400.0;1.0;1.0;11400.0;0.01;11400.01;2693
2707;2073600;11400.0;1.0;1.0;11400.0;0.01;11400.01;2707
2708;2073600;11400.0;1.0;1.0;11400.0;0.01;11400.01;2708
2714;2073600;11400.0;1.0;1.0;11400.0;0.01;11400.01;2714
2731;2073600;11400.0;1.0;1.0;11400.0;0.01;11400.01;2731
2960;2073600;11400.0;1.0;1.0;11400.0;0.01;11400.01;2960
2998;2073600;11400.0;1.0;1.0;11400.0;0.01;11400.01;2998
3140;2073600;11400.0;1.0;1.0;11400.0;0.01;11400.01;3140
3164;2073600;11400.0;1.0;1.0;11400.0;0.01;11400.01;3164
3169;2073600;11400.0;1.0;1.0;11400.0;0.01;11400.01;3169
3173;2073600;11400.0;1.0;1.0;11400.0;0.01;11400.01;3173
3175;2073600;11400.0;1.0;1.0;11400.0;0.01;11400.01;3175
3184;2073600;11400.0;1.0;1.0;11400.0;0.01;11400.01;3184
3193;2073600;11400.0;1.0;1.0;11400.0;0.01;11400.01;3193
3203;2073600;11400.0;1.0;1.0;11400.0;0.01;11400.01;3203
3223;2073600;11400.0;1.0;1.0;11400.0;0.01;11400.01;3223
3253;2073600;11400.0;1.0;1.0;11400.0;0.01;11400.01;3253
3259;2073600;11400.0;1.0;1.0;11400.0;0.01;11400.01;3259
3260;2073600;11400.0;1.0;1.0;11400.0;0.01;11400.01;3260
4039;2073600;11400.0;1.0;1.0;11400.0;0.01;11400.01;4039
4049;2073600;11400.0;1.0;1.0;11400.0;0.01;11400.01;4049
4087;2073600;11400.0;1.0;1.0;11400.0;0.01;11400.01;4087
4105;2073600;11400.0;1.0;1.0;11400.0;0.01;11400.01;4105
4109;2073600;11400.0;1.0;1.0;11400.0;0.01;11400.01;4109
4111;2073600;11400.0;1.0;1.0;11400.0;0.01;11400.01;4111
4114;2073600;11400.0;1.0;1.0;11400.0;0.01;11400.01;4114
4124;2073600;11400.0;1.0;1.0;11400.0;0.01;11400.01;4124
4126;2073600;11400.0;1.0;1.0;11400.0;0.01;11400.01;4126
4139;2073600;11400.0;1.0;1.0;11400.0;0.01;11400.01;4139
4150;2073600;11400.0;1.0;1.0;11400.0;0.01;11400.01;4150
4153;2073600;11400.0;1.0;1.0;11400.0;0.01;11400.01;4153
4159;2073600;11400.0;1.0;1.0;11400.0;0.01;11400.01;4159
4162;2073600;11400.0;1.0;1.0;11400.0;0.01;11400.01;4162
4196;2073600;11400.0;1.0;1.0;11400.0;0.01;11400.01;4196
4201;2073600;11400.0;1.0;1.0;11400.0;0.01;11400.01;4201
4243;2073600;11400.0;1.0;1.0;11400.0;0.01;11400.01;4243
4249;2073600;11400.0;1.0;1.0;11400.0;0.01;11400.01;4249
6235;2073600;11400.0;1.0;1.0;11400.0;0.01;11400.01;6235
4264;2073600;11400.0;1.0;1.0;11400.0;0.01;11400.01;4264
4268;2073600;11400.0;1.0;1.0;11400.0;0.01;11400.01;4268
4271;2073600;11400.0;1.0;1.0;11400.0;0.01;11400.01;4271
4295;2073600;11400.0;1.0;1.0;11400.0;0.01;11400.01;4295
4301;2073600;11400.0;1.0;1.0;11400.0;0.01;11400.01;4301
4313;2073600;11400.0;1.0;1.0;11400.0;0.01;11400.01;4313
4462;2073600;11400.0;1.0;1.0;11400.0;0.01;11400.01;4462
4501;2073600;11400.0;1.0;1.0;11400.0;0.01;11400.01;4501
4629;2073600;11400.0;1.0;1.0;11400.0;0.01;11400.01;4629
4695;2073600;11400.0;1.0;1.0;11400.0;0.01;11400.01;4695
4827;2073600;11400.0;1.0;1.0;11400.0;0.01;11400.01;4827
7026;2073600;11400.0;1.0;1.0;11400.0;0.01;11400.01;7026
5229;2073600;11400.0;1.0;1.0;11400.0;0.01;11400.01;5229
5232;2073600;11400.0;1.0;1.0;11400.0;0.01;11400.01;5232
7035;2073600;11400.0;1.0;1.0;11400.0;0.01;11400.01;7035
5760;2073600;11400.0;1.0;1.0;11400.0;0.01;11400.01;5760
5782;2073600;11400.0;1.0;1.0;11400.0;0.01;11400.01;5782
5788;2073600;11400.0;1.0;1.0;11400.0;0.01;11400.01;5788
5848;2073600;11400.0;1.0;1.0;11400.0;0.01;11400.01;5848
5869;2073600;11400.0;1.0;1.0;11400.0;0.01;11400.01;5869
5872;2073600;11400.0;1.0;1.0;11400.0;0.01;11400.01;5872
5911;2073600;11400.0;1.0;1.0;11400.0;0.01;11400.01;5911
5933;2073600;11400.0;1.0;1.0;11400.0;0.01;11400.01;5933
5936;2073600;11400.0;1.0;1.0;11400.0;0.01;11400.01;5936
5951;2073600;11400.0;1.0;1.0;11400.0;0.01;11400.01;5951
5956;2073600;11400.0;1.0;1.0;11400.0;0.01;11400.01;5956
5957;2073600;11400.0;1.0;1.0;11400.0;0.01;11400.01;5957
5960;2073600;11400.0;1.0;1.0;11400.0;0.01;11400.01;5960
5963;2073600;11400.0;1.0;1.0;11400.0;0.01;11400.01;5963
5974;2073600;11400.0;1.0;1.0;11400.0;0.01;11400.01;5974
5965;2073600;11400.0;1.0;1.0;11400.0;0.01;11400.01;5965
5969;2073600;11400.0;1.0;1.0;11400.0;0.01;11400.01;5969
5975;2073600;11400.0;1.0;1.0;11400.0;0.01;11400.01;5975
5984;2073600;11400.0;1.0;1.0;11400.0;0.01;11400.01;5984
5996;2073600;11400.0;1.0;1.0;11400.0;0.01;11400.01;5996
5999;2073600;11400.0;1.0;1.0;11400.0;0.01;11400.01;5999
6008;2073600;11400.0;1.0;1.0;11400.0;0.01;11400.01;6008
6037;2073600;11400.0;1.0;1.0;11400.0;0.01;11400.01;6037
6056;2073600;11400.0;1.0;1.0;11400.0;0.01;11400.01;6056
6059;2073600;11400.0;1.0;1.0;11400.0;0.01;11400.01;6059
6065;2073600;11400.0;1.0;1.0;11400.0;0.01;11400.01;6065
6067;2073600;11400.0;1.0;1.0;11400.0;0.01;11400.01;6067
6071;2073600;11400.0;1.0;1.0;11400.0;0.01;11400.01;6071
6078;2073600;11400.0;1.0;1.0;11400.0;0.01;11400.01;6078
6119;2073600;11400.0;1.0;1.0;11400.0;0.01;11400.01;6119
6125;2073600;11400.0;1.0;1.0;11400.0;0.01;11400.01;6125
6128;2073600;11400.0;1.0;1.0;11400.0;0.01;11400.01;6128
6130;2073600;11400.0;1.0;1.0;11400.0;0.01;11400.01;6130
6289;2073600;11400.0;1.0;1.0;11400.0;0.01;11400.01;6289
6133;2073600;11400.0;1.0;1.0;11400.0;0.01;11400.01;6133
6137;2073600;11400.0;1.0;1.0;11400.0;0.01;11400.01;6137
6140;2073600;11400.0;1.0;1.0;11400.0;0.01;11400.01;6140
6142;2073600;11400.0;1.0;1.0;11400.0;0.01;11400.01;6142
6146;2073600;11400.0;1.0;1.0;11400.0;0.01;11400.01;6146
6148;2073600;11400.0;1.0;1.0;11400.0;0.01;11400.01;6148
6149;2073600;11400.0;1.0;1.0;11400.0;0.01;11400.01;6149
6152;2073600;11400.0;1.0;1.0;11400.0;0.01;11400.01;6152
6160;2073600;11400.0;1.0;1.0;11400.0;0.01;11400.01;6160
6163;2073600;11400.0;1.0;1.0;11400.0;0.01;11400.01;6163
6164;2073600;11400.0;1.0;1.0;11400.0;0.01;11400.01;6164
6166;2073600;11400.0;1.0;1.0;11400.0;0.01;11400.01;6166
6167;2073600;11400.0;1.0;1.0;11400.0;0.01;11400.01;6167
6169;2073600;11400.0;1.0;1.0;11400.0;0.01;11400.01;6169
6172;2073600;11400.0;1.0;1.0;11400.0;0.01;11400.01;6172
6175;2073600;11400.0;1.0;1.0;11400.0;0.01;11400.01;6175
6176;2073600;11400.0;1.0;1.0;11400.0;0.01;11400.01;6176
6178;2073600;11400.0;1.0;1.0;11400.0;0.01;11400.01;6178
6179;2073600;11400.0;1.0;1.0;11400.0;0.01;11400.01;6179
6184;2073600;11400.0;1.0;1.0;11400.0;0.01;11400.01;6184
6187;2073600;11400.0;1.0;1.0;11400.0;0.01;11400.01;6187
6200;2073600;11400.0;1.0;1.0;11400.0;0.01;11400.01;6200
6202;2073600;11400.0;1.0;1.0;11400.0;0.01;11400.01;6202
6203;2073600;11400.0;1.0;1.0;11400.0;0.01;11400.01;6203
6205;2073600;11400.0;1.0;1.0;11400.0;0.01;11400.01;6205
6212;2073600;11400.0;1.0;1.0;11400.0;0.01;11400.01;6212
6214;2073600;11400.0;1.0;1.0;11400.0;0.01;11400.01;6214
6215;2073600;11400.0;1.0;1.0;11400.0;0.01;11400.01;6215
6217;2073600;11400.0;1.0;1.0;11400.0;0.01;11400.01;6217
6223;2073600;11400.0;1.0;1.0;11400.0;0.01;11400.01;6223
6224;2073600;11400.0;1.0;1.0;11400.0;0.01;11400.01;6224
6227;2073600;11400.0;1.0;1.0;11400.0;0.01;11400.01;6227
6233;2073600;11400.0;1.0;1.0;11400.0;0.01;11400.01;6233
6236;2073600;11400.0;1.0;1.0;11400.0;0.01;11400.01;6236
6239;2073600;11400.0;1.0;1.0;11400.0;0.01;11400.01;6239
6241;2073600;11400.0;1.0;1.0;11400.0;0.01;11400.01;6241
6245;2073600;11400.0;1.0;1.0;11400.0;0.01;11400.01;6245
6247;2073600;11400.0;1.0;1.0;11400.0;0.01;11400.01;6247
6250;2073600;11400.0;1.0;1.0;11400.0;0.01;11400.01;6250
6257;2073600;11400.0;1.0;1.0;11400.0;0.01;11400.01;6257
6259;2073600;11400.0;1.0;1.0;11400.0;0.01;11400.01;6259
6260;2073600;11400.0;1.0;1.0;11400.0;0.01;11400.01;6260
6262;2073600;11400.0;1.0;1.0;11400.0;0.01;11400.01;6262
6263;2073600;11400.0;1.0;1.0;11400.0;0.01;11400.01;6263
6265;2073600;11400.0;1.0;1.0;11400.0;0.01;11400.01;6265
6269;2073600;11400.0;1.0;1.0;11400.0;0.01;11400.01;6269
6272;2073600;11400.0;1.0;1.0;11400.0;0.01;11400.01;6272
6274;2073600;11400.0;1.0;1.0;11400.0;0.01;11400.01;6274
6275;2073600;11400.0;1.0;1.0;11400.0;0.01;11400.01;6275
6283;2073600;11400.0;1.0;1.0;11400.0;0.01;11400.01;6283
6284;2073600;11400.0;1.0;1.0;11400.0;0.01;11400.01;6284
6286;2073600;11400.0;1.0;1.0;11400.0;0.01;11400.01;6286
6287;2073600;11400.0;1.0;1.0;11400.0;0.01;11400.01;6287
6290;2073600;11400.0;1.0;1.0;11400.0;0.01;11400.01;6290
6293;2073600;11400.0;1.0;1.0;11400.0;0.01;11400.01;6293
6296;2073600;11400.0;1.0;1.0;11400.0;0.01;11400.01;6296
6299;2073600;11400.0;1.0;1.0;11400.0;0.01;11400.01;6299
6305;2073600;11400.0;1.0;1.0;11400.0;0.01;11400.01;6305
6308;2073600;11400.0;1.0;1.0;11400.0;0.01;11400.01;6308
6320;2073600;11400.0;1.0;1.0;11400.0;0.01;11400.01;6320
6334;2073600;11400.0;1.0;1.0;11400.0;0.01;11400.01;6334
6341;2073600;11400.0;1.0;1.0;11400.0;0.01;11400.01;6341
6344;2073600;11400.0;1.0;1.0;11400.0;0.01;11400.01;6344
6346;2073600;11400.0;1.0;1.0;11400.0;0.01;11400.01;6346
6347;2073600;11400.0;1.0;1.0;11400.0;0.01;11400.01;6347
6352;2073600;11400.0;1.0;1.0;11400.0;0.01;11400.01;6352
6358;2073600;11400.0;1.0;1.0;11400.0;0.01;11400.01;6358
6365;2073600;11400.0;1.0;1.0;11400.0;0.01;11400.01;6365
6367;2073600;11400.0;1.0;1.0;11400.0;0.01;11400.01;6367
6368;2073600;11400.0;1.0;1.0;11400.0;0.01;11400.01;6368
6371;2073600;11400.0;1.0;1.0;11400.0;0.01;11400.01;6371
6373;2073600;11400.0;1.0;1.0;11400.0;0.01;11400.01;6373
6376;2073600;11400.0;1.0;1.0;11400.0;0.01;11400.01;6376
6377;2073600;11400.0;1.0;1.0;11400.0;0.01;11400.01;6377
6380;2073600;11400.0;1.0;1.0;11400.0;0.01;11400.01;6380
6385;2073600;11400.0;1.0;1.0;11400.0;0.01;11400.01;6385
6388;2073600;11400.0;1.0;1.0;11400.0;0.01;11400.01;6388
6389;2073600;11400.0;1.0;1.0;11400.0;0.01;11400.01;6389
6395;2073600;11400.0;1.0;1.0;11400.0;0.01;11400.01;6395
6397;2073600;11400.0;1.0;1.0;11400.0;0.01;11400.01;6397
6400;2073600;11400.0;1.0;1.0;11400.0;0.01;11400.01;6400
6403;2073600;11400.0;1.0;1.0;11400.0;0.01;11400.01;6403
6407;2073600;11400.0;1.0;1.0;11400.0;0.01;11400.01;6407
6409;2073600;11400.0;1.0;1.0;11400.0;0.01;11400.01;6409
6413;2073600;11400.0;1.0;1.0;11400.0;0.01;11400.01;6413
6415;2073600;11400.0;1.0;1.0;11400.0;0.01;11400.01;6415
6416;2073600;11400.0;1.0;1.0;11400.0;0.01;11400.01;6416
6418;2073600;11400.0;1.0;1.0;11400.0;0.01;11400.01;6418
6419;2073600;11400.0;1.0;1.0;11400.0;0.01;11400.01;6419
6421;2073600;11400.0;1.0;1.0;11400.0;0.01;11400.01;6421
6425;2073600;11400.0;1.0;1.0;11400.0;0.01;11400.01;6425
6427;2073600;11400.0;1.0;1.0;11400.0;0.01;11400.01;6427
6428;2073600;11400.0;1.0;1.0;11400.0;0.01;11400.01;6428
6433;2073600;11400.0;1.0;1.0;11400.0;0.01;11400.01;6433
6436;2073600;11400.0;1.0;1.0;11400.0;0.01;11400.01;6436
6437;2073600;11400.0;1.0;1.0;11400.0;0.01;11400.01;6437
6439;2073600;11400.0;1.0;1.0;11400.0;0.01;11400.01;6439
6442;2073600;11400.0;1.0;1.0;11400.0;0.01;11400.01;6442
6440;2073600;11400.0;1.0;1.0;11400.0;0.01;11400.01;6440
6448;2073600;11400.0;1.0;1.0;11400.0;0.01;11400.01;6448
6449;2073600;11400.0;1.0;1.0;11400.0;0.01;11400.01;6449
6452;2073600;11400.0;1.0;1.0;11400.0;0.01;11400.01;6452
6460;2073600;11400.0;1.0;1.0;11400.0;0.01;11400.01;6460
6464;2073600;11400.0;1.0;1.0;11400.0;0.01;11400.01;6464
6466;2073600;11400.0;1.0;1.0;11400.0;0.01;11400.01;6466
6469;2073600;11400.0;1.0;1.0;11400.0;0.01;11400.01;6469
6520;2073600;11400.0;1.0;1.0;11400.0;0.01;11400.01;6520
6472;2073600;11400.0;1.0;1.0;11400.0;0.01;11400.01;6472
6475;2073600;11400.0;1.0;1.0;11400.0;0.01;11400.01;6475
6479;2073600;11400.0;1.0;1.0;11400.0;0.01;11400.01;6479
6484;2073600;11400.0;1.0;1.0;11400.0;0.01;11400.01;6484
6485;2073600;11400.0;1.0;1.0;11400.0;0.01;11400.01;6485
6488;2073600;11400.0;1.0;1.0;11400.0;0.01;11400.01;6488
6490;2073600;11400.0;1.0;1.0;11400.0;0.01;11400.01;6490
6496;2073600;11400.0;1.0;1.0;11400.0;0.01;11400.01;6496
6500;2073600;11400.0;1.0;1.0;11400.0;0.01;11400.01;6500
6502;2073600;11400.0;1.0;1.0;11400.0;0.01;11400.01;6502
6503;2073600;11400.0;1.0;1.0;11400.0;0.01;11400.01;6503
6505;2073600;11400.0;1.0;1.0;11400.0;0.01;11400.01;6505
6508;2073600;11400.0;1.0;1.0;11400.0;0.01;11400.01;6508
6511;2073600;11400.0;1.0;1.0;11400.0;0.01;11400.01;6511
6512;2073600;11400.0;1.0;1.0;11400.0;0.01;11400.01;6512
6514;2073600;11400.0;1.0;1.0;11400.0;0.01;11400.01;6514
6515;2073600;11400.0;1.0;1.0;11400.0;0.01;11400.01;6515
6523;2073600;11400.0;1.0;1.0;11400.0;0.01;11400.01;6523
6524;2073600;11400.0;1.0;1.0;11400.0;0.01;11400.01;6524
6527;2073600;11400.0;1.0;1.0;11400.0;0.01;11400.01;6527
6529;2073600;11400.0;1.0;1.0;11400.0;0.01;11400.01;6529
6530;2073600;11400.0;1.0;1.0;11400.0;0.01;11400.01;6530
6533;2073600;11400.0;1.0;1.0;11400.0;0.01;11400.01;6533
6536;2073600;11400.0;1.0;1.0;11400.0;0.01;11400.01;6536
6538;2073600;11400.0;1.0;1.0;11400.0;0.01;11400.01;6538
6539;2073600;11400.0;1.0;1.0;11400.0;0.01;11400.01;6539
6547;2073600;11400.0;1.0;1.0;11400.0;0.01;11400.01;6547
6548;2073600;11400.0;1.0;1.0;11400.0;0.01;11400.01;6548
6550;2073600;11400.0;1.0;1.0;11400.0;0.01;11400.01;6550
6551;2073600;11400.0;1.0;1.0;11400.0;0.01;11400.01;6551
6557;2073600;11400.0;1.0;1.0;11400.0;0.01;11400.01;6557
6559;2073600;11400.0;1.0;1.0;11400.0;0.01;11400.01;6559
6560;2073600;11400.0;1.0;1.0;11400.0;0.01;11400.01;6560
6563;2073600;11400.0;1.0;1.0;11400.0;0.01;11400.01;6563
6565;2073600;11400.0;1.0;1.0;11400.0;0.01;11400.01;6565
6569;2073600;11400.0;1.0;1.0;11400.0;0.01;11400.01;6569
6571;2073600;11400.0;1.0;1.0;11400.0;0.01;11400.01;6571
6572;2073600;11400.0;1.0;1.0;11400.0;0.01;11400.01;6572
6577;2073600;11400.0;1.0;1.0;11400.0;0.01;11400.01;6577
6596;2073600;11400.0;1.0;1.0;11400.0;0.01;11400.01;6596
6611;2073600;11400.0;1.0;1.0;11400.0;0.01;11400.01;6611
6614;2073600;11400.0;1.0;1.0;11400.0;0.01;11400.01;6614
6626;2073600;11400.0;1.0;1.0;11400.0;0.01;11400.01;6626
6638;2073600;11400.0;1.0;1.0;11400.0;0.01;11400.01;6638
6679;2073600;11400.0;1.0;1.0;11400.0;0.01;11400.01;6679
6718;2073600;11400.0;1.0;1.0;11400.0;0.01;11400.01;6718
6722;2073600;11400.0;1.0;1.0;11400.0;0.01;11400.01;6722
6725;2073600;11400.0;1.0;1.0;11400.0;0.01;11400.01;6725
6731;2073600;11400.0;1.0;1.0;11400.0;0.01;11400.01;6731
6740;2073600;11400.0;1.0;1.0;11400.0;0.01;11400.01;6740
6746;2073600;11400.0;1.0;1.0;11400.0;0.01;11400.01;6746
6758;2073600;11400.0;1.0;1.0;11400.0;0.01;11400.01;6758
6791;2073600;11400.0;1.0;1.0;11400.0;0.01;11400.01;6791
6799;2073600;11400.0;1.0;1.0;11400.0;0.01;11400.01;6799
6800;2073600;11400.0;1.0;1.0;11400.0;0.01;11400.01;6800
6806;2073600;11400.0;1.0;1.0;11400.0;0.01;11400.01;6806
6830;2073600;11400.0;1.0;1.0;11400.0;0.01;11400.01;6830
6855;2073600;11400.0;1.0;1.0;11400.0;0.01;11400.01;6855
6858;2073600;11400.0;1.0;1.0;11400.0;0.01;11400.01;6858
6878;2073600;11400.0;1.0;1.0;11400.0;0.01;11400.01;6878
6881;2073600;11400.0;1.0;1.0;11400.0;0.01;11400.01;6881
6891;2073600;11400.0;1.0;1.0;11400.0;0.01;11400.01;6891
6893;2073600;11400.0;1.0;1.0;11400.0;0.01;11400.01;6893
6900;2073600;11400.0;1.0;1.0;11400.0;0.01;11400.01;6900
6903;2073600;11400.0;1.0;1.0;11400.0;0.01;11400.01;6903
6905;2073600;11400.0;1.0;1.0;11400.0;0.01;11400.01;6905
6908;2073600;11400.0;1.0;1.0;11400.0;0.01;11400.01;6908
6914;2073600;11400.0;1.0;1.0;11400.0;0.01;11400.01;6914
6915;2073600;11400.0;1.0;1.0;11400.0;0.01;11400.01;6915
6917;2073600;11400.0;1.0;1.0;11400.0;0.01;11400.01;6917
6921;2073600;11400.0;1.0;1.0;11400.0;0.01;11400.01;6921
6959;2073600;11400.0;1.0;1.0;11400.0;0.01;11400.01;6959
6960;2073600;11400.0;1.0;1.0;11400.0;0.01;11400.01;6960
6965;2073600;11400.0;1.0;1.0;11400.0;0.01;11400.01;6965
6968;2073600;11400.0;1.0;1.0;11400.0;0.01;11400.01;6968
6971;2073600;11400.0;1.0;1.0;11400.0;0.01;11400.01;6971
6972;2073600;11400.0;1.0;1.0;11400.0;0.01;11400.01;6972
6983;2073600;11400.0;1.0;1.0;11400.0;0.01;11400.01;6983
6990;2073600;11400.0;1.0;1.0;11400.0;0.01;11400.01;6990
6992;2073600;11400.0;1.0;1.0;11400.0;0.01;11400.01;6992
7002;2073600;11400.0;1.0;1.0;11400.0;0.01;11400.01;7002
7004;2073600;11400.0;1.0;1.0;11400.0;0.01;11400.01;7004
7013;2073600;11400.0;1.0;1.0;11400.0;0.01;11400.01;7013
7016;2073600;11400.0;1.0;1.0;11400.0;0.01;11400.01;7016
7037;2073600;11400.0;1.0;1.0;11400.0;0.01;11400.01;7037
7041;2073600;11400.0;1.0;1.0;11400.0;0.01;11400.01;7041
7065;2073600;11400.0;1.0;1.0;11400.0;0.01;11400.01;7065
7076;2073600;11400.0;1.0;1.0;11400.0;0.01;11400.01;7076
7073;2073600;11400.0;1.0;1.0;11400.0;0.01;11400.01;7073
7083;2073600;11400.0;1.0;1.0;11400.0;0.01;11400.01;7083
7085;2073600;11400.0;1.0;1.0;11400.0;0.01;11400.01;7085
7100;2073600;11400.0;1.0;1.0;11400.0;0.01;11400.01;7100
7104;2073600;11400.0;1.0;1.0;11400.0;0.01;11400.01;7104
7107;2073600;11400.0;1.0;1.0;11400.0;0.01;11400.01;7107
7109;2073600;11400.0;1.0;1.0;11400.0;0.01;11400.01;7109
7115;2073600;11400.0;1.0;1.0;11400.0;0.01;11400.01;7115
7116;2073600;11400.0;1.0;1.0;11400.0;0.01;11400.01;7116
7118;2073600;11400.0;1.0;1.0;11400.0;0.01;11400.01;7118
7121;2073600;11400.0;1.0;1.0;11400.0;0.01;11400.01;7121
7133;2073600;11400.0;1.0;1.0;11400.0;0.01;11400.01;7133
7145;2073600;11400.0;1.0;1.0;11400.0;0.01;11400.01;7145
7151;2073600;11400.0;1.0;1.0;11400.0;0.01;11400.01;7151
7152;2073600;11400.0;1.0;1.0;11400.0;0.01;11400.01;7152
7157;2073600;11400.0;1.0;1.0;11400.0;0.01;11400.01;7157
7196;2073600;11400.0;1.0;1.0;11400.0;0.01;11400.01;7196
7197;2073600;11400.0;1.0;1.0;11400.0;0.01;11400.01;7197
7200;2073600;11400.0;1.0;1.0;11400.0;0.01;11400.01;7200
7202;2073600;11400.0;1.0;1.0;11400.0;0.01;11400.01;7202
7208;2073600;11400.0;1.0;1.0;11400.0;0.01;11400.01;7208
7214;2073600;11400.0;1.0;1.0;11400.0;0.01;11400.01;7214
7259;2073600;11400.0;1.0;1.0;11400.0;0.01;11400.01;7259
7262;2073600;11400.0;1.0;1.0;11400.0;0.01;11400.01;7262
7307;2073600;11400.0;1.0;1.0;11400.0;0.01;11400.01;7307
7389;2073600;11400.0;1.0;1.0;11400.0;0.01;11400.01;7389
7478;2073600;11400.0;1.0;1.0;11400.0;0.01;11400.01;7478
7514;2073600;11400.0;1.0;1.0;11400.0;0.01;11400.01;7514
7562;2073600;11400.0;1.0;1.0;11400.0;0.01;11400.01;7562
7574;2073600;11400.0;1.0;1.0;11400.0;0.01;11400.01;7574
7595;2073600;11400.0;1.0;1.0;11400.0;0.01;11400.01;7595
7599;2073600;11400.0;1.0;1.0;11400.0;0.01;11400.01;7599
7826;2073600;11400.0;1.0;1.0;11400.0;0.01;11400.01;7826
7866;2073600;11400.0;1.0;1.0;11400.0;0.01;11400.01;7866
7869;2073600;11400.0;1.0;1.0;11400.0;0.01;11400.01;7869
7899;2073600;11400.0;1.0;1.0;11400.0;0.01;11400.01;7899
7966;2073600;11400.0;1.0;1.0;11400.0;0.01;11400.01;7966
9;2073600;11700.0;1.0;1.0;11700.0;0.01;11700.01;9
26;2073600;11700.0;1.0;1.0;11700.0;0.01;11700.01;26
30;2073600;11700.0;1.0;1.0;11700.0;0.01;11700.01;30
32;2073600;11700.0;1.0;1.0;11700.0;0.01;11700.01;32
41;2073600;11700.0;1.0;1.0;11700.0;0.01;11700.01;41
44;2073600;11700.0;1.0;1.0;11700.0;0.01;11700.01;44
51;2073600;11700.0;1.0;1.0;11700.0;0.01;11700.01;51
56;2073600;11700.0;1.0;1.0;11700.0;0.01;11700.01;56
60;2073600;11700.0;1.0;1.0;11700.0;0.01;11700.01;60
68;2073600;11700.0;1.0;1.0;11700.0;0.01;11700.01;68
78;2073600;11700.0;1.0;1.0;11700.0;0.01;11700.01;78
83;2073600;11700.0;1.0;1.0;11700.0;0.01;11700.01;83
92;2073600;11700.0;1.0;1.0;11700.0;0.01;11700.01;92
101;2073600;11700.0;1.0;1.0;11700.0;0.01;11700.01;101
104;2073600;11700.0;1.0;1.0;11700.0;0.01;11700.01;104
107;2073600;11700.0;1.0;1.0;11700.0;0.01;11700.01;107
108;2073600;11700.0;1.0;1.0;11700.0;0.01;11700.01;108
110;2073600;11700.0;1.0;1.0;11700.0;0.01;11700.01;110
111;2073600;11700.0;1.0;1.0;11700.0;0.01;11700.01;111
113;2073600;11700.0;1.0;1.0;11700.0;0.01;11700.01;113
114;2073600;11700.0;1.0;1.0;11700.0;0.01;11700.01;114
126;2073600;11700.0;1.0;1.0;11700.0;0.01;11700.01;126
128;2073600;11700.0;1.0;1.0;11700.0;0.01;11700.01;128
132;2073600;11700.0;1.0;1.0;11700.0;0.01;11700.01;132
140;2073600;11700.0;1.0;1.0;11700.0;0.01;11700.01;140
144;2073600;11700.0;1.0;1.0;11700.0;0.01;11700.01;144
164;2073600;11700.0;1.0;1.0;11700.0;0.01;11700.01;164
170;2073600;11700.0;1.0;1.0;11700.0;0.01;11700.01;170
176;2073600;11700.0;1.0;1.0;11700.0;0.01;11700.01;176
189;2073600;11700.0;1.0;1.0;11700.0;0.01;11700.01;189
200;2073600;11700.0;1.0;1.0;11700.0;0.01;11700.01;200
201;2073600;11700.0;1.0;1.0;11700.0;0.01;11700.01;201
207;2073600;11700.0;1.0;1.0;11700.0;0.01;11700.01;207
212;2073600;11700.0;1.0;1.0;11700.0;0.01;11700.01;212
224;2073600;11700.0;1.0;1.0;11700.0;0.01;11700.01;224
230;2073600;11700.0;1.0;1.0;11700.0;0.01;11700.01;230
236;2073600;11700.0;1.0;1.0;11700.0;0.01;11700.01;236
240;2073600;11700.0;1.0;1.0;11700.0;0.01;11700.01;240
248;2073600;11700.0;1.0;1.0;11700.0;0.01;11700.01;248
252;2073600;11700.0;1.0;1.0;11700.0;0.01;11700.01;252
257;2073600;11700.0;1.0;1.0;11700.0;0.01;11700.01;257
258;2073600;11700.0;1.0;1.0;11700.0;0.01;11700.01;258
261;2073600;11700.0;1.0;1.0;11700.0;0.01;11700.01;261
264;2073600;11700.0;1.0;1.0;11700.0;0.01;11700.01;264
266;2073600;11700.0;1.0;1.0;11700.0;0.01;11700.01;266
269;2073600;11700.0;1.0;1.0;11700.0;0.01;11700.01;269
270;2073600;11700.0;1.0;1.0;11700.0;0.01;11700.01;270
273;2073600;11700.0;1.0;1.0;11700.0;0.01;11700.01;273
275;2073600;11700.0;1.0;1.0;11700.0;0.01;11700.01;275
357;2073600;11700.0;1.0;1.0;11700.0;0.01;11700.01;357
362;2073600;11700.0;1.0;1.0;11700.0;0.01;11700.01;362
363;2073600;11700.0;1.0;1.0;11700.0;0.01;11700.01;363
365;2073600;11700.0;1.0;1.0;11700.0;0.01;11700.01;365
369;2073600;11700.0;1.0;1.0;11700.0;0.01;11700.01;369
375;2073600;11700.0;1.0;1.0;11700.0;0.01;11700.01;375
380;2073600;11700.0;1.0;1.0;11700.0;0.01;11700.01;380
387;2073600;11700.0;1.0;1.0;11700.0;0.01;11700.01;387
392;2073600;11700.0;1.0;1.0;11700.0;0.01;11700.01;392
395;2073600;11700.0;1.0;1.0;11700.0;0.01;11700.01;395
398;2073600;11700.0;1.0;1.0;11700.0;0.01;11700.01;398
401;2073600;11700.0;1.0;1.0;11700.0;0.01;11700.01;401
404;2073600;11700.0;1.0;1.0;11700.0;0.01;11700.01;404
407;2073600;11700.0;1.0;1.0;11700.0;0.01;11700.01;407
414;2073600;11700.0;1.0;1.0;11700.0;0.01;11700.01;414
416;2073600;11700.0;1.0;1.0;11700.0;0.01;11700.01;416
429;2073600;11700.0;1.0;1.0;11700.0;0.01;11700.01;429
435;2073600;11700.0;1.0;1.0;11700.0;0.01;11700.01;435
440;2073600;11700.0;1.0;1.0;11700.0;0.01;11700.01;440
446;2073600;11700.0;1.0;1.0;11700.0;0.01;11700.01;446
464;2073600;11700.0;1.0;1.0;11700.0;0.01;11700.01;464
479;2073600;11700.0;1.0;1.0;11700.0;0.01;11700.01;479
480;2073600;11700.0;1.0;1.0;11700.0;0.01;11700.01;480
486;2073600;11700.0;1.0;1.0;11700.0;0.01;11700.01;486
491;2073600;11700.0;1.0;1.0;11700.0;0.01;11700.01;491
503;2073600;11700.0;1.0;1.0;11700.0;0.01;11700.01;503
509;2073600;11700.0;1.0;1.0;11700.0;0.01;11700.01;509
513;2073600;11700.0;1.0;1.0;11700.0;0.01;11700.01;513
519;2073600;11700.0;1.0;1.0;11700.0;0.01;11700.01;519
521;2073600;11700.0;1.0;1.0;11700.0;0.01;11700.01;521
525;2073600;11700.0;1.0;1.0;11700.0;0.01;11700.01;525
539;2073600;11700.0;1.0;1.0;11700.0;0.01;11700.01;539
545;2073600;11700.0;1.0;1.0;11700.0;0.01;11700.01;545
549;2073600;11700.0;1.0;1.0;11700.0;0.01;11700.01;549
551;2073600;11700.0;1.0;1.0;11700.0;0.01;11700.01;551
560;2073600;11700.0;1.0;1.0;11700.0;0.01;11700.01;560
561;2073600;11700.0;1.0;1.0;11700.0;0.01;11700.01;561
563;2073600;11700.0;1.0;1.0;11700.0;0.01;11700.01;563
569;2073600;11700.0;1.0;1.0;11700.0;0.01;11700.01;569
575;2073600;11700.0;1.0;1.0;11700.0;0.01;11700.01;575
582;2073600;11700.0;1.0;1.0;11700.0;0.01;11700.01;582
584;2073600;11700.0;1.0;1.0;11700.0;0.01;11700.01;584
597;2073600;11700.0;1.0;1.0;11700.0;0.01;11700.01;597
606;2073600;11700.0;1.0;1.0;11700.0;0.01;11700.01;606
608;2073600;11700.0;1.0;1.0;11700.0;0.01;11700.01;608
611;2073600;11700.0;1.0;1.0;11700.0;0.01;11700.01;611
620;2073600;11700.0;1.0;1.0;11700.0;0.01;11700.01;620
638;2073600;11700.0;1.0;1.0;11700.0;0.01;11700.01;638
644;2073600;11700.0;1.0;1.0;11700.0;0.01;11700.01;644
650;2073600;11700.0;1.0;1.0;11700.0;0.01;11700.01;650
656;2073600;11700.0;1.0;1.0;11700.0;0.01;11700.01;656
659;2073600;11700.0;1.0;1.0;11700.0;0.01;11700.01;659
665;2073600;11700.0;1.0;1.0;11700.0;0.01;11700.01;665
666;2073600;11700.0;1.0;1.0;11700.0;0.01;11700.01;666
668;2073600;11700.0;1.0;1.0;11700.0;0.01;11700.01;668
669;2073600;11700.0;1.0;1.0;11700.0;0.01;11700.01;669
675;2073600;11700.0;1.0;1.0;11700.0;0.01;11700.01;675
680;2073600;11700.0;1.0;1.0;11700.0;0.01;11700.01;680
692;2073600;11700.0;1.0;1.0;11700.0;0.01;11700.01;692
699;2073600;11700.0;1.0;1.0;11700.0;0.01;11700.01;699
704;2073600;11700.0;1.0;1.0;11700.0;0.01;11700.01;704
707;2073600;11700.0;1.0;1.0;11700.0;0.01;11700.01;707
725;2073600;11700.0;1.0;1.0;11700.0;0.01;11700.01;725
726;2073600;11700.0;1.0;1.0;11700.0;0.01;11700.01;726
728;2073600;11700.0;1.0;1.0;11700.0;0.01;11700.01;728
731;2073600;11700.0;1.0;1.0;11700.0;0.01;11700.01;731
737;2073600;11700.0;1.0;1.0;11700.0;0.01;11700.01;737
740;2073600;11700.0;1.0;1.0;11700.0;0.01;11700.01;740
744;2073600;11700.0;1.0;1.0;11700.0;0.01;11700.01;744
749;2073600;11700.0;1.0;1.0;11700.0;0.01;11700.01;749
750;2073600;11700.0;1.0;1.0;11700.0;0.01;11700.01;750
768;2073600;11700.0;1.0;1.0;11700.0;0.01;11700.01;768
794;2073600;11700.0;1.0;1.0;11700.0;0.01;11700.01;794
798;2073600;11700.0;1.0;1.0;11700.0;0.01;11700.01;798
801;2073600;11700.0;1.0;1.0;11700.0;0.01;11700.01;801
806;2073600;11700.0;1.0;1.0;11700.0;0.01;11700.01;806
807;2073600;11700.0;1.0;1.0;11700.0;0.01;11700.01;807
813;2073600;11700.0;1.0;1.0;11700.0;0.01;11700.01;813
818;2073600;11700.0;1.0;1.0;11700.0;0.01;11700.01;818
836;2073600;11700.0;1.0;1.0;11700.0;0.01;11700.01;836
848;2073600;11700.0;1.0;1.0;11700.0;0.01;11700.01;848
860;2073600;11700.0;1.0;1.0;11700.0;0.01;11700.01;860
872;2073600;11700.0;1.0;1.0;11700.0;0.01;11700.01;872
4469;2073600;11700.0;1.0;1.0;11700.0;0.01;11700.01;4469
878;2073600;11700.0;1.0;1.0;11700.0;0.01;11700.01;878
879;2073600;11700.0;1.0;1.0;11700.0;0.01;11700.01;879
884;2073600;11700.0;1.0;1.0;11700.0;0.01;11700.01;884
888;2073600;11700.0;1.0;1.0;11700.0;0.01;11700.01;888
894;2073600;11700.0;1.0;1.0;11700.0;0.01;11700.01;894
896;2073600;11700.0;1.0;1.0;11700.0;0.01;11700.01;896
912;2073600;11700.0;1.0;1.0;11700.0;0.01;11700.01;912
908;2073600;11700.0;1.0;1.0;11700.0;0.01;11700.01;908
918;2073600;11700.0;1.0;1.0;11700.0;0.01;11700.01;918
938;2073600;11700.0;1.0;1.0;11700.0;0.01;11700.01;938
944;2073600;11700.0;1.0;1.0;11700.0;0.01;11700.01;944
945;2073600;11700.0;1.0;1.0;11700.0;0.01;11700.01;945
950;2073600;11700.0;1.0;1.0;11700.0;0.01;11700.01;950
956;2073600;11700.0;1.0;1.0;11700.0;0.01;11700.01;956
963;2073600;11700.0;1.0;1.0;11700.0;0.01;11700.01;963
968;2073600;11700.0;1.0;1.0;11700.0;0.01;11700.01;968
969;2073600;11700.0;1.0;1.0;11700.0;0.01;11700.01;969
987;2073600;11700.0;1.0;1.0;11700.0;0.01;11700.01;987
978;2073600;11700.0;1.0;1.0;11700.0;0.01;11700.01;978
980;2073600;11700.0;1.0;1.0;11700.0;0.01;11700.01;980
993;2073600;11700.0;1.0;1.0;11700.0;0.01;11700.01;993
1443;2073600;11700.0;1.0;1.0;11700.0;0.01;11700.01;1443
1001;2073600;11700.0;1.0;1.0;11700.0;0.01;11700.01;1001
1002;2073600;11700.0;1.0;1.0;11700.0;0.01;11700.01;1002
1004;2073600;11700.0;1.0;1.0;11700.0;0.01;11700.01;1004
1005;2073600;11700.0;1.0;1.0;11700.0;0.01;11700.01;1005
1007;2073600;11700.0;1.0;1.0;11700.0;0.01;11700.01;1007
1008;2073600;11700.0;1.0;1.0;11700.0;0.01;11700.01;1008
1025;2073600;11700.0;1.0;1.0;11700.0;0.01;11700.01;1025
1028;2073600;11700.0;1.0;1.0;11700.0;0.01;11700.01;1028
1031;2073600;11700.0;1.0;1.0;11700.0;0.01;11700.01;1031
1037;2073600;11700.0;1.0;1.0;11700.0;0.01;11700.01;1037
1038;2073600;11700.0;1.0;1.0;11700.0;0.01;11700.01;1038
1050;2073600;11700.0;1.0;1.0;11700.0;0.01;11700.01;1050
1040;2073600;11700.0;1.0;1.0;11700.0;0.01;11700.01;1040
1134;2073600;11700.0;1.0;1.0;11700.0;0.01;11700.01;1134
1064;2073600;11700.0;1.0;1.0;11700.0;0.01;11700.01;1064
1068;2073600;11700.0;1.0;1.0;11700.0;0.01;11700.01;1068
1088;2073600;11700.0;1.0;1.0;11700.0;0.01;11700.01;1088
1098;2073600;11700.0;1.0;1.0;11700.0;0.01;11700.01;1098
1106;2073600;11700.0;1.0;1.0;11700.0;0.01;11700.01;1106
1112;2073600;11700.0;1.0;1.0;11700.0;0.01;11700.01;1112
1118;2073600;11700.0;1.0;1.0;11700.0;0.01;11700.01;1118
1133;2073600;11700.0;1.0;1.0;11700.0;0.01;11700.01;1133
1128;2073600;11700.0;1.0;1.0;11700.0;0.01;11700.01;1128
1130;2073600;11700.0;1.0;1.0;11700.0;0.01;11700.01;1130
1131;2073600;11700.0;1.0;1.0;11700.0;0.01;11700.01;1131
1137;2073600;11700.0;1.0;1.0;11700.0;0.01;11700.01;1137
1139;2073600;11700.0;1.0;1.0;11700.0;0.01;11700.01;1139
1143;2073600;11700.0;1.0;1.0;11700.0;0.01;11700.01;1143
1145;2073600;11700.0;1.0;1.0;11700.0;0.01;11700.01;1145
1148;2073600;11700.0;1.0;1.0;11700.0;0.01;11700.01;1148
1149;2073600;11700.0;1.0;1.0;11700.0;0.01;11700.01;1149
1151;2073600;11700.0;1.0;1.0;11700.0;0.01;11700.01;1151
1152;2073600;11700.0;1.0;1.0;11700.0;0.01;11700.01;1152
1155;2073600;11700.0;1.0;1.0;11700.0;0.01;11700.01;1155
1178;2073600;11700.0;1.0;1.0;11700.0;0.01;11700.01;1178
1179;2073600;11700.0;1.0;1.0;11700.0;0.01;11700.01;1179
1181;2073600;11700.0;1.0;1.0;11700.0;0.01;11700.01;1181
1187;2073600;11700.0;1.0;1.0;11700.0;0.01;11700.01;1187
1512;2073600;11700.0;1.0;1.0;11700.0;0.01;11700.01;1512
1194;2073600;11700.0;1.0;1.0;11700.0;0.01;11700.01;1194
1197;2073600;11700.0;1.0;1.0;11700.0;0.01;11700.01;1197
1199;2073600;11700.0;1.0;1.0;11700.0;0.01;11700.01;1199
1200;2073600;11700.0;1.0;1.0;11700.0;0.01;11700.01;1200
1214;2073600;11700.0;1.0;1.0;11700.0;0.01;11700.01;1214
1215;2073600;11700.0;1.0;1.0;11700.0;0.01;11700.01;1215
1239;2073600;11700.0;1.0;1.0;11700.0;0.01;11700.01;1239
1242;2073600;11700.0;1.0;1.0;11700.0;0.01;11700.01;1242
1257;2073600;11700.0;1.0;1.0;11700.0;0.01;11700.01;1257
1262;2073600;11700.0;1.0;1.0;11700.0;0.01;11700.01;1262
1263;2073600;11700.0;1.0;1.0;11700.0;0.01;11700.01;1263
1271;2073600;11700.0;1.0;1.0;11700.0;0.01;11700.01;1271
1272;2073600;11700.0;1.0;1.0;11700.0;0.01;11700.01;1272
1278;2073600;11700.0;1.0;1.0;11700.0;0.01;11700.01;1278
1281;2073600;11700.0;1.0;1.0;11700.0;0.01;11700.01;1281
1295;2073600;11700.0;1.0;1.0;11700.0;0.01;11700.01;1295
1299;2073600;11700.0;1.0;1.0;11700.0;0.01;11700.01;1299
1310;2073600;11700.0;1.0;1.0;11700.0;0.01;11700.01;1310
1319;2073600;11700.0;1.0;1.0;11700.0;0.01;11700.01;1319
1329;2073600;11700.0;1.0;1.0;11700.0;0.01;11700.01;1329
1338;2073600;11700.0;1.0;1.0;11700.0;0.01;11700.01;1338
1344;2073600;11700.0;1.0;1.0;11700.0;0.01;11700.01;1344
1349;2073600;11700.0;1.0;1.0;11700.0;0.01;11700.01;1349
1356;2073600;11700.0;1.0;1.0;11700.0;0.01;11700.01;1356
1358;2073600;11700.0;1.0;1.0;11700.0;0.01;11700.01;1358
1361;2073600;11700.0;1.0;1.0;11700.0;0.01;11700.01;1361
1362;2073600;11700.0;1.0;1.0;11700.0;0.01;11700.01;1362
1368;2073600;11700.0;1.0;1.0;11700.0;0.01;11700.01;1368
1370;2073600;11700.0;1.0;1.0;11700.0;0.01;11700.01;1370
1371;2073600;11700.0;1.0;1.0;11700.0;0.01;11700.01;1371
1382;2073600;11700.0;1.0;1.0;11700.0;0.01;11700.01;1382
1386;2073600;11700.0;1.0;1.0;11700.0;0.01;11700.01;1386
1395;2073600;11700.0;1.0;1.0;11700.0;0.01;11700.01;1395
1404;2073600;11700.0;1.0;1.0;11700.0;0.01;11700.01;1404
1406;2073600;11700.0;1.0;1.0;11700.0;0.01;11700.01;1406
1415;2073600;11700.0;1.0;1.0;11700.0;0.01;11700.01;1415
1419;2073600;11700.0;1.0;1.0;11700.0;0.01;11700.01;1419
1425;2073600;11700.0;1.0;1.0;11700.0;0.01;11700.01;1425
1430;2073600;11700.0;1.0;1.0;11700.0;0.01;11700.01;1430
1431;2073600;11700.0;1.0;1.0;11700.0;0.01;11700.01;1431
1434;2073600;11700.0;1.0;1.0;11700.0;0.01;11700.01;1434
1445;2073600;11700.0;1.0;1.0;11700.0;0.01;11700.01;1445
1449;2073600;11700.0;1.0;1.0;11700.0;0.01;11700.01;1449
1451;2073600;11700.0;1.0;1.0;11700.0;0.01;11700.01;1451
1452;2073600;11700.0;1.0;1.0;11700.0;0.01;11700.01;1452
1464;2073600;11700.0;1.0;1.0;11700.0;0.01;11700.01;1464
1469;2073600;11700.0;1.0;1.0;11700.0;0.01;11700.01;1469
1481;2073600;11700.0;1.0;1.0;11700.0;0.01;11700.01;1481
1490;2073600;11700.0;1.0;1.0;11700.0;0.01;11700.01;1490
1491;2073600;11700.0;1.0;1.0;11700.0;0.01;11700.01;1491
1497;2073600;11700.0;1.0;1.0;11700.0;0.01;11700.01;1497
1500;2073600;11700.0;1.0;1.0;11700.0;0.01;11700.01;1500
1509;2073600;11700.0;1.0;1.0;11700.0;0.01;11700.01;1509
1514;2073600;11700.0;1.0;1.0;11700.0;0.01;11700.01;1514
1518;2073600;11700.0;1.0;1.0;11700.0;0.01;11700.01;1518
1524;2073600;11700.0;1.0;1.0;11700.0;0.01;11700.01;1524
1530;2073600;11700.0;1.0;1.0;11700.0;0.01;11700.01;1530
1533;2073600;11700.0;1.0;1.0;11700.0;0.01;11700.01;1533
1541;2073600;11700.0;1.0;1.0;11700.0;0.01;11700.01;1541
1542;2073600;11700.0;1.0;1.0;11700.0;0.01;11700.01;1542
1544;2073600;11700.0;1.0;1.0;11700.0;0.01;11700.01;1544
1545;2073600;11700.0;1.0;1.0;11700.0;0.01;11700.01;1545
1547;2073600;11700.0;1.0;1.0;11700.0;0.01;11700.01;1547
1550;2073600;11700.0;1.0;1.0;11700.0;0.01;11700.01;1550
1580;2073600;11700.0;1.0;1.0;11700.0;0.01;11700.01;1580
1557;2073600;11700.0;1.0;1.0;11700.0;0.01;11700.01;1557
1562;2073600;11700.0;1.0;1.0;11700.0;0.01;11700.01;1562
1563;2073600;11700.0;1.0;1.0;11700.0;0.01;11700.01;1563
1565;2073600;11700.0;1.0;1.0;11700.0;0.01;11700.01;1565
1568;2073600;11700.0;1.0;1.0;11700.0;0.01;11700.01;1568
1577;2073600;11700.0;1.0;1.0;11700.0;0.01;11700.01;1577
1581;2073600;11700.0;1.0;1.0;11700.0;0.01;11700.01;1581
1583;2073600;11700.0;1.0;1.0;11700.0;0.01;11700.01;1583
1587;2073600;11700.0;1.0;1.0;11700.0;0.01;11700.01;1587
1592;2073600;11700.0;1.0;1.0;11700.0;0.01;11700.01;1592
1593;2073600;11700.0;1.0;1.0;11700.0;0.01;11700.01;1593
1598;2073600;11700.0;1.0;1.0;11700.0;0.01;11700.01;1598
1599;2073600;11700.0;1.0;1.0;11700.0;0.01;11700.01;1599
1604;2073600;11700.0;1.0;1.0;11700.0;0.01;11700.01;1604
1613;2073600;11700.0;1.0;1.0;11700.0;0.01;11700.01;1613
1616;2073600;11700.0;1.0;1.0;11700.0;0.01;11700.01;1616
1617;2073600;11700.0;1.0;1.0;11700.0;0.01;11700.01;1617
1628;2073600;11700.0;1.0;1.0;11700.0;0.01;11700.01;1628
1632;2073600;11700.0;1.0;1.0;11700.0;0.01;11700.01;1632
1637;2073600;11700.0;1.0;1.0;11700.0;0.01;11700.01;1637
1640;2073600;11700.0;1.0;1.0;11700.0;0.01;11700.01;1640
1652;2073600;11700.0;1.0;1.0;11700.0;0.01;11700.01;1652
1664;2073600;11700.0;1.0;1.0;11700.0;0.01;11700.01;1664
1667;2073600;11700.0;1.0;1.0;11700.0;0.01;11700.01;1667
1676;2073600;11700.0;1.0;1.0;11700.0;0.01;11700.01;1676
1677;2073600;11700.0;1.0;1.0;11700.0;0.01;11700.01;1677
1700;2073600;11700.0;1.0;1.0;11700.0;0.01;11700.01;1700
1707;2073600;11700.0;1.0;1.0;11700.0;0.01;11700.01;1707
1712;2073600;11700.0;1.0;1.0;11700.0;0.01;11700.01;1712
2291;2073600;11700.0;1.0;1.0;11700.0;0.01;11700.01;2291
1724;2073600;11700.0;1.0;1.0;11700.0;0.01;11700.01;1724
1736;2073600;11700.0;1.0;1.0;11700.0;0.01;11700.01;1736
1737;2073600;11700.0;1.0;1.0;11700.0;0.01;11700.01;1737
1748;2073600;11700.0;1.0;1.0;11700.0;0.01;11700.01;1748
1757;2073600;11700.0;1.0;1.0;11700.0;0.01;11700.01;1757
1760;2073600;11700.0;1.0;1.0;11700.0;0.01;11700.01;1760
1770;2073600;11700.0;1.0;1.0;11700.0;0.01;11700.01;1770
1772;2073600;11700.0;1.0;1.0;11700.0;0.01;11700.01;1772
1784;2073600;11700.0;1.0;1.0;11700.0;0.01;11700.01;1784
1788;2073600;11700.0;1.0;1.0;11700.0;0.01;11700.01;1788
1808;2073600;11700.0;1.0;1.0;11700.0;0.01;11700.01;1808
1812;2073600;11700.0;1.0;1.0;11700.0;0.01;11700.01;1812
1817;2073600;11700.0;1.0;1.0;11700.0;0.01;11700.01;1817
1820;2073600;11700.0;1.0;1.0;11700.0;0.01;11700.01;1820
1827;2073600;11700.0;1.0;1.0;11700.0;0.01;11700.01;1827
1832;2073600;11700.0;1.0;1.0;11700.0;0.01;11700.01;1832
1838;2073600;11700.0;1.0;1.0;11700.0;0.01;11700.01;1838
1851;2073600;11700.0;1.0;1.0;11700.0;0.01;11700.01;1851
1850;2073600;11700.0;1.0;1.0;11700.0;0.01;11700.01;1850
1856;2073600;11700.0;1.0;1.0;11700.0;0.01;11700.01;1856
1865;2073600;11700.0;1.0;1.0;11700.0;0.01;11700.01;1865
1869;2073600;11700.0;1.0;1.0;11700.0;0.01;11700.01;1869
1868;2073600;11700.0;1.0;1.0;11700.0;0.01;11700.01;1868
1874;2073600;11700.0;1.0;1.0;11700.0;0.01;11700.01;1874
1893;2073600;11700.0;1.0;1.0;11700.0;0.01;11700.01;1893
1913;2073600;11700.0;1.0;1.0;11700.0;0.01;11700.01;1913
1928;2073600;11700.0;1.0;1.0;11700.0;0.01;11700.01;1928
1931;2073600;11700.0;1.0;1.0;11700.0;0.01;11700.01;1931
1932;2073600;11700.0;1.0;1.0;11700.0;0.01;11700.01;1932
1937;2073600;11700.0;1.0;1.0;11700.0;0.01;11700.01;1937
1944;2073600;11700.0;1.0;1.0;11700.0;0.01;11700.01;1944
1946;2073600;11700.0;1.0;1.0;11700.0;0.01;11700.01;1946
1950;2073600;11700.0;1.0;1.0;11700.0;0.01;11700.01;1950
1952;2073600;11700.0;1.0;1.0;11700.0;0.01;11700.01;1952
1956;2073600;11700.0;1.0;1.0;11700.0;0.01;11700.01;1956
1964;2073600;11700.0;1.0;1.0;11700.0;0.01;11700.01;1964
1970;2073600;11700.0;1.0;1.0;11700.0;0.01;11700.01;1970
1976;2073600;11700.0;1.0;1.0;11700.0;0.01;11700.01;1976
1980;2073600;11700.0;1.0;1.0;11700.0;0.01;11700.01;1980
1986;2073600;11700.0;1.0;1.0;11700.0;0.01;11700.01;1986
1988;2073600;11700.0;1.0;1.0;11700.0;0.01;11700.01;1988
1994;2073600;11700.0;1.0;1.0;11700.0;0.01;11700.01;1994
2006;2073600;11700.0;1.0;1.0;11700.0;0.01;11700.01;2006
2013;2073600;11700.0;1.0;1.0;11700.0;0.01;11700.01;2013
2024;2073600;11700.0;1.0;1.0;11700.0;0.01;11700.01;2024
3499;2073600;11700.0;1.0;1.0;11700.0;0.01;11700.01;3499
2037;2073600;11700.0;1.0;1.0;11700.0;0.01;11700.01;2037
2046;2073600;11700.0;1.0;1.0;11700.0;0.01;11700.01;2046
2048;2073600;11700.0;1.0;1.0;11700.0;0.01;11700.01;2048
3551;2073600;11700.0;1.0;1.0;11700.0;0.01;11700.01;3551
2060;2073600;11700.0;1.0;1.0;11700.0;0.01;11700.01;2060
2066;2073600;11700.0;1.0;1.0;11700.0;0.01;11700.01;2066
2124;2073600;11700.0;1.0;1.0;11700.0;0.01;11700.01;2124
2075;2073600;11700.0;1.0;1.0;11700.0;0.01;11700.01;2075
2076;2073600;11700.0;1.0;1.0;11700.0;0.01;11700.01;2076
2079;2073600;11700.0;1.0;1.0;11700.0;0.01;11700.01;2079
2096;2073600;11700.0;1.0;1.0;11700.0;0.01;11700.01;2096
2106;2073600;11700.0;1.0;1.0;11700.0;0.01;11700.01;2106
2108;2073600;11700.0;1.0;1.0;11700.0;0.01;11700.01;2108
2112;2073600;11700.0;1.0;1.0;11700.0;0.01;11700.01;2112
2114;2073600;11700.0;1.0;1.0;11700.0;0.01;11700.01;2114
2118;2073600;11700.0;1.0;1.0;11700.0;0.01;11700.01;2118
2123;2073600;11700.0;1.0;1.0;11700.0;0.01;11700.01;2123
2126;2073600;11700.0;1.0;1.0;11700.0;0.01;11700.01;2126
2132;2073600;11700.0;1.0;1.0;11700.0;0.01;11700.01;2132
2136;2073600;11700.0;1.0;1.0;11700.0;0.01;11700.01;2136
2138;2073600;11700.0;1.0;1.0;11700.0;0.01;11700.01;2138
2144;2073600;11700.0;1.0;1.0;11700.0;0.01;11700.01;2144
2150;2073600;11700.0;1.0;1.0;11700.0;0.01;11700.01;2150
2151;2073600;11700.0;1.0;1.0;11700.0;0.01;11700.01;2151
2156;2073600;11700.0;1.0;1.0;11700.0;0.01;11700.01;2156
2175;2073600;11700.0;1.0;1.0;11700.0;0.01;11700.01;2175
2166;2073600;11700.0;1.0;1.0;11700.0;0.01;11700.01;2166
2174;2073600;11700.0;1.0;1.0;11700.0;0.01;11700.01;2174
2189;2073600;11700.0;1.0;1.0;11700.0;0.01;11700.01;2189
2204;2073600;11700.0;1.0;1.0;11700.0;0.01;11700.01;2204
2213;2073600;11700.0;1.0;1.0;11700.0;0.01;11700.01;2213
2217;2073600;11700.0;1.0;1.0;11700.0;0.01;11700.01;2217
2216;2073600;11700.0;1.0;1.0;11700.0;0.01;11700.01;2216
2219;2073600;11700.0;1.0;1.0;11700.0;0.01;11700.01;2219
2220;2073600;11700.0;1.0;1.0;11700.0;0.01;11700.01;2220
2222;2073600;11700.0;1.0;1.0;11700.0;0.01;11700.01;2222
2225;2073600;11700.0;1.0;1.0;11700.0;0.01;11700.01;2225
2226;2073600;11700.0;1.0;1.0;11700.0;0.01;11700.01;2226
2228;2073600;11700.0;1.0;1.0;11700.0;0.01;11700.01;2228
2229;2073600;11700.0;1.0;1.0;11700.0;0.01;11700.01;2229
2231;2073600;11700.0;1.0;1.0;11700.0;0.01;11700.01;2231
2237;2073600;11700.0;1.0;1.0;11700.0;0.01;11700.01;2237
2238;2073600;11700.0;1.0;1.0;11700.0;0.01;11700.01;2238
2240;2073600;11700.0;1.0;1.0;11700.0;0.01;11700.01;2240
2244;2073600;11700.0;1.0;1.0;11700.0;0.01;11700.01;2244
2243;2073600;11700.0;1.0;1.0;11700.0;0.01;11700.01;2243
2249;2073600;11700.0;1.0;1.0;11700.0;0.01;11700.01;2249
2250;2073600;11700.0;1.0;1.0;11700.0;0.01;11700.01;2250
2252;2073600;11700.0;1.0;1.0;11700.0;0.01;11700.01;2252
2255;2073600;11700.0;1.0;1.0;11700.0;0.01;11700.01;2255
2261;2073600;11700.0;1.0;1.0;11700.0;0.01;11700.01;2261
2262;2073600;11700.0;1.0;1.0;11700.0;0.01;11700.01;2262
2264;2073600;11700.0;1.0;1.0;11700.0;0.01;11700.01;2264
2267;2073600;11700.0;1.0;1.0;11700.0;0.01;11700.01;2267
2269;2073600;11700.0;1.0;1.0;11700.0;0.01;11700.01;2269
2273;2073600;11700.0;1.0;1.0;11700.0;0.01;11700.01;2273
2275;2073600;11700.0;1.0;1.0;11700.0;0.01;11700.01;2275
2278;2073600;11700.0;1.0;1.0;11700.0;0.01;11700.01;2278
2284;2073600;11700.0;1.0;1.0;11700.0;0.01;11700.01;2284
2287;2073600;11700.0;1.0;1.0;11700.0;0.01;11700.01;2287
2294;2073600;11700.0;1.0;1.0;11700.0;0.01;11700.01;2294
2293;2073600;11700.0;1.0;1.0;11700.0;0.01;11700.01;2293
2296;2073600;11700.0;1.0;1.0;11700.0;0.01;11700.01;2296
2297;2073600;11700.0;1.0;1.0;11700.0;0.01;11700.01;2297
2299;2073600;11700.0;1.0;1.0;11700.0;0.01;11700.01;2299
2311;2073600;11700.0;1.0;1.0;11700.0;0.01;11700.01;2311
2317;2073600;11700.0;1.0;1.0;11700.0;0.01;11700.01;2317
2335;2073600;11700.0;1.0;1.0;11700.0;0.01;11700.01;2335
2341;2073600;11700.0;1.0;1.0;11700.0;0.01;11700.01;2341
2342;2073600;11700.0;1.0;1.0;11700.0;0.01;11700.01;2342
2348;2073600;11700.0;1.0;1.0;11700.0;0.01;11700.01;2348
2351;2073600;11700.0;1.0;1.0;11700.0;0.01;11700.01;2351
2368;2073600;11700.0;1.0;1.0;11700.0;0.01;11700.01;2368
2374;2073600;11700.0;1.0;1.0;11700.0;0.01;11700.01;2374
2380;2073600;11700.0;1.0;1.0;11700.0;0.01;11700.01;2380
2383;2073600;11700.0;1.0;1.0;11700.0;0.01;11700.01;2383
2384;2073600;11700.0;1.0;1.0;11700.0;0.01;11700.01;2384
2393;2073600;11700.0;1.0;1.0;11700.0;0.01;11700.01;2393
2390;2073600;11700.0;1.0;1.0;11700.0;0.01;11700.01;2390
2392;2073600;11700.0;1.0;1.0;11700.0;0.01;11700.01;2392
2398;2073600;11700.0;1.0;1.0;11700.0;0.01;11700.01;2398
2399;2073600;11700.0;1.0;1.0;11700.0;0.01;11700.01;2399
2404;2073600;11700.0;1.0;1.0;11700.0;0.01;11700.01;2404
2411;2073600;11700.0;1.0;1.0;11700.0;0.01;11700.01;2411
2417;2073600;11700.0;1.0;1.0;11700.0;0.01;11700.01;2417
2422;2073600;11700.0;1.0;1.0;11700.0;0.01;11700.01;2422
2423;2073600;11700.0;1.0;1.0;11700.0;0.01;11700.01;2423
2426;2073600;11700.0;1.0;1.0;11700.0;0.01;11700.01;2426
2431;2073600;11700.0;1.0;1.0;11700.0;0.01;11700.01;2431
2434;2073600;11700.0;1.0;1.0;11700.0;0.01;11700.01;2434
2437;2073600;11700.0;1.0;1.0;11700.0;0.01;11700.01;2437
2567;2073600;11700.0;1.0;1.0;11700.0;0.01;11700.01;2567
2449;2073600;11700.0;1.0;1.0;11700.0;0.01;11700.01;2449
2450;2073600;11700.0;1.0;1.0;11700.0;0.01;11700.01;2450
2464;2073600;11700.0;1.0;1.0;11700.0;0.01;11700.01;2464
2474;2073600;11700.0;1.0;1.0;11700.0;0.01;11700.01;2474
2498;2073600;11700.0;1.0;1.0;11700.0;0.01;11700.01;2498
2504;2073600;11700.0;1.0;1.0;11700.0;0.01;11700.01;2504
2524;2073600;11700.0;1.0;1.0;11700.0;0.01;11700.01;2524
2534;2073600;11700.0;1.0;1.0;11700.0;0.01;11700.01;2534
2536;2073600;11700.0;1.0;1.0;11700.0;0.01;11700.01;2536
2542;2073600;11700.0;1.0;1.0;11700.0;0.01;11700.01;2542
2543;2073600;11700.0;1.0;1.0;11700.0;0.01;11700.01;2543
2546;2073600;11700.0;1.0;1.0;11700.0;0.01;11700.01;2546
2548;2073600;11700.0;1.0;1.0;11700.0;0.01;11700.01;2548
2560;2073600;11700.0;1.0;1.0;11700.0;0.01;11700.01;2560
2561;2073600;11700.0;1.0;1.0;11700.0;0.01;11700.01;2561
2564;2073600;11700.0;1.0;1.0;11700.0;0.01;11700.01;2564
2572;2073600;11700.0;1.0;1.0;11700.0;0.01;11700.01;2572
2575;2073600;11700.0;1.0;1.0;11700.0;0.01;11700.01;2575
2578;2073600;11700.0;1.0;1.0;11700.0;0.01;11700.01;2578
2609;2073600;11700.0;1.0;1.0;11700.0;0.01;11700.01;2609
2585;2073600;11700.0;1.0;1.0;11700.0;0.01;11700.01;2585
2590;2073600;11700.0;1.0;1.0;11700.0;0.01;11700.01;2590
2591;2073600;11700.0;1.0;1.0;11700.0;0.01;11700.01;2591
2593;2073600;11700.0;1.0;1.0;11700.0;0.01;11700.01;2593
2594;2073600;11700.0;1.0;1.0;11700.0;0.01;11700.01;2594
2597;2073600;11700.0;1.0;1.0;11700.0;0.01;11700.01;2597
2599;2073600;11700.0;1.0;1.0;11700.0;0.01;11700.01;2599
2600;2073600;11700.0;1.0;1.0;11700.0;0.01;11700.01;2600
2605;2073600;11700.0;1.0;1.0;11700.0;0.01;11700.01;2605
2611;2073600;11700.0;1.0;1.0;11700.0;0.01;11700.01;2611
2615;2073600;11700.0;1.0;1.0;11700.0;0.01;11700.01;2615
2617;2073600;11700.0;1.0;1.0;11700.0;0.01;11700.01;2617
2618;2073600;11700.0;1.0;1.0;11700.0;0.01;11700.01;2618
2620;2073600;11700.0;1.0;1.0;11700.0;0.01;11700.01;2620
2621;2073600;11700.0;1.0;1.0;11700.0;0.01;11700.01;2621
2623;2073600;11700.0;1.0;1.0;11700.0;0.01;11700.01;2623
2624;2073600;11700.0;1.0;1.0;11700.0;0.01;11700.01;2624
2630;2073600;11700.0;1.0;1.0;11700.0;0.01;11700.01;2630
2635;2073600;11700.0;1.0;1.0;11700.0;0.01;11700.01;2635
2636;2073600;11700.0;1.0;1.0;11700.0;0.01;11700.01;2636
2642;2073600;11700.0;1.0;1.0;11700.0;0.01;11700.01;2642
2644;2073600;11700.0;1.0;1.0;11700.0;0.01;11700.01;2644
2645;2073600;11700.0;1.0;1.0;11700.0;0.01;11700.01;2645
2650;2073600;11700.0;1.0;1.0;11700.0;0.01;11700.01;2650
2654;2073600;11700.0;1.0;1.0;11700.0;0.01;11700.01;2654
2656;2073600;11700.0;1.0;1.0;11700.0;0.01;11700.01;2656
2657;2073600;11700.0;1.0;1.0;11700.0;0.01;11700.01;2657
2660;2073600;11700.0;1.0;1.0;11700.0;0.01;11700.01;2660
2666;2073600;11700.0;1.0;1.0;11700.0;0.01;11700.01;2666
2668;2073600;11700.0;1.0;1.0;11700.0;0.01;11700.01;2668
2669;2073600;11700.0;1.0;1.0;11700.0;0.01;11700.01;2669
2675;2073600;11700.0;1.0;1.0;11700.0;0.01;11700.01;2675
2680;2073600;11700.0;1.0;1.0;11700.0;0.01;11700.01;2680
2681;2073600;11700.0;1.0;1.0;11700.0;0.01;11700.01;2681
2686;2073600;11700.0;1.0;1.0;11700.0;0.01;11700.01;2686
2687;2073600;11700.0;1.0;1.0;11700.0;0.01;11700.01;2687
2692;2073600;11700.0;1.0;1.0;11700.0;0.01;11700.01;2692
2699;2073600;11700.0;1.0;1.0;11700.0;0.01;11700.01;2699
2696;2073600;11700.0;1.0;1.0;11700.0;0.01;11700.01;2696
2702;2073600;11700.0;1.0;1.0;11700.0;0.01;11700.01;2702
2704;2073600;11700.0;1.0;1.0;11700.0;0.01;11700.01;2704
2711;2073600;11700.0;1.0;1.0;11700.0;0.01;11700.01;2711
2713;2073600;11700.0;1.0;1.0;11700.0;0.01;11700.01;2713
2719;2073600;11700.0;1.0;1.0;11700.0;0.01;11700.01;2719
2722;2073600;11700.0;1.0;1.0;11700.0;0.01;11700.01;2722
2723;2073600;11700.0;1.0;1.0;11700.0;0.01;11700.01;2723
2728;2073600;11700.0;1.0;1.0;11700.0;0.01;11700.01;2728
2759;2073600;11700.0;1.0;1.0;11700.0;0.01;11700.01;2759
2764;2073600;11700.0;1.0;1.0;11700.0;0.01;11700.01;2764
2773;2073600;11700.0;1.0;1.0;11700.0;0.01;11700.01;2773
2774;2073600;11700.0;1.0;1.0;11700.0;0.01;11700.01;2774
2779;2073600;11700.0;1.0;1.0;11700.0;0.01;11700.01;2779
2803;2073600;11700.0;1.0;1.0;11700.0;0.01;11700.01;2803
2830;2073600;11700.0;1.0;1.0;11700.0;0.01;11700.01;2830
2843;2073600;11700.0;1.0;1.0;11700.0;0.01;11700.01;2843
2855;2073600;11700.0;1.0;1.0;11700.0;0.01;11700.01;2855
2860;2073600;11700.0;1.0;1.0;11700.0;0.01;11700.01;2860
2861;2073600;11700.0;1.0;1.0;11700.0;0.01;11700.01;2861
2878;2073600;11700.0;1.0;1.0;11700.0;0.01;11700.01;2878
2893;2073600;11700.0;1.0;1.0;11700.0;0.01;11700.01;2893
2897;2073600;11700.0;1.0;1.0;11700.0;0.01;11700.01;2897
2923;2073600;11700.0;1.0;1.0;11700.0;0.01;11700.01;2923
2935;2073600;11700.0;1.0;1.0;11700.0;0.01;11700.01;2935
2936;2073600;11700.0;1.0;1.0;11700.0;0.01;11700.01;2936
7068;2073600;11700.0;1.0;1.0;11700.0;0.01;11700.01;7068
2953;2073600;11700.0;1.0;1.0;11700.0;0.01;11700.01;2953
2963;2073600;11700.0;1.0;1.0;11700.0;0.01;11700.01;2963
2983;2073600;11700.0;1.0;1.0;11700.0;0.01;11700.01;2983
2989;2073600;11700.0;1.0;1.0;11700.0;0.01;11700.01;2989
2992;2073600;11700.0;1.0;1.0;11700.0;0.01;11700.01;2992
2993;2073600;11700.0;1.0;1.0;11700.0;0.01;11700.01;2993
3008;2073600;11700.0;1.0;1.0;11700.0;0.01;11700.01;3008
3023;2073600;11700.0;1.0;1.0;11700.0;0.01;11700.01;3023
3083;2073600;11700.0;1.0;1.0;11700.0;0.01;11700.01;3083
3095;2073600;11700.0;1.0;1.0;11700.0;0.01;11700.01;3095
3094;2073600;11700.0;1.0;1.0;11700.0;0.01;11700.01;3094
3103;2073600;11700.0;1.0;1.0;11700.0;0.01;11700.01;3103
3122;2073600;11700.0;1.0;1.0;11700.0;0.01;11700.01;3122
3139;2073600;11700.0;1.0;1.0;11700.0;0.01;11700.01;3139
3142;2073600;11700.0;1.0;1.0;11700.0;0.01;11700.01;3142
3143;2073600;11700.0;1.0;1.0;11700.0;0.01;11700.01;3143
3146;2073600;11700.0;1.0;1.0;11700.0;0.01;11700.01;3146
3151;2073600;11700.0;1.0;1.0;11700.0;0.01;11700.01;3151
3152;2073600;11700.0;1.0;1.0;11700.0;0.01;11700.01;3152
3155;2073600;11700.0;1.0;1.0;11700.0;0.01;11700.01;3155
3160;2073600;11700.0;1.0;1.0;11700.0;0.01;11700.01;3160
3161;2073600;11700.0;1.0;1.0;11700.0;0.01;11700.01;3161
3163;2073600;11700.0;1.0;1.0;11700.0;0.01;11700.01;3163
3167;2073600;11700.0;1.0;1.0;11700.0;0.01;11700.01;3167
3170;2073600;11700.0;1.0;1.0;11700.0;0.01;11700.01;3170
3172;2073600;11700.0;1.0;1.0;11700.0;0.01;11700.01;3172
3191;2073600;11700.0;1.0;1.0;11700.0;0.01;11700.01;3191
3178;2073600;11700.0;1.0;1.0;11700.0;0.01;11700.01;3178
3179;2073600;11700.0;1.0;1.0;11700.0;0.01;11700.01;3179
3181;2073600;11700.0;1.0;1.0;11700.0;0.01;11700.01;3181
3185;2073600;11700.0;1.0;1.0;11700.0;0.01;11700.01;3185
3194;2073600;11700.0;1.0;1.0;11700.0;0.01;11700.01;3194
3197;2073600;11700.0;1.0;1.0;11700.0;0.01;11700.01;3197
3199;2073600;11700.0;1.0;1.0;11700.0;0.01;11700.01;3199
3200;2073600;11700.0;1.0;1.0;11700.0;0.01;11700.01;3200
3208;2073600;11700.0;1.0;1.0;11700.0;0.01;11700.01;3208
3211;2073600;11700.0;1.0;1.0;11700.0;0.01;11700.01;3211
3212;2073600;11700.0;1.0;1.0;11700.0;0.01;11700.01;3212
3217;2073600;11700.0;1.0;1.0;11700.0;0.01;11700.01;3217
3220;2073600;11700.0;1.0;1.0;11700.0;0.01;11700.01;3220
3224;2073600;11700.0;1.0;1.0;11700.0;0.01;11700.01;3224
3226;2073600;11700.0;1.0;1.0;11700.0;0.01;11700.01;3226
3230;2073600;11700.0;1.0;1.0;11700.0;0.01;11700.01;3230
3232;2073600;11700.0;1.0;1.0;11700.0;0.01;11700.01;3232
3233;2073600;11700.0;1.0;1.0;11700.0;0.01;11700.01;3233
3235;2073600;11700.0;1.0;1.0;11700.0;0.01;11700.01;3235
3239;2073600;11700.0;1.0;1.0;11700.0;0.01;11700.01;3239
3241;2073600;11700.0;1.0;1.0;11700.0;0.01;11700.01;3241
3242;2073600;11700.0;1.0;1.0;11700.0;0.01;11700.01;3242
3247;2073600;11700.0;1.0;1.0;11700.0;0.01;11700.01;3247
3248;2073600;11700.0;1.0;1.0;11700.0;0.01;11700.01;3248
3254;2073600;11700.0;1.0;1.0;11700.0;0.01;11700.01;3254
3256;2073600;11700.0;1.0;1.0;11700.0;0.01;11700.01;3256
3272;2073600;11700.0;1.0;1.0;11700.0;0.01;11700.01;3272
3262;2073600;11700.0;1.0;1.0;11700.0;0.01;11700.01;3262
3265;2073600;11700.0;1.0;1.0;11700.0;0.01;11700.01;3265
3271;2073600;11700.0;1.0;1.0;11700.0;0.01;11700.01;3271
3343;2073600;11700.0;1.0;1.0;11700.0;0.01;11700.01;3343
3353;2073600;11700.0;1.0;1.0;11700.0;0.01;11700.01;3353
3383;2073600;11700.0;1.0;1.0;11700.0;0.01;11700.01;3383
3403;2073600;11700.0;1.0;1.0;11700.0;0.01;11700.01;3403
3436;2073600;11700.0;1.0;1.0;11700.0;0.01;11700.01;3436
3517;2073600;11700.0;1.0;1.0;11700.0;0.01;11700.01;3517
3461;2073600;11700.0;1.0;1.0;11700.0;0.01;11700.01;3461
3493;2073600;11700.0;1.0;1.0;11700.0;0.01;11700.01;3493
3523;2073600;11700.0;1.0;1.0;11700.0;0.01;11700.01;3523
3524;2073600;11700.0;1.0;1.0;11700.0;0.01;11700.01;3524
3526;2073600;11700.0;1.0;1.0;11700.0;0.01;11700.01;3526
3542;2073600;11700.0;1.0;1.0;11700.0;0.01;11700.01;3542
3556;2073600;11700.0;1.0;1.0;11700.0;0.01;11700.01;3556
3553;2073600;11700.0;1.0;1.0;11700.0;0.01;11700.01;3553
3554;2073600;11700.0;1.0;1.0;11700.0;0.01;11700.01;3554
3560;2073600;11700.0;1.0;1.0;11700.0;0.01;11700.01;3560
3563;2073600;11700.0;1.0;1.0;11700.0;0.01;11700.01;3563
3577;2073600;11700.0;1.0;1.0;11700.0;0.01;11700.01;3577
3580;2073600;11700.0;1.0;1.0;11700.0;0.01;11700.01;3580
3590;2073600;11700.0;1.0;1.0;11700.0;0.01;11700.01;3590
3601;2073600;11700.0;1.0;1.0;11700.0;0.01;11700.01;3601
3604;2073600;11700.0;1.0;1.0;11700.0;0.01;11700.01;3604
3605;2073600;11700.0;1.0;1.0;11700.0;0.01;11700.01;3605
3610;2073600;11700.0;1.0;1.0;11700.0;0.01;11700.01;3610
3619;2073600;11700.0;1.0;1.0;11700.0;0.01;11700.01;3619
3620;2073600;11700.0;1.0;1.0;11700.0;0.01;11700.01;3620
3632;2073600;11700.0;1.0;1.0;11700.0;0.01;11700.01;3632
3634;2073600;11700.0;1.0;1.0;11700.0;0.01;11700.01;3634
3670;2073600;11700.0;1.0;1.0;11700.0;0.01;11700.01;3670
3676;2073600;11700.0;1.0;1.0;11700.0;0.01;11700.01;3676
3680;2073600;11700.0;1.0;1.0;11700.0;0.01;11700.01;3680
3695;2073600;11700.0;1.0;1.0;11700.0;0.01;11700.01;3695
3713;2073600;11700.0;1.0;1.0;11700.0;0.01;11700.01;3713
3700;2073600;11700.0;1.0;1.0;11700.0;0.01;11700.01;3700
3710;2073600;11700.0;1.0;1.0;11700.0;0.01;11700.01;3710
3715;2073600;11700.0;1.0;1.0;11700.0;0.01;11700.01;3715
3719;2073600;11700.0;1.0;1.0;11700.0;0.01;11700.01;3719
3730;2073600;11700.0;1.0;1.0;11700.0;0.01;11700.01;3730
3739;2073600;11700.0;1.0;1.0;11700.0;0.01;11700.01;3739
3740;2073600;11700.0;1.0;1.0;11700.0;0.01;11700.01;3740
3770;2073600;11700.0;1.0;1.0;11700.0;0.01;11700.01;3770
3782;2073600;11700.0;1.0;1.0;11700.0;0.01;11700.01;3782
3790;2073600;11700.0;1.0;1.0;11700.0;0.01;11700.01;3790
3799;2073600;11700.0;1.0;1.0;11700.0;0.01;11700.01;3799
3800;2073600;11700.0;1.0;1.0;11700.0;0.01;11700.01;3800
3820;2073600;11700.0;1.0;1.0;11700.0;0.01;11700.01;3820
3826;2073600;11700.0;1.0;1.0;11700.0;0.01;11700.01;3826
3830;2073600;11700.0;1.0;1.0;11700.0;0.01;11700.01;3830
3838;2073600;11700.0;1.0;1.0;11700.0;0.01;11700.01;3838
3839;2073600;11700.0;1.0;1.0;11700.0;0.01;11700.01;3839
3845;2073600;11700.0;1.0;1.0;11700.0;0.01;11700.01;3845
3847;2073600;11700.0;1.0;1.0;11700.0;0.01;11700.01;3847
3857;2073600;11700.0;1.0;1.0;11700.0;0.01;11700.01;3857
3862;2073600;11700.0;1.0;1.0;11700.0;0.01;11700.01;3862
3863;2073600;11700.0;1.0;1.0;11700.0;0.01;11700.01;3863
3899;2073600;11700.0;1.0;1.0;11700.0;0.01;11700.01;3899
3901;2073600;11700.0;1.0;1.0;11700.0;0.01;11700.01;3901
3944;2073600;11700.0;1.0;1.0;11700.0;0.01;11700.01;3944
3950;2073600;11700.0;1.0;1.0;11700.0;0.01;11700.01;3950
3953;2073600;11700.0;1.0;1.0;11700.0;0.01;11700.01;3953
3959;2073600;11700.0;1.0;1.0;11700.0;0.01;11700.01;3959
3982;2073600;11700.0;1.0;1.0;11700.0;0.01;11700.01;3982
4001;2073600;11700.0;1.0;1.0;11700.0;0.01;11700.01;4001
4009;2073600;11700.0;1.0;1.0;11700.0;0.01;11700.01;4009
4007;2073600;11700.0;1.0;1.0;11700.0;0.01;11700.01;4007
7728;2073600;11700.0;1.0;1.0;11700.0;0.01;11700.01;7728
4019;2073600;11700.0;1.0;1.0;11700.0;0.01;11700.01;4019
4033;2073600;11700.0;1.0;1.0;11700.0;0.01;11700.01;4033
4037;2073600;11700.0;1.0;1.0;11700.0;0.01;11700.01;4037
4040;2073600;11700.0;1.0;1.0;11700.0;0.01;11700.01;4040
4042;2073600;11700.0;1.0;1.0;11700.0;0.01;11700.01;4042
4043;2073600;11700.0;1.0;1.0;11700.0;0.01;11700.01;4043
4045;2073600;11700.0;1.0;1.0;11700.0;0.01;11700.01;4045
4048;2073600;11700.0;1.0;1.0;11700.0;0.01;11700.01;4048
4051;2073600;11700.0;1.0;1.0;11700.0;0.01;11700.01;4051
4054;2073600;11700.0;1.0;1.0;11700.0;0.01;11700.01;4054
4055;2073600;11700.0;1.0;1.0;11700.0;0.01;11700.01;4055
4057;2073600;11700.0;1.0;1.0;11700.0;0.01;11700.01;4057
4058;2073600;11700.0;1.0;1.0;11700.0;0.01;11700.01;4058
4063;2073600;11700.0;1.0;1.0;11700.0;0.01;11700.01;4063
4064;2073600;11700.0;1.0;1.0;11700.0;0.01;11700.01;4064
4069;2073600;11700.0;1.0;1.0;11700.0;0.01;11700.01;4069
4070;2073600;11700.0;1.0;1.0;11700.0;0.01;11700.01;4070
4072;2073600;11700.0;1.0;1.0;11700.0;0.01;11700.01;4072
4075;2073600;11700.0;1.0;1.0;11700.0;0.01;11700.01;4075
4076;2073600;11700.0;1.0;1.0;11700.0;0.01;11700.01;4076
4078;2073600;11700.0;1.0;1.0;11700.0;0.01;11700.01;4078
4079;2073600;11700.0;1.0;1.0;11700.0;0.01;11700.01;4079
4081;2073600;11700.0;1.0;1.0;11700.0;0.01;11700.01;4081
4082;2073600;11700.0;1.0;1.0;11700.0;0.01;11700.01;4082
4090;2073600;11700.0;1.0;1.0;11700.0;0.01;11700.01;4090
4091;2073600;11700.0;1.0;1.0;11700.0;0.01;11700.01;4091
4103;2073600;11700.0;1.0;1.0;11700.0;0.01;11700.01;4103
4093;2073600;11700.0;1.0;1.0;11700.0;0.01;11700.01;4093
4094;2073600;11700.0;1.0;1.0;11700.0;0.01;11700.01;4094
4097;2073600;11700.0;1.0;1.0;11700.0;0.01;11700.01;4097
4099;2073600;11700.0;1.0;1.0;11700.0;0.01;11700.01;4099
4100;2073600;11700.0;1.0;1.0;11700.0;0.01;11700.01;4100
4102;2073600;11700.0;1.0;1.0;11700.0;0.01;11700.01;4102
4106;2073600;11700.0;1.0;1.0;11700.0;0.01;11700.01;4106
4108;2073600;11700.0;1.0;1.0;11700.0;0.01;11700.01;4108
4112;2073600;11700.0;1.0;1.0;11700.0;0.01;11700.01;4112
4115;2073600;11700.0;1.0;1.0;11700.0;0.01;11700.01;4115
4120;2073600;11700.0;1.0;1.0;11700.0;0.01;11700.01;4120
4121;2073600;11700.0;1.0;1.0;11700.0;0.01;11700.01;4121
4123;2073600;11700.0;1.0;1.0;11700.0;0.01;11700.01;4123
4127;2073600;11700.0;1.0;1.0;11700.0;0.01;11700.01;4127
4129;2073600;11700.0;1.0;1.0;11700.0;0.01;11700.01;4129
4130;2073600;11700.0;1.0;1.0;11700.0;0.01;11700.01;4130
4132;2073600;11700.0;1.0;1.0;11700.0;0.01;11700.01;4132
4133;2073600;11700.0;1.0;1.0;11700.0;0.01;11700.01;4133
4135;2073600;11700.0;1.0;1.0;11700.0;0.01;11700.01;4135
4138;2073600;11700.0;1.0;1.0;11700.0;0.01;11700.01;4138
4144;2073600;11700.0;1.0;1.0;11700.0;0.01;11700.01;4144
4148;2073600;11700.0;1.0;1.0;11700.0;0.01;11700.01;4148
4151;2073600;11700.0;1.0;1.0;11700.0;0.01;11700.01;4151
4154;2073600;11700.0;1.0;1.0;11700.0;0.01;11700.01;4154
4156;2073600;11700.0;1.0;1.0;11700.0;0.01;11700.01;4156
4157;2073600;11700.0;1.0;1.0;11700.0;0.01;11700.01;4157
4160;2073600;11700.0;1.0;1.0;11700.0;0.01;11700.01;4160
4163;2073600;11700.0;1.0;1.0;11700.0;0.01;11700.01;4163
4168;2073600;11700.0;1.0;1.0;11700.0;0.01;11700.01;4168
4169;2073600;11700.0;1.0;1.0;11700.0;0.01;11700.01;4169
4178;2073600;11700.0;1.0;1.0;11700.0;0.01;11700.01;4178
4171;2073600;11700.0;1.0;1.0;11700.0;0.01;11700.01;4171
4174;2073600;11700.0;1.0;1.0;11700.0;0.01;11700.01;4174
4175;2073600;11700.0;1.0;1.0;11700.0;0.01;11700.01;4175
4180;2073600;11700.0;1.0;1.0;11700.0;0.01;11700.01;4180
4181;2073600;11700.0;1.0;1.0;11700.0;0.01;11700.01;4181
4186;2073600;11700.0;1.0;1.0;11700.0;0.01;11700.01;4186
4187;2073600;11700.0;1.0;1.0;11700.0;0.01;11700.01;4187
4189;2073600;11700.0;1.0;1.0;11700.0;0.01;11700.01;4189
4195;2073600;11700.0;1.0;1.0;11700.0;0.01;11700.01;4195
4198;2073600;11700.0;1.0;1.0;11700.0;0.01;11700.01;4198
4199;2073600;11700.0;1.0;1.0;11700.0;0.01;11700.01;4199
4202;2073600;11700.0;1.0;1.0;11700.0;0.01;11700.01;4202
4205;2073600;11700.0;1.0;1.0;11700.0;0.01;11700.01;4205
4207;2073600;11700.0;1.0;1.0;11700.0;0.01;11700.01;4207
4208;2073600;11700.0;1.0;1.0;11700.0;0.01;11700.01;4208
4211;2073600;11700.0;1.0;1.0;11700.0;0.01;11700.01;4211
4213;2073600;11700.0;1.0;1.0;11700.0;0.01;11700.01;4213
4214;2073600;11700.0;1.0;1.0;11700.0;0.01;11700.01;4214
4216;2073600;11700.0;1.0;1.0;11700.0;0.01;11700.01;4216
4219;2073600;11700.0;1.0;1.0;11700.0;0.01;11700.01;4219
4220;2073600;11700.0;1.0;1.0;11700.0;0.01;11700.01;4220
4225;2073600;11700.0;1.0;1.0;11700.0;0.01;11700.01;4225
4226;2073600;11700.0;1.0;1.0;11700.0;0.01;11700.01;4226
4228;2073600;11700.0;1.0;1.0;11700.0;0.01;11700.01;4228
4232;2073600;11700.0;1.0;1.0;11700.0;0.01;11700.01;4232
4234;2073600;11700.0;1.0;1.0;11700.0;0.01;11700.01;4234
4235;2073600;11700.0;1.0;1.0;11700.0;0.01;11700.01;4235
4237;2073600;11700.0;1.0;1.0;11700.0;0.01;11700.01;4237
4238;2073600;11700.0;1.0;1.0;11700.0;0.01;11700.01;4238
4240;2073600;11700.0;1.0;1.0;11700.0;0.01;11700.01;4240
4244;2073600;11700.0;1.0;1.0;11700.0;0.01;11700.01;4244
4252;2073600;11700.0;1.0;1.0;11700.0;0.01;11700.01;4252
4253;2073600;11700.0;1.0;1.0;11700.0;0.01;11700.01;4253
4255;2073600;11700.0;1.0;1.0;11700.0;0.01;11700.01;4255
4258;2073600;11700.0;1.0;1.0;11700.0;0.01;11700.01;4258
4261;2073600;11700.0;1.0;1.0;11700.0;0.01;11700.01;4261
4267;2073600;11700.0;1.0;1.0;11700.0;0.01;11700.01;4267
4273;2073600;11700.0;1.0;1.0;11700.0;0.01;11700.01;4273
4274;2073600;11700.0;1.0;1.0;11700.0;0.01;11700.01;4274
4276;2073600;11700.0;1.0;1.0;11700.0;0.01;11700.01;4276
4277;2073600;11700.0;1.0;1.0;11700.0;0.01;11700.01;4277
4279;2073600;11700.0;1.0;1.0;11700.0;0.01;11700.01;4279
4280;2073600;11700.0;1.0;1.0;11700.0;0.01;11700.01;4280
4282;2073600;11700.0;1.0;1.0;11700.0;0.01;11700.01;4282
4283;2073600;11700.0;1.0;1.0;11700.0;0.01;11700.01;4283
4285;2073600;11700.0;1.0;1.0;11700.0;0.01;11700.01;4285
4288;2073600;11700.0;1.0;1.0;11700.0;0.01;11700.01;4288
4289;2073600;11700.0;1.0;1.0;11700.0;0.01;11700.01;4289
4292;2073600;11700.0;1.0;1.0;11700.0;0.01;11700.01;4292
4294;2073600;11700.0;1.0;1.0;11700.0;0.01;11700.01;4294
4300;2073600;11700.0;1.0;1.0;11700.0;0.01;11700.01;4300
4306;2073600;11700.0;1.0;1.0;11700.0;0.01;11700.01;4306
4307;2073600;11700.0;1.0;1.0;11700.0;0.01;11700.01;4307
4309;2073600;11700.0;1.0;1.0;11700.0;0.01;11700.01;4309
4394;2073600;11700.0;1.0;1.0;11700.0;0.01;11700.01;4394
4397;2073600;11700.0;1.0;1.0;11700.0;0.01;11700.01;4397
4400;2073600;11700.0;1.0;1.0;11700.0;0.01;11700.01;4400
4402;2073600;11700.0;1.0;1.0;11700.0;0.01;11700.01;4402
4403;2073600;11700.0;1.0;1.0;11700.0;0.01;11700.01;4403
4406;2073600;11700.0;1.0;1.0;11700.0;0.01;11700.01;4406
4411;2073600;11700.0;1.0;1.0;11700.0;0.01;11700.01;4411
4420;2073600;11700.0;1.0;1.0;11700.0;0.01;11700.01;4420
4423;2073600;11700.0;1.0;1.0;11700.0;0.01;11700.01;4423
4424;2073600;11700.0;1.0;1.0;11700.0;0.01;11700.01;4424
4426;2073600;11700.0;1.0;1.0;11700.0;0.01;11700.01;4426
4429;2073600;11700.0;1.0;1.0;11700.0;0.01;11700.01;4429
4430;2073600;11700.0;1.0;1.0;11700.0;0.01;11700.01;4430
4432;2073600;11700.0;1.0;1.0;11700.0;0.01;11700.01;4432
4435;2073600;11700.0;1.0;1.0;11700.0;0.01;11700.01;4435
4442;2073600;11700.0;1.0;1.0;11700.0;0.01;11700.01;4442
4444;2073600;11700.0;1.0;1.0;11700.0;0.01;11700.01;4444
4445;2073600;11700.0;1.0;1.0;11700.0;0.01;11700.01;4445
4448;2073600;11700.0;1.0;1.0;11700.0;0.01;11700.01;4448
4451;2073600;11700.0;1.0;1.0;11700.0;0.01;11700.01;4451
4453;2073600;11700.0;1.0;1.0;11700.0;0.01;11700.01;4453
4513;2073600;11700.0;1.0;1.0;11700.0;0.01;11700.01;4513
4457;2073600;11700.0;1.0;1.0;11700.0;0.01;11700.01;4457
4463;2073600;11700.0;1.0;1.0;11700.0;0.01;11700.01;4463
4466;2073600;11700.0;1.0;1.0;11700.0;0.01;11700.01;4466
4468;2073600;11700.0;1.0;1.0;11700.0;0.01;11700.01;4468
4474;2073600;11700.0;1.0;1.0;11700.0;0.01;11700.01;4474
4471;2073600;11700.0;1.0;1.0;11700.0;0.01;11700.01;4471
4472;2073600;11700.0;1.0;1.0;11700.0;0.01;11700.01;4472
4477;2073600;11700.0;1.0;1.0;11700.0;0.01;11700.01;4477
4478;2073600;11700.0;1.0;1.0;11700.0;0.01;11700.01;4478
4481;2073600;11700.0;1.0;1.0;11700.0;0.01;11700.01;4481
4487;2073600;11700.0;1.0;1.0;11700.0;0.01;11700.01;4487
4493;2073600;11700.0;1.0;1.0;11700.0;0.01;11700.01;4493
4502;2073600;11700.0;1.0;1.0;11700.0;0.01;11700.01;4502
4504;2073600;11700.0;1.0;1.0;11700.0;0.01;11700.01;4504
4505;2073600;11700.0;1.0;1.0;11700.0;0.01;11700.01;4505
4510;2073600;11700.0;1.0;1.0;11700.0;0.01;11700.01;4510
4511;2073600;11700.0;1.0;1.0;11700.0;0.01;11700.01;4511
4519;2073600;11700.0;1.0;1.0;11700.0;0.01;11700.01;4519
4525;2073600;11700.0;1.0;1.0;11700.0;0.01;11700.01;4525
4529;2073600;11700.0;1.0;1.0;11700.0;0.01;11700.01;4529
4531;2073600;11700.0;1.0;1.0;11700.0;0.01;11700.01;4531
4535;2073600;11700.0;1.0;1.0;11700.0;0.01;11700.01;4535
4538;2073600;11700.0;1.0;1.0;11700.0;0.01;11700.01;4538
4541;2073600;11700.0;1.0;1.0;11700.0;0.01;11700.01;4541
4544;2073600;11700.0;1.0;1.0;11700.0;0.01;11700.01;4544
4549;2073600;11700.0;1.0;1.0;11700.0;0.01;11700.01;4549
4550;2073600;11700.0;1.0;1.0;11700.0;0.01;11700.01;4550
4560;2073600;11700.0;1.0;1.0;11700.0;0.01;11700.01;4560
4588;2073600;11700.0;1.0;1.0;11700.0;0.01;11700.01;4588
4581;2073600;11700.0;1.0;1.0;11700.0;0.01;11700.01;4581
4579;2073600;11700.0;1.0;1.0;11700.0;0.01;11700.01;4579
4582;2073600;11700.0;1.0;1.0;11700.0;0.01;11700.01;4582
4585;2073600;11700.0;1.0;1.0;11700.0;0.01;11700.01;4585
4587;2073600;11700.0;1.0;1.0;11700.0;0.01;11700.01;4587
4593;2073600;11700.0;1.0;1.0;11700.0;0.01;11700.01;4593
4597;2073600;11700.0;1.0;1.0;11700.0;0.01;11700.01;4597
4605;2073600;11700.0;1.0;1.0;11700.0;0.01;11700.01;4605
4606;2073600;11700.0;1.0;1.0;11700.0;0.01;11700.01;4606
4612;2073600;11700.0;1.0;1.0;11700.0;0.01;11700.01;4612
4615;2073600;11700.0;1.0;1.0;11700.0;0.01;11700.01;4615
4618;2073600;11700.0;1.0;1.0;11700.0;0.01;11700.01;4618
4620;2073600;11700.0;1.0;1.0;11700.0;0.01;11700.01;4620
4627;2073600;11700.0;1.0;1.0;11700.0;0.01;11700.01;4627
4632;2073600;11700.0;1.0;1.0;11700.0;0.01;11700.01;4632
4636;2073600;11700.0;1.0;1.0;11700.0;0.01;11700.01;4636
4638;2073600;11700.0;1.0;1.0;11700.0;0.01;11700.01;4638
4639;2073600;11700.0;1.0;1.0;11700.0;0.01;11700.01;4639
4642;2073600;11700.0;1.0;1.0;11700.0;0.01;11700.01;4642
4644;2073600;11700.0;1.0;1.0;11700.0;0.01;11700.01;4644
4647;2073600;11700.0;1.0;1.0;11700.0;0.01;11700.01;4647
4713;2073600;11700.0;1.0;1.0;11700.0;0.01;11700.01;4713
4656;2073600;11700.0;1.0;1.0;11700.0;0.01;11700.01;4656
4657;2073600;11700.0;1.0;1.0;11700.0;0.01;11700.01;4657
4662;2073600;11700.0;1.0;1.0;11700.0;0.01;11700.01;4662
4668;2073600;11700.0;1.0;1.0;11700.0;0.01;11700.01;4668
4671;2073600;11700.0;1.0;1.0;11700.0;0.01;11700.01;4671
4672;2073600;11700.0;1.0;1.0;11700.0;0.01;11700.01;4672
4674;2073600;11700.0;1.0;1.0;11700.0;0.01;11700.01;4674
4774;2073600;11700.0;1.0;1.0;11700.0;0.01;11700.01;4774
4678;2073600;11700.0;1.0;1.0;11700.0;0.01;11700.01;4678
4680;2073600;11700.0;1.0;1.0;11700.0;0.01;11700.01;4680
4681;2073600;11700.0;1.0;1.0;11700.0;0.01;11700.01;4681
4686;2073600;11700.0;1.0;1.0;11700.0;0.01;11700.01;4686
4693;2073600;11700.0;1.0;1.0;11700.0;0.01;11700.01;4693
4696;2073600;11700.0;1.0;1.0;11700.0;0.01;11700.01;4696
4699;2073600;11700.0;1.0;1.0;11700.0;0.01;11700.01;4699
4705;2073600;11700.0;1.0;1.0;11700.0;0.01;11700.01;4705
4707;2073600;11700.0;1.0;1.0;11700.0;0.01;11700.01;4707
4710;2073600;11700.0;1.0;1.0;11700.0;0.01;11700.01;4710
4716;2073600;11700.0;1.0;1.0;11700.0;0.01;11700.01;4716
4717;2073600;11700.0;1.0;1.0;11700.0;0.01;11700.01;4717
4719;2073600;11700.0;1.0;1.0;11700.0;0.01;11700.01;4719
4720;2073600;11700.0;1.0;1.0;11700.0;0.01;11700.01;4720
4725;2073600;11700.0;1.0;1.0;11700.0;0.01;11700.01;4725
4728;2073600;11700.0;1.0;1.0;11700.0;0.01;11700.01;4728
4729;2073600;11700.0;1.0;1.0;11700.0;0.01;11700.01;4729
4731;2073600;11700.0;1.0;1.0;11700.0;0.01;11700.01;4731
4734;2073600;11700.0;1.0;1.0;11700.0;0.01;11700.01;4734
4735;2073600;11700.0;1.0;1.0;11700.0;0.01;11700.01;4735
4737;2073600;11700.0;1.0;1.0;11700.0;0.01;11700.01;4737
4738;2073600;11700.0;1.0;1.0;11700.0;0.01;11700.01;4738
4743;2073600;11700.0;1.0;1.0;11700.0;0.01;11700.01;4743
4749;2073600;11700.0;1.0;1.0;11700.0;0.01;11700.01;4749
4761;2073600;11700.0;1.0;1.0;11700.0;0.01;11700.01;4761
4762;2073600;11700.0;1.0;1.0;11700.0;0.01;11700.01;4762
4764;2073600;11700.0;1.0;1.0;11700.0;0.01;11700.01;4764
4768;2073600;11700.0;1.0;1.0;11700.0;0.01;11700.01;4768
4771;2073600;11700.0;1.0;1.0;11700.0;0.01;11700.01;4771
4777;2073600;11700.0;1.0;1.0;11700.0;0.01;11700.01;4777
4780;2073600;11700.0;1.0;1.0;11700.0;0.01;11700.01;4780
4786;2073600;11700.0;1.0;1.0;11700.0;0.01;11700.01;4786
4800;2073600;11700.0;1.0;1.0;11700.0;0.01;11700.01;4800
4804;2073600;11700.0;1.0;1.0;11700.0;0.01;11700.01;4804
4810;2073600;11700.0;1.0;1.0;11700.0;0.01;11700.01;4810
4818;2073600;11700.0;1.0;1.0;11700.0;0.01;11700.01;4818
4824;2073600;11700.0;1.0;1.0;11700.0;0.01;11700.01;4824
4833;2073600;11700.0;1.0;1.0;11700.0;0.01;11700.01;4833
4839;2073600;11700.0;1.0;1.0;11700.0;0.01;11700.01;4839
4840;2073600;11700.0;1.0;1.0;11700.0;0.01;11700.01;4840
4842;2073600;11700.0;1.0;1.0;11700.0;0.01;11700.01;4842
4843;2073600;11700.0;1.0;1.0;11700.0;0.01;11700.01;4843
4845;2073600;11700.0;1.0;1.0;11700.0;0.01;11700.01;4845
4849;2073600;11700.0;1.0;1.0;11700.0;0.01;11700.01;4849
4855;2073600;11700.0;1.0;1.0;11700.0;0.01;11700.01;4855
4861;2073600;11700.0;1.0;1.0;11700.0;0.01;11700.01;4861
4867;2073600;11700.0;1.0;1.0;11700.0;0.01;11700.01;4867
4905;2073600;11700.0;1.0;1.0;11700.0;0.01;11700.01;4905
4914;2073600;11700.0;1.0;1.0;11700.0;0.01;11700.01;4914
4923;2073600;11700.0;1.0;1.0;11700.0;0.01;11700.01;4923
4924;2073600;11700.0;1.0;1.0;11700.0;0.01;11700.01;4924
4945;2073600;11700.0;1.0;1.0;11700.0;0.01;11700.01;4945
4962;2073600;11700.0;1.0;1.0;11700.0;0.01;11700.01;4962
4974;2073600;11700.0;1.0;1.0;11700.0;0.01;11700.01;4974
4980;2073600;11700.0;1.0;1.0;11700.0;0.01;11700.01;4980
4984;2073600;11700.0;1.0;1.0;11700.0;0.01;11700.01;4984
4993;2073600;11700.0;1.0;1.0;11700.0;0.01;11700.01;4993
4999;2073600;11700.0;1.0;1.0;11700.0;0.01;11700.01;4999
5004;2073600;11700.0;1.0;1.0;11700.0;0.01;11700.01;5004
5005;2073600;11700.0;1.0;1.0;11700.0;0.01;11700.01;5005
5014;2073600;11700.0;1.0;1.0;11700.0;0.01;11700.01;5014
5020;2073600;11700.0;1.0;1.0;11700.0;0.01;11700.01;5020
5019;2073600;11700.0;1.0;1.0;11700.0;0.01;11700.01;5019
5023;2073600;11700.0;1.0;1.0;11700.0;0.01;11700.01;5023
5025;2073600;11700.0;1.0;1.0;11700.0;0.01;11700.01;5025
5034;2073600;11700.0;1.0;1.0;11700.0;0.01;11700.01;5034
5064;2073600;11700.0;1.0;1.0;11700.0;0.01;11700.01;5064
5079;2073600;11700.0;1.0;1.0;11700.0;0.01;11700.01;5079
5091;2073600;11700.0;1.0;1.0;11700.0;0.01;11700.01;5091
5124;2073600;11700.0;1.0;1.0;11700.0;0.01;11700.01;5124
5134;2073600;11700.0;1.0;1.0;11700.0;0.01;11700.01;5134
5142;2073600;11700.0;1.0;1.0;11700.0;0.01;11700.01;5142
5161;2073600;11700.0;1.0;1.0;11700.0;0.01;11700.01;5161
5184;2073600;11700.0;1.0;1.0;11700.0;0.01;11700.01;5184
5197;2073600;11700.0;1.0;1.0;11700.0;0.01;11700.01;5197
5214;2073600;11700.0;1.0;1.0;11700.0;0.01;11700.01;5214
5830;2073600;11700.0;1.0;1.0;11700.0;0.01;11700.01;5830
5217;2073600;11700.0;1.0;1.0;11700.0;0.01;11700.01;5217
5223;2073600;11700.0;1.0;1.0;11700.0;0.01;11700.01;5223
5224;2073600;11700.0;1.0;1.0;11700.0;0.01;11700.01;5224
5863;2073600;11700.0;1.0;1.0;11700.0;0.01;11700.01;5863
5875;2073600;11700.0;1.0;1.0;11700.0;0.01;11700.01;5875
5890;2073600;11700.0;1.0;1.0;11700.0;0.01;11700.01;5890
5764;2073600;11700.0;1.0;1.0;11700.0;0.01;11700.01;5764
5767;2073600;11700.0;1.0;1.0;11700.0;0.01;11700.01;5767
5770;2073600;11700.0;1.0;1.0;11700.0;0.01;11700.01;5770
5772;2073600;11700.0;1.0;1.0;11700.0;0.01;11700.01;5772
5776;2073600;11700.0;1.0;1.0;11700.0;0.01;11700.01;5776
5791;2073600;11700.0;1.0;1.0;11700.0;0.01;11700.01;5791
5794;2073600;11700.0;1.0;1.0;11700.0;0.01;11700.01;5794
5797;2073600;11700.0;1.0;1.0;11700.0;0.01;11700.01;5797
5800;2073600;11700.0;1.0;1.0;11700.0;0.01;11700.01;5800
5802;2073600;11700.0;1.0;1.0;11700.0;0.01;11700.01;5802
5803;2073600;11700.0;1.0;1.0;11700.0;0.01;11700.01;5803
5805;2073600;11700.0;1.0;1.0;11700.0;0.01;11700.01;5805
5806;2073600;11700.0;1.0;1.0;11700.0;0.01;11700.01;5806
5815;2073600;11700.0;1.0;1.0;11700.0;0.01;11700.01;5815
5809;2073600;11700.0;1.0;1.0;11700.0;0.01;11700.01;5809
5811;2073600;11700.0;1.0;1.0;11700.0;0.01;11700.01;5811
5812;2073600;11700.0;1.0;1.0;11700.0;0.01;11700.01;5812
5817;2073600;11700.0;1.0;1.0;11700.0;0.01;11700.01;5817
5818;2073600;11700.0;1.0;1.0;11700.0;0.01;11700.01;5818
5821;2073600;11700.0;1.0;1.0;11700.0;0.01;11700.01;5821
5824;2073600;11700.0;1.0;1.0;11700.0;0.01;11700.01;5824
5827;2073600;11700.0;1.0;1.0;11700.0;0.01;11700.01;5827
5833;2073600;11700.0;1.0;1.0;11700.0;0.01;11700.01;5833
5836;2073600;11700.0;1.0;1.0;11700.0;0.01;11700.01;5836
5839;2073600;11700.0;1.0;1.0;11700.0;0.01;11700.01;5839
5842;2073600;11700.0;1.0;1.0;11700.0;0.01;11700.01;5842
5845;2073600;11700.0;1.0;1.0;11700.0;0.01;11700.01;5845
5851;2073600;11700.0;1.0;1.0;11700.0;0.01;11700.01;5851
5854;2073600;11700.0;1.0;1.0;11700.0;0.01;11700.01;5854
5857;2073600;11700.0;1.0;1.0;11700.0;0.01;11700.01;5857
5860;2073600;11700.0;1.0;1.0;11700.0;0.01;11700.01;5860
5871;2073600;11700.0;1.0;1.0;11700.0;0.01;11700.01;5871
5881;2073600;11700.0;1.0;1.0;11700.0;0.01;11700.01;5881
5878;2073600;11700.0;1.0;1.0;11700.0;0.01;11700.01;5878
5883;2073600;11700.0;1.0;1.0;11700.0;0.01;11700.01;5883
5884;2073600;11700.0;1.0;1.0;11700.0;0.01;11700.01;5884
5886;2073600;11700.0;1.0;1.0;11700.0;0.01;11700.01;5886
5887;2073600;11700.0;1.0;1.0;11700.0;0.01;11700.01;5887
5892;2073600;11700.0;1.0;1.0;11700.0;0.01;11700.01;5892
5893;2073600;11700.0;1.0;1.0;11700.0;0.01;11700.01;5893
5896;2073600;11700.0;1.0;1.0;11700.0;0.01;11700.01;5896
5901;2073600;11700.0;1.0;1.0;11700.0;0.01;11700.01;5901
5902;2073600;11700.0;1.0;1.0;11700.0;0.01;11700.01;5902
5908;2073600;11700.0;1.0;1.0;11700.0;0.01;11700.01;5908
5914;2073600;11700.0;1.0;1.0;11700.0;0.01;11700.01;5914
7284;2073600;11700.0;1.0;1.0;11700.0;0.01;11700.01;7284
5917;2073600;11700.0;1.0;1.0;11700.0;0.01;11700.01;5917
5920;2073600;11700.0;1.0;1.0;11700.0;0.01;11700.01;5920
5923;2073600;11700.0;1.0;1.0;11700.0;0.01;11700.01;5923
5926;2073600;11700.0;1.0;1.0;11700.0;0.01;11700.01;5926
5929;2073600;11700.0;1.0;1.0;11700.0;0.01;11700.01;5929
5931;2073600;11700.0;1.0;1.0;11700.0;0.01;11700.01;5931
5932;2073600;11700.0;1.0;1.0;11700.0;0.01;11700.01;5932
5935;2073600;11700.0;1.0;1.0;11700.0;0.01;11700.01;5935
5938;2073600;11700.0;1.0;1.0;11700.0;0.01;11700.01;5938
5941;2073600;11700.0;1.0;1.0;11700.0;0.01;11700.01;5941
5950;2073600;11700.0;1.0;1.0;11700.0;0.01;11700.01;5950
5944;2073600;11700.0;1.0;1.0;11700.0;0.01;11700.01;5944
5973;2073600;11700.0;1.0;1.0;11700.0;0.01;11700.01;5973
5980;2073600;11700.0;1.0;1.0;11700.0;0.01;11700.01;5980
5991;2073600;11700.0;1.0;1.0;11700.0;0.01;11700.01;5991
5997;2073600;11700.0;1.0;1.0;11700.0;0.01;11700.01;5997
6000;2073600;11700.0;1.0;1.0;11700.0;0.01;11700.01;6000
6009;2073600;11700.0;1.0;1.0;11700.0;0.01;11700.01;6009
6006;2073600;11700.0;1.0;1.0;11700.0;0.01;11700.01;6006
6015;2073600;11700.0;1.0;1.0;11700.0;0.01;11700.01;6015
6021;2073600;11700.0;1.0;1.0;11700.0;0.01;11700.01;6021
6024;2073600;11700.0;1.0;1.0;11700.0;0.01;11700.01;6024
6030;2073600;11700.0;1.0;1.0;11700.0;0.01;11700.01;6030
6033;2073600;11700.0;1.0;1.0;11700.0;0.01;11700.01;6033
6036;2073600;11700.0;1.0;1.0;11700.0;0.01;11700.01;6036
6048;2073600;11700.0;1.0;1.0;11700.0;0.01;11700.01;6048
6051;2073600;11700.0;1.0;1.0;11700.0;0.01;11700.01;6051
6054;2073600;11700.0;1.0;1.0;11700.0;0.01;11700.01;6054
6060;2073600;11700.0;1.0;1.0;11700.0;0.01;11700.01;6060
6063;2073600;11700.0;1.0;1.0;11700.0;0.01;11700.01;6063
6069;2073600;11700.0;1.0;1.0;11700.0;0.01;11700.01;6069
6072;2073600;11700.0;1.0;1.0;11700.0;0.01;11700.01;6072
6075;2073600;11700.0;1.0;1.0;11700.0;0.01;11700.01;6075
6117;2073600;11700.0;1.0;1.0;11700.0;0.01;11700.01;6117
6123;2073600;11700.0;1.0;1.0;11700.0;0.01;11700.01;6123
6129;2073600;11700.0;1.0;1.0;11700.0;0.01;11700.01;6129
6141;2073600;11700.0;1.0;1.0;11700.0;0.01;11700.01;6141
6153;2073600;11700.0;1.0;1.0;11700.0;0.01;11700.01;6153
6159;2073600;11700.0;1.0;1.0;11700.0;0.01;11700.01;6159
6171;2073600;11700.0;1.0;1.0;11700.0;0.01;11700.01;6171
6192;2073600;11700.0;1.0;1.0;11700.0;0.01;11700.01;6192
6201;2073600;11700.0;1.0;1.0;11700.0;0.01;11700.01;6201
6210;2073600;11700.0;1.0;1.0;11700.0;0.01;11700.01;6210
6231;2073600;11700.0;1.0;1.0;11700.0;0.01;11700.01;6231
6280;2073600;11700.0;1.0;1.0;11700.0;0.01;11700.01;6280
6282;2073600;11700.0;1.0;1.0;11700.0;0.01;11700.01;6282
6297;2073600;11700.0;1.0;1.0;11700.0;0.01;11700.01;6297
6298;2073600;11700.0;1.0;1.0;11700.0;0.01;11700.01;6298
6312;2073600;11700.0;1.0;1.0;11700.0;0.01;11700.01;6312
6330;2073600;11700.0;1.0;1.0;11700.0;0.01;11700.01;6330
6337;2073600;11700.0;1.0;1.0;11700.0;0.01;11700.01;6337
6343;2073600;11700.0;1.0;1.0;11700.0;0.01;11700.01;6343
6354;2073600;11700.0;1.0;1.0;11700.0;0.01;11700.01;6354
6355;2073600;11700.0;1.0;1.0;11700.0;0.01;11700.01;6355
6356;2073600;11700.0;1.0;1.0;11700.0;0.01;11700.01;6356
6364;2073600;11700.0;1.0;1.0;11700.0;0.01;11700.01;6364
6394;2073600;11700.0;1.0;1.0;11700.0;0.01;11700.01;6394
6404;2073600;11700.0;1.0;1.0;11700.0;0.01;11700.01;6404
6408;2073600;11700.0;1.0;1.0;11700.0;0.01;11700.01;6408
6411;2073600;11700.0;1.0;1.0;11700.0;0.01;11700.01;6411
6417;2073600;11700.0;1.0;1.0;11700.0;0.01;11700.01;6417
6429;2073600;11700.0;1.0;1.0;11700.0;0.01;11700.01;6429
6435;2073600;11700.0;1.0;1.0;11700.0;0.01;11700.01;6435
6441;2073600;11700.0;1.0;1.0;11700.0;0.01;11700.01;6441
6447;2073600;11700.0;1.0;1.0;11700.0;0.01;11700.01;6447
6455;2073600;11700.0;1.0;1.0;11700.0;0.01;11700.01;6455
6501;2073600;11700.0;1.0;1.0;11700.0;0.01;11700.01;6501
6504;2073600;11700.0;1.0;1.0;11700.0;0.01;11700.01;6504
6510;2073600;11700.0;1.0;1.0;11700.0;0.01;11700.01;6510
6516;2073600;11700.0;1.0;1.0;11700.0;0.01;11700.01;6516
6531;2073600;11700.0;1.0;1.0;11700.0;0.01;11700.01;6531
6573;2073600;11700.0;1.0;1.0;11700.0;0.01;11700.01;6573
6575;2073600;11700.0;1.0;1.0;11700.0;0.01;11700.01;6575
6581;2073600;11700.0;1.0;1.0;11700.0;0.01;11700.01;6581
6584;2073600;11700.0;1.0;1.0;11700.0;0.01;11700.01;6584
6587;2073600;11700.0;1.0;1.0;11700.0;0.01;11700.01;6587
6597;2073600;11700.0;1.0;1.0;11700.0;0.01;11700.01;6597
6593;2073600;11700.0;1.0;1.0;11700.0;0.01;11700.01;6593
6599;2073600;11700.0;1.0;1.0;11700.0;0.01;11700.01;6599
6603;2073600;11700.0;1.0;1.0;11700.0;0.01;11700.01;6603
6605;2073600;11700.0;1.0;1.0;11700.0;0.01;11700.01;6605
6608;2073600;11700.0;1.0;1.0;11700.0;0.01;11700.01;6608
6615;2073600;11700.0;1.0;1.0;11700.0;0.01;11700.01;6615
6617;2073600;11700.0;1.0;1.0;11700.0;0.01;11700.01;6617
6620;2073600;11700.0;1.0;1.0;11700.0;0.01;11700.01;6620
6621;2073600;11700.0;1.0;1.0;11700.0;0.01;11700.01;6621
6623;2073600;11700.0;1.0;1.0;11700.0;0.01;11700.01;6623
6629;2073600;11700.0;1.0;1.0;11700.0;0.01;11700.01;6629
6630;2073600;11700.0;1.0;1.0;11700.0;0.01;11700.01;6630
6632;2073600;11700.0;1.0;1.0;11700.0;0.01;11700.01;6632
6635;2073600;11700.0;1.0;1.0;11700.0;0.01;11700.01;6635
6641;2073600;11700.0;1.0;1.0;11700.0;0.01;11700.01;6641
6642;2073600;11700.0;1.0;1.0;11700.0;0.01;11700.01;6642
6647;2073600;11700.0;1.0;1.0;11700.0;0.01;11700.01;6647
6650;2073600;11700.0;1.0;1.0;11700.0;0.01;11700.01;6650
6653;2073600;11700.0;1.0;1.0;11700.0;0.01;11700.01;6653
6654;2073600;11700.0;1.0;1.0;11700.0;0.01;11700.01;6654
6656;2073600;11700.0;1.0;1.0;11700.0;0.01;11700.01;6656
6659;2073600;11700.0;1.0;1.0;11700.0;0.01;11700.01;6659
6662;2073600;11700.0;1.0;1.0;11700.0;0.01;11700.01;6662
6665;2073600;11700.0;1.0;1.0;11700.0;0.01;11700.01;6665
6668;2073600;11700.0;1.0;1.0;11700.0;0.01;11700.01;6668
6671;2073600;11700.0;1.0;1.0;11700.0;0.01;11700.01;6671
6674;2073600;11700.0;1.0;1.0;11700.0;0.01;11700.01;6674
6677;2073600;11700.0;1.0;1.0;11700.0;0.01;11700.01;6677
6678;2073600;11700.0;1.0;1.0;11700.0;0.01;11700.01;6678
6680;2073600;11700.0;1.0;1.0;11700.0;0.01;11700.01;6680
6683;2073600;11700.0;1.0;1.0;11700.0;0.01;11700.01;6683
6686;2073600;11700.0;1.0;1.0;11700.0;0.01;11700.01;6686
6689;2073600;11700.0;1.0;1.0;11700.0;0.01;11700.01;6689
6692;2073600;11700.0;1.0;1.0;11700.0;0.01;11700.01;6692
6695;2073600;11700.0;1.0;1.0;11700.0;0.01;11700.01;6695
6698;2073600;11700.0;1.0;1.0;11700.0;0.01;11700.01;6698
6701;2073600;11700.0;1.0;1.0;11700.0;0.01;11700.01;6701
6704;2073600;11700.0;1.0;1.0;11700.0;0.01;11700.01;6704
6707;2073600;11700.0;1.0;1.0;11700.0;0.01;11700.01;6707
6710;2073600;11700.0;1.0;1.0;11700.0;0.01;11700.01;6710
6713;2073600;11700.0;1.0;1.0;11700.0;0.01;11700.01;6713
6716;2073600;11700.0;1.0;1.0;11700.0;0.01;11700.01;6716
6719;2073600;11700.0;1.0;1.0;11700.0;0.01;11700.01;6719
6728;2073600;11700.0;1.0;1.0;11700.0;0.01;11700.01;6728
6734;2073600;11700.0;1.0;1.0;11700.0;0.01;11700.01;6734
6735;2073600;11700.0;1.0;1.0;11700.0;0.01;11700.01;6735
6737;2073600;11700.0;1.0;1.0;11700.0;0.01;11700.01;6737
6741;2073600;11700.0;1.0;1.0;11700.0;0.01;11700.01;6741
6743;2073600;11700.0;1.0;1.0;11700.0;0.01;11700.01;6743
6749;2073600;11700.0;1.0;1.0;11700.0;0.01;11700.01;6749
6750;2073600;11700.0;1.0;1.0;11700.0;0.01;11700.01;6750
6752;2073600;11700.0;1.0;1.0;11700.0;0.01;11700.01;6752
6755;2073600;11700.0;1.0;1.0;11700.0;0.01;11700.01;6755
6761;2073600;11700.0;1.0;1.0;11700.0;0.01;11700.01;6761
6767;2073600;11700.0;1.0;1.0;11700.0;0.01;11700.01;6767
6773;2073600;11700.0;1.0;1.0;11700.0;0.01;11700.01;6773
6776;2073600;11700.0;1.0;1.0;11700.0;0.01;11700.01;6776
6779;2073600;11700.0;1.0;1.0;11700.0;0.01;11700.01;6779
6780;2073600;11700.0;1.0;1.0;11700.0;0.01;11700.01;6780
6785;2073600;11700.0;1.0;1.0;11700.0;0.01;11700.01;6785
6786;2073600;11700.0;1.0;1.0;11700.0;0.01;11700.01;6786
6788;2073600;11700.0;1.0;1.0;11700.0;0.01;11700.01;6788
6794;2073600;11700.0;1.0;1.0;11700.0;0.01;11700.01;6794
6797;2073600;11700.0;1.0;1.0;11700.0;0.01;11700.01;6797
6803;2073600;11700.0;1.0;1.0;11700.0;0.01;11700.01;6803
6809;2073600;11700.0;1.0;1.0;11700.0;0.01;11700.01;6809
6810;2073600;11700.0;1.0;1.0;11700.0;0.01;11700.01;6810
6812;2073600;11700.0;1.0;1.0;11700.0;0.01;11700.01;6812
6815;2073600;11700.0;1.0;1.0;11700.0;0.01;11700.01;6815
6816;2073600;11700.0;1.0;1.0;11700.0;0.01;11700.01;6816
6818;2073600;11700.0;1.0;1.0;11700.0;0.01;11700.01;6818
6821;2073600;11700.0;1.0;1.0;11700.0;0.01;11700.01;6821
6824;2073600;11700.0;1.0;1.0;11700.0;0.01;11700.01;6824
6827;2073600;11700.0;1.0;1.0;11700.0;0.01;11700.01;6827
6833;2073600;11700.0;1.0;1.0;11700.0;0.01;11700.01;6833
6834;2073600;11700.0;1.0;1.0;11700.0;0.01;11700.01;6834
6836;2073600;11700.0;1.0;1.0;11700.0;0.01;11700.01;6836
6839;2073600;11700.0;1.0;1.0;11700.0;0.01;11700.01;6839
6840;2073600;11700.0;1.0;1.0;11700.0;0.01;11700.01;6840
6842;2073600;11700.0;1.0;1.0;11700.0;0.01;11700.01;6842
6845;2073600;11700.0;1.0;1.0;11700.0;0.01;11700.01;6845
6848;2073600;11700.0;1.0;1.0;11700.0;0.01;11700.01;6848
6851;2073600;11700.0;1.0;1.0;11700.0;0.01;11700.01;6851
6852;2073600;11700.0;1.0;1.0;11700.0;0.01;11700.01;6852
6863;2073600;11700.0;1.0;1.0;11700.0;0.01;11700.01;6863
6866;2073600;11700.0;1.0;1.0;11700.0;0.01;11700.01;6866
6869;2073600;11700.0;1.0;1.0;11700.0;0.01;11700.01;6869
6870;2073600;11700.0;1.0;1.0;11700.0;0.01;11700.01;6870
6872;2073600;11700.0;1.0;1.0;11700.0;0.01;11700.01;6872
6875;2073600;11700.0;1.0;1.0;11700.0;0.01;11700.01;6875
6885;2073600;11700.0;1.0;1.0;11700.0;0.01;11700.01;6885
6888;2073600;11700.0;1.0;1.0;11700.0;0.01;11700.01;6888
6894;2073600;11700.0;1.0;1.0;11700.0;0.01;11700.01;6894
6906;2073600;11700.0;1.0;1.0;11700.0;0.01;11700.01;6906
6909;2073600;11700.0;1.0;1.0;11700.0;0.01;11700.01;6909
6911;2073600;11700.0;1.0;1.0;11700.0;0.01;11700.01;6911
6923;2073600;11700.0;1.0;1.0;11700.0;0.01;11700.01;6923
6924;2073600;11700.0;1.0;1.0;11700.0;0.01;11700.01;6924
6929;2073600;11700.0;1.0;1.0;11700.0;0.01;11700.01;6929
6930;2073600;11700.0;1.0;1.0;11700.0;0.01;11700.01;6930
6932;2073600;11700.0;1.0;1.0;11700.0;0.01;11700.01;6932
6935;2073600;11700.0;1.0;1.0;11700.0;0.01;11700.01;6935
6938;2073600;11700.0;1.0;1.0;11700.0;0.01;11700.01;6938
6945;2073600;11700.0;1.0;1.0;11700.0;0.01;11700.01;6945
6947;2073600;11700.0;1.0;1.0;11700.0;0.01;11700.01;6947
6953;2073600;11700.0;1.0;1.0;11700.0;0.01;11700.01;6953
6954;2073600;11700.0;1.0;1.0;11700.0;0.01;11700.01;6954
6956;2073600;11700.0;1.0;1.0;11700.0;0.01;11700.01;6956
6966;2073600;11700.0;1.0;1.0;11700.0;0.01;11700.01;6966
6978;2073600;11700.0;1.0;1.0;11700.0;0.01;11700.01;6978
6984;2073600;11700.0;1.0;1.0;11700.0;0.01;11700.01;6984
6987;2073600;11700.0;1.0;1.0;11700.0;0.01;11700.01;6987
6995;2073600;11700.0;1.0;1.0;11700.0;0.01;11700.01;6995
6996;2073600;11700.0;1.0;1.0;11700.0;0.01;11700.01;6996
7001;2073600;11700.0;1.0;1.0;11700.0;0.01;11700.01;7001
7005;2073600;11700.0;1.0;1.0;11700.0;0.01;11700.01;7005
7007;2073600;11700.0;1.0;1.0;11700.0;0.01;11700.01;7007
7017;2073600;11700.0;1.0;1.0;11700.0;0.01;11700.01;7017
7023;2073600;11700.0;1.0;1.0;11700.0;0.01;11700.01;7023
7025;2073600;11700.0;1.0;1.0;11700.0;0.01;11700.01;7025
7028;2073600;11700.0;1.0;1.0;11700.0;0.01;11700.01;7028
7029;2073600;11700.0;1.0;1.0;11700.0;0.01;11700.01;7029
7031;2073600;11700.0;1.0;1.0;11700.0;0.01;11700.01;7031
7032;2073600;11700.0;1.0;1.0;11700.0;0.01;11700.01;7032
7038;2073600;11700.0;1.0;1.0;11700.0;0.01;11700.01;7038
7043;2073600;11700.0;1.0;1.0;11700.0;0.01;11700.01;7043
7044;2073600;11700.0;1.0;1.0;11700.0;0.01;11700.01;7044
7047;2073600;11700.0;1.0;1.0;11700.0;0.01;11700.01;7047
7049;2073600;11700.0;1.0;1.0;11700.0;0.01;11700.01;7049
7056;2073600;11700.0;1.0;1.0;11700.0;0.01;11700.01;7056
7098;2073600;11700.0;1.0;1.0;11700.0;0.01;11700.01;7098
7061;2073600;11700.0;1.0;1.0;11700.0;0.01;11700.01;7061
7067;2073600;11700.0;1.0;1.0;11700.0;0.01;11700.01;7067
7071;2073600;11700.0;1.0;1.0;11700.0;0.01;11700.01;7071
7077;2073600;11700.0;1.0;1.0;11700.0;0.01;11700.01;7077
7074;2073600;11700.0;1.0;1.0;11700.0;0.01;11700.01;7074
7080;2073600;11700.0;1.0;1.0;11700.0;0.01;11700.01;7080
7086;2073600;11700.0;1.0;1.0;11700.0;0.01;11700.01;7086
7089;2073600;11700.0;1.0;1.0;11700.0;0.01;11700.01;7089
7091;2073600;11700.0;1.0;1.0;11700.0;0.01;11700.01;7091
7092;2073600;11700.0;1.0;1.0;11700.0;0.01;11700.01;7092
7119;2073600;11700.0;1.0;1.0;11700.0;0.01;11700.01;7119
7122;2073600;11700.0;1.0;1.0;11700.0;0.01;11700.01;7122
7124;2073600;11700.0;1.0;1.0;11700.0;0.01;11700.01;7124
7125;2073600;11700.0;1.0;1.0;11700.0;0.01;11700.01;7125
7127;2073600;11700.0;1.0;1.0;11700.0;0.01;11700.01;7127
7134;2073600;11700.0;1.0;1.0;11700.0;0.01;11700.01;7134
7139;2073600;11700.0;1.0;1.0;11700.0;0.01;11700.01;7139
7146;2073600;11700.0;1.0;1.0;11700.0;0.01;11700.01;7146
7158;2073600;11700.0;1.0;1.0;11700.0;0.01;11700.01;7158
7161;2073600;11700.0;1.0;1.0;11700.0;0.01;11700.01;7161
7166;2073600;11700.0;1.0;1.0;11700.0;0.01;11700.01;7166
7167;2073600;11700.0;1.0;1.0;11700.0;0.01;11700.01;7167
7169;2073600;11700.0;1.0;1.0;11700.0;0.01;11700.01;7169
7172;2073600;11700.0;1.0;1.0;11700.0;0.01;11700.01;7172
7175;2073600;11700.0;1.0;1.0;11700.0;0.01;11700.01;7175
7194;2073600;11700.0;1.0;1.0;11700.0;0.01;11700.01;7194
7179;2073600;11700.0;1.0;1.0;11700.0;0.01;11700.01;7179
7181;2073600;11700.0;1.0;1.0;11700.0;0.01;11700.01;7181
7184;2073600;11700.0;1.0;1.0;11700.0;0.01;11700.01;7184
7187;2073600;11700.0;1.0;1.0;11700.0;0.01;11700.01;7187
7191;2073600;11700.0;1.0;1.0;11700.0;0.01;11700.01;7191
7199;2073600;11700.0;1.0;1.0;11700.0;0.01;11700.01;7199
7209;2073600;11700.0;1.0;1.0;11700.0;0.01;11700.01;7209
7211;2073600;11700.0;1.0;1.0;11700.0;0.01;11700.01;7211
7212;2073600;11700.0;1.0;1.0;11700.0;0.01;11700.01;7212
7215;2073600;11700.0;1.0;1.0;11700.0;0.01;11700.01;7215
7217;2073600;11700.0;1.0;1.0;11700.0;0.01;11700.01;7217
7220;2073600;11700.0;1.0;1.0;11700.0;0.01;11700.01;7220
7221;2073600;11700.0;1.0;1.0;11700.0;0.01;11700.01;7221
7223;2073600;11700.0;1.0;1.0;11700.0;0.01;11700.01;7223
7226;2073600;11700.0;1.0;1.0;11700.0;0.01;11700.01;7226
7227;2073600;11700.0;1.0;1.0;11700.0;0.01;11700.01;7227
7229;2073600;11700.0;1.0;1.0;11700.0;0.01;11700.01;7229
7232;2073600;11700.0;1.0;1.0;11700.0;0.01;11700.01;7232
7235;2073600;11700.0;1.0;1.0;11700.0;0.01;11700.01;7235
7238;2073600;11700.0;1.0;1.0;11700.0;0.01;11700.01;7238
7239;2073600;11700.0;1.0;1.0;11700.0;0.01;11700.01;7239
7241;2073600;11700.0;1.0;1.0;11700.0;0.01;11700.01;7241
7244;2073600;11700.0;1.0;1.0;11700.0;0.01;11700.01;7244
7247;2073600;11700.0;1.0;1.0;11700.0;0.01;11700.01;7247
7326;2073600;11700.0;1.0;1.0;11700.0;0.01;11700.01;7326
7254;2073600;11700.0;1.0;1.0;11700.0;0.01;11700.01;7254
7256;2073600;11700.0;1.0;1.0;11700.0;0.01;11700.01;7256
7265;2073600;11700.0;1.0;1.0;11700.0;0.01;11700.01;7265
7269;2073600;11700.0;1.0;1.0;11700.0;0.01;11700.01;7269
7274;2073600;11700.0;1.0;1.0;11700.0;0.01;11700.01;7274
7277;2073600;11700.0;1.0;1.0;11700.0;0.01;11700.01;7277
7278;2073600;11700.0;1.0;1.0;11700.0;0.01;11700.01;7278
7283;2073600;11700.0;1.0;1.0;11700.0;0.01;11700.01;7283
7286;2073600;11700.0;1.0;1.0;11700.0;0.01;11700.01;7286
7289;2073600;11700.0;1.0;1.0;11700.0;0.01;11700.01;7289
7290;2073600;11700.0;1.0;1.0;11700.0;0.01;11700.01;7290
7292;2073600;11700.0;1.0;1.0;11700.0;0.01;11700.01;7292
7296;2073600;11700.0;1.0;1.0;11700.0;0.01;11700.01;7296
7298;2073600;11700.0;1.0;1.0;11700.0;0.01;11700.01;7298
7299;2073600;11700.0;1.0;1.0;11700.0;0.01;11700.01;7299
7310;2073600;11700.0;1.0;1.0;11700.0;0.01;11700.01;7310
7322;2073600;11700.0;1.0;1.0;11700.0;0.01;11700.01;7322
7325;2073600;11700.0;1.0;1.0;11700.0;0.01;11700.01;7325
7329;2073600;11700.0;1.0;1.0;11700.0;0.01;11700.01;7329
7334;2073600;11700.0;1.0;1.0;11700.0;0.01;11700.01;7334
7340;2073600;11700.0;1.0;1.0;11700.0;0.01;11700.01;7340
7343;2073600;11700.0;1.0;1.0;11700.0;0.01;11700.01;7343
7346;2073600;11700.0;1.0;1.0;11700.0;0.01;11700.01;7346
7349;2073600;11700.0;1.0;1.0;11700.0;0.01;11700.01;7349
7355;2073600;11700.0;1.0;1.0;11700.0;0.01;11700.01;7355
7359;2073600;11700.0;1.0;1.0;11700.0;0.01;11700.01;7359
7364;2073600;11700.0;1.0;1.0;11700.0;0.01;11700.01;7364
7365;2073600;11700.0;1.0;1.0;11700.0;0.01;11700.01;7365
7370;2073600;11700.0;1.0;1.0;11700.0;0.01;11700.01;7370
7379;2073600;11700.0;1.0;1.0;11700.0;0.01;11700.01;7379
7382;2073600;11700.0;1.0;1.0;11700.0;0.01;11700.01;7382
7383;2073600;11700.0;1.0;1.0;11700.0;0.01;11700.01;7383
7394;2073600;11700.0;1.0;1.0;11700.0;0.01;11700.01;7394
7397;2073600;11700.0;1.0;1.0;11700.0;0.01;11700.01;7397
7409;2073600;11700.0;1.0;1.0;11700.0;0.01;11700.01;7409
7415;2073600;11700.0;1.0;1.0;11700.0;0.01;11700.01;7415
7418;2073600;11700.0;1.0;1.0;11700.0;0.01;11700.01;7418
7419;2073600;11700.0;1.0;1.0;11700.0;0.01;11700.01;7419
7421;2073600;11700.0;1.0;1.0;11700.0;0.01;11700.01;7421
7427;2073600;11700.0;1.0;1.0;11700.0;0.01;11700.01;7427
7430;2073600;11700.0;1.0;1.0;11700.0;0.01;11700.01;7430
7439;2073600;11700.0;1.0;1.0;11700.0;0.01;11700.01;7439
7440;2073600;11700.0;1.0;1.0;11700.0;0.01;11700.01;7440
7442;2073600;11700.0;1.0;1.0;11700.0;0.01;11700.01;7442
7446;2073600;11700.0;1.0;1.0;11700.0;0.01;11700.01;7446
7449;2073600;11700.0;1.0;1.0;11700.0;0.01;11700.01;7449
7614;2073600;11700.0;1.0;1.0;11700.0;0.01;11700.01;7614
7454;2073600;11700.0;1.0;1.0;11700.0;0.01;11700.01;7454
7458;2073600;11700.0;1.0;1.0;11700.0;0.01;11700.01;7458
7466;2073600;11700.0;1.0;1.0;11700.0;0.01;11700.01;7466
7469;2073600;11700.0;1.0;1.0;11700.0;0.01;11700.01;7469
7479;2073600;11700.0;1.0;1.0;11700.0;0.01;11700.01;7479
7493;2073600;11700.0;1.0;1.0;11700.0;0.01;11700.01;7493
7496;2073600;11700.0;1.0;1.0;11700.0;0.01;11700.01;7496
7499;2073600;11700.0;1.0;1.0;11700.0;0.01;11700.01;7499
7502;2073600;11700.0;1.0;1.0;11700.0;0.01;11700.01;7502
7509;2073600;11700.0;1.0;1.0;11700.0;0.01;11700.01;7509
7512;2073600;11700.0;1.0;1.0;11700.0;0.01;11700.01;7512
7515;2073600;11700.0;1.0;1.0;11700.0;0.01;11700.01;7515
7521;2073600;11700.0;1.0;1.0;11700.0;0.01;11700.01;7521
7526;2073600;11700.0;1.0;1.0;11700.0;0.01;11700.01;7526
7529;2073600;11700.0;1.0;1.0;11700.0;0.01;11700.01;7529
7533;2073600;11700.0;1.0;1.0;11700.0;0.01;11700.01;7533
7538;2073600;11700.0;1.0;1.0;11700.0;0.01;11700.01;7538
7539;2073600;11700.0;1.0;1.0;11700.0;0.01;11700.01;7539
7541;2073600;11700.0;1.0;1.0;11700.0;0.01;11700.01;7541
7545;2073600;11700.0;1.0;1.0;11700.0;0.01;11700.01;7545
7550;2073600;11700.0;1.0;1.0;11700.0;0.01;11700.01;7550
7559;2073600;11700.0;1.0;1.0;11700.0;0.01;11700.01;7559
7560;2073600;11700.0;1.0;1.0;11700.0;0.01;11700.01;7560
7565;2073600;11700.0;1.0;1.0;11700.0;0.01;11700.01;7565
7569;2073600;11700.0;1.0;1.0;11700.0;0.01;11700.01;7569
7577;2073600;11700.0;1.0;1.0;11700.0;0.01;11700.01;7577
7578;2073600;11700.0;1.0;1.0;11700.0;0.01;11700.01;7578
7580;2073600;11700.0;1.0;1.0;11700.0;0.01;11700.01;7580
7583;2073600;11700.0;1.0;1.0;11700.0;0.01;11700.01;7583
7587;2073600;11700.0;1.0;1.0;11700.0;0.01;11700.01;7587
7586;2073600;11700.0;1.0;1.0;11700.0;0.01;11700.01;7586
7589;2073600;11700.0;1.0;1.0;11700.0;0.01;11700.01;7589
7601;2073600;11700.0;1.0;1.0;11700.0;0.01;11700.01;7601
7602;2073600;11700.0;1.0;1.0;11700.0;0.01;11700.01;7602
7607;2073600;11700.0;1.0;1.0;11700.0;0.01;11700.01;7607
7610;2073600;11700.0;1.0;1.0;11700.0;0.01;11700.01;7610
7616;2073600;11700.0;1.0;1.0;11700.0;0.01;11700.01;7616
7620;2073600;11700.0;1.0;1.0;11700.0;0.01;11700.01;7620
7622;2073600;11700.0;1.0;1.0;11700.0;0.01;11700.01;7622
7638;2073600;11700.0;1.0;1.0;11700.0;0.01;11700.01;7638
7646;2073600;11700.0;1.0;1.0;11700.0;0.01;11700.01;7646
7644;2073600;11700.0;1.0;1.0;11700.0;0.01;11700.01;7644
7652;2073600;11700.0;1.0;1.0;11700.0;0.01;11700.01;7652
7653;2073600;11700.0;1.0;1.0;11700.0;0.01;11700.01;7653
7670;2073600;11700.0;1.0;1.0;11700.0;0.01;11700.01;7670
7674;2073600;11700.0;1.0;1.0;11700.0;0.01;11700.01;7674
7677;2073600;11700.0;1.0;1.0;11700.0;0.01;11700.01;7677
7683;2073600;11700.0;1.0;1.0;11700.0;0.01;11700.01;7683
7689;2073600;11700.0;1.0;1.0;11700.0;0.01;11700.01;7689
7694;2073600;11700.0;1.0;1.0;11700.0;0.01;11700.01;7694
7697;2073600;11700.0;1.0;1.0;11700.0;0.01;11700.01;7697
7698;2073600;11700.0;1.0;1.0;11700.0;0.01;11700.01;7698
7706;2073600;11700.0;1.0;1.0;11700.0;0.01;11700.01;7706
7718;2073600;11700.0;1.0;1.0;11700.0;0.01;11700.01;7718
7730;2073600;11700.0;1.0;1.0;11700.0;0.01;11700.01;7730
7733;2073600;11700.0;1.0;1.0;11700.0;0.01;11700.01;7733
7742;2073600;11700.0;1.0;1.0;11700.0;0.01;11700.01;7742
7746;2073600;11700.0;1.0;1.0;11700.0;0.01;11700.01;7746
7749;2073600;11700.0;1.0;1.0;11700.0;0.01;11700.01;7749
7754;2073600;11700.0;1.0;1.0;11700.0;0.01;11700.01;7754
7766;2073600;11700.0;1.0;1.0;11700.0;0.01;11700.01;7766
7769;2073600;11700.0;1.0;1.0;11700.0;0.01;11700.01;7769
7778;2073600;11700.0;1.0;1.0;11700.0;0.01;11700.01;7778
7779;2073600;11700.0;1.0;1.0;11700.0;0.01;11700.01;7779
7790;2073600;11700.0;1.0;1.0;11700.0;0.01;11700.01;7790
7799;2073600;11700.0;1.0;1.0;11700.0;0.01;11700.01;7799
7802;2073600;11700.0;1.0;1.0;11700.0;0.01;11700.01;7802
7803;2073600;11700.0;1.0;1.0;11700.0;0.01;11700.01;7803
7809;2073600;11700.0;1.0;1.0;11700.0;0.01;11700.01;7809
7814;2073600;11700.0;1.0;1.0;11700.0;0.01;11700.01;7814
7821;2073600;11700.0;1.0;1.0;11700.0;0.01;11700.01;7821
7827;2073600;11700.0;1.0;1.0;11700.0;0.01;11700.01;7827
7829;2073600;11700.0;1.0;1.0;11700.0;0.01;11700.01;7829
7838;2073600;11700.0;1.0;1.0;11700.0;0.01;11700.01;7838
7839;2073600;11700.0;1.0;1.0;11700.0;0.01;11700.01;7839
7841;2073600;11700.0;1.0;1.0;11700.0;0.01;11700.01;7841
7850;2073600;11700.0;1.0;1.0;11700.0;0.01;11700.01;7850
7859;2073600;11700.0;1.0;1.0;11700.0;0.01;11700.01;7859
7862;2073600;11700.0;1.0;1.0;11700.0;0.01;11700.01;7862
7865;2073600;11700.0;1.0;1.0;11700.0;0.01;11700.01;7865
7874;2073600;11700.0;1.0;1.0;11700.0;0.01;11700.01;7874
7883;2073600;11700.0;1.0;1.0;11700.0;0.01;11700.01;7883
7884;2073600;11700.0;1.0;1.0;11700.0;0.01;11700.01;7884
7886;2073600;11700.0;1.0;1.0;11700.0;0.01;11700.01;7886
7889;2073600;11700.0;1.0;1.0;11700.0;0.01;11700.01;7889
7895;2073600;11700.0;1.0;1.0;11700.0;0.01;11700.01;7895
7896;2073600;11700.0;1.0;1.0;11700.0;0.01;11700.01;7896
7898;2073600;11700.0;1.0;1.0;11700.0;0.01;11700.01;7898
7910;2073600;11700.0;1.0;1.0;11700.0;0.01;11700.01;7910
7922;2073600;11700.0;1.0;1.0;11700.0;0.01;11700.01;7922
7925;2073600;11700.0;1.0;1.0;11700.0;0.01;11700.01;7925
7934;2073600;11700.0;1.0;1.0;11700.0;0.01;11700.01;7934
7935;2073600;11700.0;1.0;1.0;11700.0;0.01;11700.01;7935
7940;2073600;11700.0;1.0;1.0;11700.0;0.01;11700.01;7940
7946;2073600;11700.0;1.0;1.0;11700.0;0.01;11700.01;7946
7950;2073600;11700.0;1.0;1.0;11700.0;0.01;11700.01;7950
7958;2073600;11700.0;1.0;1.0;11700.0;0.01;11700.01;7958
7965;2073600;11700.0;1.0;1.0;11700.0;0.01;11700.01;7965
7970;2073600;11700.0;1.0;1.0;11700.0;0.01;11700.01;7970
7971;2073600;11700.0;1.0;1.0;11700.0;0.01;11700.01;7971
7979;2073600;11700.0;1.0;1.0;11700.0;0.01;11700.01;7979
7982;2073600;11700.0;1.0;1.0;11700.0;0.01;11700.01;7982
7988;2073600;11700.0;1.0;1.0;11700.0;0.01;11700.01;7988
7989;2073600;11700.0;1.0;1.0;11700.0;0.01;11700.01;7989
7991;2073600;11700.0;1.0;1.0;11700.0;0.01;11700.01;7991
7993;2073600;11700.0;1.0;1.0;11700.0;0.01;11700.01;7993
12;2073600;12000.0;1.0;1.0;12000.0;0.01;12000.01;12
14;2073600;12000.0;1.0;1.0;12000.0;0.01;12000.01;14
15;2073600;12000.0;1.0;1.0;12000.0;0.01;12000.01;15
17;2073600;12000.0;1.0;1.0;12000.0;0.01;12000.01;17
18;2073600;12000.0;1.0;1.0;12000.0;0.01;12000.01;18
20;2073600;12000.0;1.0;1.0;12000.0;0.01;12000.01;20
21;2073600;12000.0;1.0;1.0;12000.0;0.01;12000.01;21
24;2073600;12000.0;1.0;1.0;12000.0;0.01;12000.01;24
23;2073600;12000.0;1.0;1.0;12000.0;0.01;12000.01;23
27;2073600;12000.0;1.0;1.0;12000.0;0.01;12000.01;27
29;2073600;12000.0;1.0;1.0;12000.0;0.01;12000.01;29
33;2073600;12000.0;1.0;1.0;12000.0;0.01;12000.01;33
35;2073600;12000.0;1.0;1.0;12000.0;0.01;12000.01;35
36;2073600;12000.0;1.0;1.0;12000.0;0.01;12000.01;36
38;2073600;12000.0;1.0;1.0;12000.0;0.01;12000.01;38
39;2073600;12000.0;1.0;1.0;12000.0;0.01;12000.01;39
876;2073600;12000.0;1.0;1.0;12000.0;0.01;12000.01;876
42;2073600;12000.0;1.0;1.0;12000.0;0.01;12000.01;42
45;2073600;12000.0;1.0;1.0;12000.0;0.01;12000.01;45
54;2073600;12000.0;1.0;1.0;12000.0;0.01;12000.01;54
47;2073600;12000.0;1.0;1.0;12000.0;0.01;12000.01;47
48;2073600;12000.0;1.0;1.0;12000.0;0.01;12000.01;48
50;2073600;12000.0;1.0;1.0;12000.0;0.01;12000.01;50
53;2073600;12000.0;1.0;1.0;12000.0;0.01;12000.01;53
59;2073600;12000.0;1.0;1.0;12000.0;0.01;12000.01;59
62;2073600;12000.0;1.0;1.0;12000.0;0.01;12000.01;62
63;2073600;12000.0;1.0;1.0;12000.0;0.01;12000.01;63
65;2073600;12000.0;1.0;1.0;12000.0;0.01;12000.01;65
66;2073600;12000.0;1.0;1.0;12000.0;0.01;12000.01;66
69;2073600;12000.0;1.0;1.0;12000.0;0.01;12000.01;69
71;2073600;12000.0;1.0;1.0;12000.0;0.01;12000.01;71
74;2073600;12000.0;1.0;1.0;12000.0;0.01;12000.01;74
75;2073600;12000.0;1.0;1.0;12000.0;0.01;12000.01;75
77;2073600;12000.0;1.0;1.0;12000.0;0.01;12000.01;77
80;2073600;12000.0;1.0;1.0;12000.0;0.01;12000.01;80
81;2073600;12000.0;1.0;1.0;12000.0;0.01;12000.01;81
84;2073600;12000.0;1.0;1.0;12000.0;0.01;12000.01;84
87;2073600;12000.0;1.0;1.0;12000.0;0.01;12000.01;87
86;2073600;12000.0;1.0;1.0;12000.0;0.01;12000.01;86
89;2073600;12000.0;1.0;1.0;12000.0;0.01;12000.01;89
90;2073600;12000.0;1.0;1.0;12000.0;0.01;12000.01;90
123;2073600;12000.0;1.0;1.0;12000.0;0.01;12000.01;123
93;2073600;12000.0;1.0;1.0;12000.0;0.01;12000.01;93
95;2073600;12000.0;1.0;1.0;12000.0;0.01;12000.01;95
96;2073600;12000.0;1.0;1.0;12000.0;0.01;12000.01;96
98;2073600;12000.0;1.0;1.0;12000.0;0.01;12000.01;98
99;2073600;12000.0;1.0;1.0;12000.0;0.01;12000.01;99
105;2073600;12000.0;1.0;1.0;12000.0;0.01;12000.01;105
117;2073600;12000.0;1.0;1.0;12000.0;0.01;12000.01;117
119;2073600;12000.0;1.0;1.0;12000.0;0.01;12000.01;119
120;2073600;12000.0;1.0;1.0;12000.0;0.01;12000.01;120
122;2073600;12000.0;1.0;1.0;12000.0;0.01;12000.01;122
125;2073600;12000.0;1.0;1.0;12000.0;0.01;12000.01;125
129;2073600;12000.0;1.0;1.0;12000.0;0.01;12000.01;129
131;2073600;12000.0;1.0;1.0;12000.0;0.01;12000.01;131
134;2073600;12000.0;1.0;1.0;12000.0;0.01;12000.01;134
135;2073600;12000.0;1.0;1.0;12000.0;0.01;12000.01;135
138;2073600;12000.0;1.0;1.0;12000.0;0.01;12000.01;138
137;2073600;12000.0;1.0;1.0;12000.0;0.01;12000.01;137
143;2073600;12000.0;1.0;1.0;12000.0;0.01;12000.01;143
146;2073600;12000.0;1.0;1.0;12000.0;0.01;12000.01;146
149;2073600;12000.0;1.0;1.0;12000.0;0.01;12000.01;149
150;2073600;12000.0;1.0;1.0;12000.0;0.01;12000.01;150
152;2073600;12000.0;1.0;1.0;12000.0;0.01;12000.01;152
153;2073600;12000.0;1.0;1.0;12000.0;0.01;12000.01;153
155;2073600;12000.0;1.0;1.0;12000.0;0.01;12000.01;155
156;2073600;12000.0;1.0;1.0;12000.0;0.01;12000.01;156
158;2073600;12000.0;1.0;1.0;12000.0;0.01;12000.01;158
159;2073600;12000.0;1.0;1.0;12000.0;0.01;12000.01;159
161;2073600;12000.0;1.0;1.0;12000.0;0.01;12000.01;161
162;2073600;12000.0;1.0;1.0;12000.0;0.01;12000.01;162
165;2073600;12000.0;1.0;1.0;12000.0;0.01;12000.01;165
167;2073600;12000.0;1.0;1.0;12000.0;0.01;12000.01;167
168;2073600;12000.0;1.0;1.0;12000.0;0.01;12000.01;168
228;2073600;12000.0;1.0;1.0;12000.0;0.01;12000.01;228
171;2073600;12000.0;1.0;1.0;12000.0;0.01;12000.01;171
173;2073600;12000.0;1.0;1.0;12000.0;0.01;12000.01;173
174;2073600;12000.0;1.0;1.0;12000.0;0.01;12000.01;174
179;2073600;12000.0;1.0;1.0;12000.0;0.01;12000.01;179
177;2073600;12000.0;1.0;1.0;12000.0;0.01;12000.01;177
180;2073600;12000.0;1.0;1.0;12000.0;0.01;12000.01;180
182;2073600;12000.0;1.0;1.0;12000.0;0.01;12000.01;182
183;2073600;12000.0;1.0;1.0;12000.0;0.01;12000.01;183
185;2073600;12000.0;1.0;1.0;12000.0;0.01;12000.01;185
186;2073600;12000.0;1.0;1.0;12000.0;0.01;12000.01;186
191;2073600;12000.0;1.0;1.0;12000.0;0.01;12000.01;191
192;2073600;12000.0;1.0;1.0;12000.0;0.01;12000.01;192
194;2073600;12000.0;1.0;1.0;12000.0;0.01;12000.01;194
195;2073600;12000.0;1.0;1.0;12000.0;0.01;12000.01;195
197;2073600;12000.0;1.0;1.0;12000.0;0.01;12000.01;197
198;2073600;12000.0;1.0;1.0;12000.0;0.01;12000.01;198
203;2073600;12000.0;1.0;1.0;12000.0;0.01;12000.01;203
204;2073600;12000.0;1.0;1.0;12000.0;0.01;12000.01;204
206;2073600;12000.0;1.0;1.0;12000.0;0.01;12000.01;206
209;2073600;12000.0;1.0;1.0;12000.0;0.01;12000.01;209
210;2073600;12000.0;1.0;1.0;12000.0;0.01;12000.01;210
213;2073600;12000.0;1.0;1.0;12000.0;0.01;12000.01;213
215;2073600;12000.0;1.0;1.0;12000.0;0.01;12000.01;215
216;2073600;12000.0;1.0;1.0;12000.0;0.01;12000.01;216
218;2073600;12000.0;1.0;1.0;12000.0;0.01;12000.01;218
221;2073600;12000.0;1.0;1.0;12000.0;0.01;12000.01;221
222;2073600;12000.0;1.0;1.0;12000.0;0.01;12000.01;222
227;2073600;12000.0;1.0;1.0;12000.0;0.01;12000.01;227
231;2073600;12000.0;1.0;1.0;12000.0;0.01;12000.01;231
233;2073600;12000.0;1.0;1.0;12000.0;0.01;12000.01;233
234;2073600;12000.0;1.0;1.0;12000.0;0.01;12000.01;234
237;2073600;12000.0;1.0;1.0;12000.0;0.01;12000.01;237
239;2073600;12000.0;1.0;1.0;12000.0;0.01;12000.01;239
242;2073600;12000.0;1.0;1.0;12000.0;0.01;12000.01;242
245;2073600;12000.0;1.0;1.0;12000.0;0.01;12000.01;245
246;2073600;12000.0;1.0;1.0;12000.0;0.01;12000.01;246
249;2073600;12000.0;1.0;1.0;12000.0;0.01;12000.01;249
251;2073600;12000.0;1.0;1.0;12000.0;0.01;12000.01;251
267;2073600;12000.0;1.0;1.0;12000.0;0.01;12000.01;267
384;2073600;12000.0;1.0;1.0;12000.0;0.01;12000.01;384
366;2073600;12000.0;1.0;1.0;12000.0;0.01;12000.01;366
371;2073600;12000.0;1.0;1.0;12000.0;0.01;12000.01;371
372;2073600;12000.0;1.0;1.0;12000.0;0.01;12000.01;372
374;2073600;12000.0;1.0;1.0;12000.0;0.01;12000.01;374
377;2073600;12000.0;1.0;1.0;12000.0;0.01;12000.01;377
378;2073600;12000.0;1.0;1.0;12000.0;0.01;12000.01;378
381;2073600;12000.0;1.0;1.0;12000.0;0.01;12000.01;381
383;2073600;12000.0;1.0;1.0;12000.0;0.01;12000.01;383
386;2073600;12000.0;1.0;1.0;12000.0;0.01;12000.01;386
389;2073600;12000.0;1.0;1.0;12000.0;0.01;12000.01;389
390;2073600;12000.0;1.0;1.0;12000.0;0.01;12000.01;390
393;2073600;12000.0;1.0;1.0;12000.0;0.01;12000.01;393
1992;2073600;12000.0;1.0;1.0;12000.0;0.01;12000.01;1992
396;2073600;12000.0;1.0;1.0;12000.0;0.01;12000.01;396
399;2073600;12000.0;1.0;1.0;12000.0;0.01;12000.01;399
402;2073600;12000.0;1.0;1.0;12000.0;0.01;12000.01;402
405;2073600;12000.0;1.0;1.0;12000.0;0.01;12000.01;405
408;2073600;12000.0;1.0;1.0;12000.0;0.01;12000.01;408
2115;2073600;12000.0;1.0;1.0;12000.0;0.01;12000.01;2115
410;2073600;12000.0;1.0;1.0;12000.0;0.01;12000.01;410
411;2073600;12000.0;1.0;1.0;12000.0;0.01;12000.01;411
413;2073600;12000.0;1.0;1.0;12000.0;0.01;12000.01;413
423;2073600;12000.0;1.0;1.0;12000.0;0.01;12000.01;423
417;2073600;12000.0;1.0;1.0;12000.0;0.01;12000.01;417
419;2073600;12000.0;1.0;1.0;12000.0;0.01;12000.01;419
422;2073600;12000.0;1.0;1.0;12000.0;0.01;12000.01;422
425;2073600;12000.0;1.0;1.0;12000.0;0.01;12000.01;425
426;2073600;12000.0;1.0;1.0;12000.0;0.01;12000.01;426
428;2073600;12000.0;1.0;1.0;12000.0;0.01;12000.01;428
431;2073600;12000.0;1.0;1.0;12000.0;0.01;12000.01;431
845;2073600;12000.0;1.0;1.0;12000.0;0.01;12000.01;845
432;2073600;12000.0;1.0;1.0;12000.0;0.01;12000.01;432
434;2073600;12000.0;1.0;1.0;12000.0;0.01;12000.01;434
437;2073600;12000.0;1.0;1.0;12000.0;0.01;12000.01;437
438;2073600;12000.0;1.0;1.0;12000.0;0.01;12000.01;438
441;2073600;12000.0;1.0;1.0;12000.0;0.01;12000.01;441
443;2073600;12000.0;1.0;1.0;12000.0;0.01;12000.01;443
447;2073600;12000.0;1.0;1.0;12000.0;0.01;12000.01;447
450;2073600;12000.0;1.0;1.0;12000.0;0.01;12000.01;450
452;2073600;12000.0;1.0;1.0;12000.0;0.01;12000.01;452
455;2073600;12000.0;1.0;1.0;12000.0;0.01;12000.01;455
458;2073600;12000.0;1.0;1.0;12000.0;0.01;12000.01;458
864;2073600;12000.0;1.0;1.0;12000.0;0.01;12000.01;864
461;2073600;12000.0;1.0;1.0;12000.0;0.01;12000.01;461
465;2073600;12000.0;1.0;1.0;12000.0;0.01;12000.01;465
467;2073600;12000.0;1.0;1.0;12000.0;0.01;12000.01;467
468;2073600;12000.0;1.0;1.0;12000.0;0.01;12000.01;468
470;2073600;12000.0;1.0;1.0;12000.0;0.01;12000.01;470
471;2073600;12000.0;1.0;1.0;12000.0;0.01;12000.01;471
473;2073600;12000.0;1.0;1.0;12000.0;0.01;12000.01;473
474;2073600;12000.0;1.0;1.0;12000.0;0.01;12000.01;474
476;2073600;12000.0;1.0;1.0;12000.0;0.01;12000.01;476
477;2073600;12000.0;1.0;1.0;12000.0;0.01;12000.01;477
510;2073600;12000.0;1.0;1.0;12000.0;0.01;12000.01;510
516;2073600;12000.0;1.0;1.0;12000.0;0.01;12000.01;516
515;2073600;12000.0;1.0;1.0;12000.0;0.01;12000.01;515
518;2073600;12000.0;1.0;1.0;12000.0;0.01;12000.01;518
522;2073600;12000.0;1.0;1.0;12000.0;0.01;12000.01;522
723;2073600;12000.0;1.0;1.0;12000.0;0.01;12000.01;723
524;2073600;12000.0;1.0;1.0;12000.0;0.01;12000.01;524
527;2073600;12000.0;1.0;1.0;12000.0;0.01;12000.01;527
534;2073600;12000.0;1.0;1.0;12000.0;0.01;12000.01;534
531;2073600;12000.0;1.0;1.0;12000.0;0.01;12000.01;531
533;2073600;12000.0;1.0;1.0;12000.0;0.01;12000.01;533
1103;2073600;12000.0;1.0;1.0;12000.0;0.01;12000.01;1103
537;2073600;12000.0;1.0;1.0;12000.0;0.01;12000.01;537
540;2073600;12000.0;1.0;1.0;12000.0;0.01;12000.01;540
542;2073600;12000.0;1.0;1.0;12000.0;0.01;12000.01;542
543;2073600;12000.0;1.0;1.0;12000.0;0.01;12000.01;543
2780;2073600;12000.0;1.0;1.0;12000.0;0.01;12000.01;2780
546;2073600;12000.0;1.0;1.0;12000.0;0.01;12000.01;546
548;2073600;12000.0;1.0;1.0;12000.0;0.01;12000.01;548
552;2073600;12000.0;1.0;1.0;12000.0;0.01;12000.01;552
554;2073600;12000.0;1.0;1.0;12000.0;0.01;12000.01;554
558;2073600;12000.0;1.0;1.0;12000.0;0.01;12000.01;558
564;2073600;12000.0;1.0;1.0;12000.0;0.01;12000.01;564
566;2073600;12000.0;1.0;1.0;12000.0;0.01;12000.01;566
588;2073600;12000.0;1.0;1.0;12000.0;0.01;12000.01;588
567;2073600;12000.0;1.0;1.0;12000.0;0.01;12000.01;567
570;2073600;12000.0;1.0;1.0;12000.0;0.01;12000.01;570
572;2073600;12000.0;1.0;1.0;12000.0;0.01;12000.01;572
573;2073600;12000.0;1.0;1.0;12000.0;0.01;12000.01;573
576;2073600;12000.0;1.0;1.0;12000.0;0.01;12000.01;576
578;2073600;12000.0;1.0;1.0;12000.0;0.01;12000.01;578
579;2073600;12000.0;1.0;1.0;12000.0;0.01;12000.01;579
581;2073600;12000.0;1.0;1.0;12000.0;0.01;12000.01;581
585;2073600;12000.0;1.0;1.0;12000.0;0.01;12000.01;585
587;2073600;12000.0;1.0;1.0;12000.0;0.01;12000.01;587
591;2073600;12000.0;1.0;1.0;12000.0;0.01;12000.01;591
590;2073600;12000.0;1.0;1.0;12000.0;0.01;12000.01;590
593;2073600;12000.0;1.0;1.0;12000.0;0.01;12000.01;593
594;2073600;12000.0;1.0;1.0;12000.0;0.01;12000.01;594
596;2073600;12000.0;1.0;1.0;12000.0;0.01;12000.01;596
600;2073600;12000.0;1.0;1.0;12000.0;0.01;12000.01;600
602;2073600;12000.0;1.0;1.0;12000.0;0.01;12000.01;602
603;2073600;12000.0;1.0;1.0;12000.0;0.01;12000.01;603
605;2073600;12000.0;1.0;1.0;12000.0;0.01;12000.01;605
3401;2073600;12000.0;1.0;1.0;12000.0;0.01;12000.01;3401
609;2073600;12000.0;1.0;1.0;12000.0;0.01;12000.01;609
1605;2073600;12000.0;1.0;1.0;12000.0;0.01;12000.01;1605
612;2073600;12000.0;1.0;1.0;12000.0;0.01;12000.01;612
614;2073600;12000.0;1.0;1.0;12000.0;0.01;12000.01;614
615;2073600;12000.0;1.0;1.0;12000.0;0.01;12000.01;615
617;2073600;12000.0;1.0;1.0;12000.0;0.01;12000.01;617
618;2073600;12000.0;1.0;1.0;12000.0;0.01;12000.01;618
621;2073600;12000.0;1.0;1.0;12000.0;0.01;12000.01;621
623;2073600;12000.0;1.0;1.0;12000.0;0.01;12000.01;623
626;2073600;12000.0;1.0;1.0;12000.0;0.01;12000.01;626
627;2073600;12000.0;1.0;1.0;12000.0;0.01;12000.01;627
629;2073600;12000.0;1.0;1.0;12000.0;0.01;12000.01;629
630;2073600;12000.0;1.0;1.0;12000.0;0.01;12000.01;630
632;2073600;12000.0;1.0;1.0;12000.0;0.01;12000.01;632
635;2073600;12000.0;1.0;1.0;12000.0;0.01;12000.01;635
636;2073600;12000.0;1.0;1.0;12000.0;0.01;12000.01;636
639;2073600;12000.0;1.0;1.0;12000.0;0.01;12000.01;639
642;2073600;12000.0;1.0;1.0;12000.0;0.01;12000.01;642
641;2073600;12000.0;1.0;1.0;12000.0;0.01;12000.01;641
647;2073600;12000.0;1.0;1.0;12000.0;0.01;12000.01;647
648;2073600;12000.0;1.0;1.0;12000.0;0.01;12000.01;648
651;2073600;12000.0;1.0;1.0;12000.0;0.01;12000.01;651
653;2073600;12000.0;1.0;1.0;12000.0;0.01;12000.01;653
654;2073600;12000.0;1.0;1.0;12000.0;0.01;12000.01;654
657;2073600;12000.0;1.0;1.0;12000.0;0.01;12000.01;657
660;2073600;12000.0;1.0;1.0;12000.0;0.01;12000.01;660
662;2073600;12000.0;1.0;1.0;12000.0;0.01;12000.01;662
671;2073600;12000.0;1.0;1.0;12000.0;0.01;12000.01;671
672;2073600;12000.0;1.0;1.0;12000.0;0.01;12000.01;672
678;2073600;12000.0;1.0;1.0;12000.0;0.01;12000.01;678
683;2073600;12000.0;1.0;1.0;12000.0;0.01;12000.01;683
684;2073600;12000.0;1.0;1.0;12000.0;0.01;12000.01;684
686;2073600;12000.0;1.0;1.0;12000.0;0.01;12000.01;686
687;2073600;12000.0;1.0;1.0;12000.0;0.01;12000.01;687
690;2073600;12000.0;1.0;1.0;12000.0;0.01;12000.01;690
689;2073600;12000.0;1.0;1.0;12000.0;0.01;12000.01;689
693;2073600;12000.0;1.0;1.0;12000.0;0.01;12000.01;693
695;2073600;12000.0;1.0;1.0;12000.0;0.01;12000.01;695
696;2073600;12000.0;1.0;1.0;12000.0;0.01;12000.01;696
698;2073600;12000.0;1.0;1.0;12000.0;0.01;12000.01;698
701;2073600;12000.0;1.0;1.0;12000.0;0.01;12000.01;701
702;2073600;12000.0;1.0;1.0;12000.0;0.01;12000.01;702
705;2073600;12000.0;1.0;1.0;12000.0;0.01;12000.01;705
708;2073600;12000.0;1.0;1.0;12000.0;0.01;12000.01;708
710;2073600;12000.0;1.0;1.0;12000.0;0.01;12000.01;710
711;2073600;12000.0;1.0;1.0;12000.0;0.01;12000.01;711
713;2073600;12000.0;1.0;1.0;12000.0;0.01;12000.01;713
714;2073600;12000.0;1.0;1.0;12000.0;0.01;12000.01;714
716;2073600;12000.0;1.0;1.0;12000.0;0.01;12000.01;716
717;2073600;12000.0;1.0;1.0;12000.0;0.01;12000.01;717
735;2073600;12000.0;1.0;1.0;12000.0;0.01;12000.01;735
719;2073600;12000.0;1.0;1.0;12000.0;0.01;12000.01;719
720;2073600;12000.0;1.0;1.0;12000.0;0.01;12000.01;720
722;2073600;12000.0;1.0;1.0;12000.0;0.01;12000.01;722
729;2073600;12000.0;1.0;1.0;12000.0;0.01;12000.01;729
732;2073600;12000.0;1.0;1.0;12000.0;0.01;12000.01;732
734;2073600;12000.0;1.0;1.0;12000.0;0.01;12000.01;734
738;2073600;12000.0;1.0;1.0;12000.0;0.01;12000.01;738
741;2073600;12000.0;1.0;1.0;12000.0;0.01;12000.01;741
743;2073600;12000.0;1.0;1.0;12000.0;0.01;12000.01;743
746;2073600;12000.0;1.0;1.0;12000.0;0.01;12000.01;746
747;2073600;12000.0;1.0;1.0;12000.0;0.01;12000.01;747
752;2073600;12000.0;1.0;1.0;12000.0;0.01;12000.01;752
753;2073600;12000.0;1.0;1.0;12000.0;0.01;12000.01;753
755;2073600;12000.0;1.0;1.0;12000.0;0.01;12000.01;755
756;2073600;12000.0;1.0;1.0;12000.0;0.01;12000.01;756
759;2073600;12000.0;1.0;1.0;12000.0;0.01;12000.01;759
761;2073600;12000.0;1.0;1.0;12000.0;0.01;12000.01;761
762;2073600;12000.0;1.0;1.0;12000.0;0.01;12000.01;762
764;2073600;12000.0;1.0;1.0;12000.0;0.01;12000.01;764
765;2073600;12000.0;1.0;1.0;12000.0;0.01;12000.01;765
767;2073600;12000.0;1.0;1.0;12000.0;0.01;12000.01;767
770;2073600;12000.0;1.0;1.0;12000.0;0.01;12000.01;770
771;2073600;12000.0;1.0;1.0;12000.0;0.01;12000.01;771
773;2073600;12000.0;1.0;1.0;12000.0;0.01;12000.01;773
774;2073600;12000.0;1.0;1.0;12000.0;0.01;12000.01;774
776;2073600;12000.0;1.0;1.0;12000.0;0.01;12000.01;776
779;2073600;12000.0;1.0;1.0;12000.0;0.01;12000.01;779
780;2073600;12000.0;1.0;1.0;12000.0;0.01;12000.01;780
782;2073600;12000.0;1.0;1.0;12000.0;0.01;12000.01;782
783;2073600;12000.0;1.0;1.0;12000.0;0.01;12000.01;783
786;2073600;12000.0;1.0;1.0;12000.0;0.01;12000.01;786
789;2073600;12000.0;1.0;1.0;12000.0;0.01;12000.01;789
791;2073600;12000.0;1.0;1.0;12000.0;0.01;12000.01;791
792;2073600;12000.0;1.0;1.0;12000.0;0.01;12000.01;792
795;2073600;12000.0;1.0;1.0;12000.0;0.01;12000.01;795
797;2073600;12000.0;1.0;1.0;12000.0;0.01;12000.01;797
800;2073600;12000.0;1.0;1.0;12000.0;0.01;12000.01;800
803;2073600;12000.0;1.0;1.0;12000.0;0.01;12000.01;803
804;2073600;12000.0;1.0;1.0;12000.0;0.01;12000.01;804
809;2073600;12000.0;1.0;1.0;12000.0;0.01;12000.01;809
815;2073600;12000.0;1.0;1.0;12000.0;0.01;12000.01;815
816;2073600;12000.0;1.0;1.0;12000.0;0.01;12000.01;816
819;2073600;12000.0;1.0;1.0;12000.0;0.01;12000.01;819
821;2073600;12000.0;1.0;1.0;12000.0;0.01;12000.01;821
822;2073600;12000.0;1.0;1.0;12000.0;0.01;12000.01;822
827;2073600;12000.0;1.0;1.0;12000.0;0.01;12000.01;827
828;2073600;12000.0;1.0;1.0;12000.0;0.01;12000.01;828
830;2073600;12000.0;1.0;1.0;12000.0;0.01;12000.01;830
831;2073600;12000.0;1.0;1.0;12000.0;0.01;12000.01;831
834;2073600;12000.0;1.0;1.0;12000.0;0.01;12000.01;834
837;2073600;12000.0;1.0;1.0;12000.0;0.01;12000.01;837
839;2073600;12000.0;1.0;1.0;12000.0;0.01;12000.01;839
840;2073600;12000.0;1.0;1.0;12000.0;0.01;12000.01;840
842;2073600;12000.0;1.0;1.0;12000.0;0.01;12000.01;842
843;2073600;12000.0;1.0;1.0;12000.0;0.01;12000.01;843
846;2073600;12000.0;1.0;1.0;12000.0;0.01;12000.01;846
849;2073600;12000.0;1.0;1.0;12000.0;0.01;12000.01;849
851;2073600;12000.0;1.0;1.0;12000.0;0.01;12000.01;851
852;2073600;12000.0;1.0;1.0;12000.0;0.01;12000.01;852
854;2073600;12000.0;1.0;1.0;12000.0;0.01;12000.01;854
855;2073600;12000.0;1.0;1.0;12000.0;0.01;12000.01;855
857;2073600;12000.0;1.0;1.0;12000.0;0.01;12000.01;857
858;2073600;12000.0;1.0;1.0;12000.0;0.01;12000.01;858
861;2073600;12000.0;1.0;1.0;12000.0;0.01;12000.01;861
863;2073600;12000.0;1.0;1.0;12000.0;0.01;12000.01;863
870;2073600;12000.0;1.0;1.0;12000.0;0.01;12000.01;870
866;2073600;12000.0;1.0;1.0;12000.0;0.01;12000.01;866
867;2073600;12000.0;1.0;1.0;12000.0;0.01;12000.01;867
873;2073600;12000.0;1.0;1.0;12000.0;0.01;12000.01;873
875;2073600;12000.0;1.0;1.0;12000.0;0.01;12000.01;875
2363;2073600;12000.0;1.0;1.0;12000.0;0.01;12000.01;2363
881;2073600;12000.0;1.0;1.0;12000.0;0.01;12000.01;881
882;2073600;12000.0;1.0;1.0;12000.0;0.01;12000.01;882
885;2073600;12000.0;1.0;1.0;12000.0;0.01;12000.01;885
887;2073600;12000.0;1.0;1.0;12000.0;0.01;12000.01;887
891;2073600;12000.0;1.0;1.0;12000.0;0.01;12000.01;891
890;2073600;12000.0;1.0;1.0;12000.0;0.01;12000.01;890
893;2073600;12000.0;1.0;1.0;12000.0;0.01;12000.01;893
897;2073600;12000.0;1.0;1.0;12000.0;0.01;12000.01;897
899;2073600;12000.0;1.0;1.0;12000.0;0.01;12000.01;899
900;2073600;12000.0;1.0;1.0;12000.0;0.01;12000.01;900
902;2073600;12000.0;1.0;1.0;12000.0;0.01;12000.01;902
903;2073600;12000.0;1.0;1.0;12000.0;0.01;12000.01;903
905;2073600;12000.0;1.0;1.0;12000.0;0.01;12000.01;905
906;2073600;12000.0;1.0;1.0;12000.0;0.01;12000.01;906
909;2073600;12000.0;1.0;1.0;12000.0;0.01;12000.01;909
911;2073600;12000.0;1.0;1.0;12000.0;0.01;12000.01;911
914;2073600;12000.0;1.0;1.0;12000.0;0.01;12000.01;914
915;2073600;12000.0;1.0;1.0;12000.0;0.01;12000.01;915
917;2073600;12000.0;1.0;1.0;12000.0;0.01;12000.01;917
920;2073600;12000.0;1.0;1.0;12000.0;0.01;12000.01;920
921;2073600;12000.0;1.0;1.0;12000.0;0.01;12000.01;921
923;2073600;12000.0;1.0;1.0;12000.0;0.01;12000.01;923
926;2073600;12000.0;1.0;1.0;12000.0;0.01;12000.01;926
927;2073600;12000.0;1.0;1.0;12000.0;0.01;12000.01;927
929;2073600;12000.0;1.0;1.0;12000.0;0.01;12000.01;929
930;2073600;12000.0;1.0;1.0;12000.0;0.01;12000.01;930
932;2073600;12000.0;1.0;1.0;12000.0;0.01;12000.01;932
935;2073600;12000.0;1.0;1.0;12000.0;0.01;12000.01;935
936;2073600;12000.0;1.0;1.0;12000.0;0.01;12000.01;936
939;2073600;12000.0;1.0;1.0;12000.0;0.01;12000.01;939
941;2073600;12000.0;1.0;1.0;12000.0;0.01;12000.01;941
942;2073600;12000.0;1.0;1.0;12000.0;0.01;12000.01;942
947;2073600;12000.0;1.0;1.0;12000.0;0.01;12000.01;947
2821;2073600;12000.0;1.0;1.0;12000.0;0.01;12000.01;2821
948;2073600;12000.0;1.0;1.0;12000.0;0.01;12000.01;948
951;2073600;12000.0;1.0;1.0;12000.0;0.01;12000.01;951
953;2073600;12000.0;1.0;1.0;12000.0;0.01;12000.01;953
954;2073600;12000.0;1.0;1.0;12000.0;0.01;12000.01;954
957;2073600;12000.0;1.0;1.0;12000.0;0.01;12000.01;957
959;2073600;12000.0;1.0;1.0;12000.0;0.01;12000.01;959
960;2073600;12000.0;1.0;1.0;12000.0;0.01;12000.01;960
962;2073600;12000.0;1.0;1.0;12000.0;0.01;12000.01;962
965;2073600;12000.0;1.0;1.0;12000.0;0.01;12000.01;965
966;2073600;12000.0;1.0;1.0;12000.0;0.01;12000.01;966
971;2073600;12000.0;1.0;1.0;12000.0;0.01;12000.01;971
972;2073600;12000.0;1.0;1.0;12000.0;0.01;12000.01;972
974;2073600;12000.0;1.0;1.0;12000.0;0.01;12000.01;974
975;2073600;12000.0;1.0;1.0;12000.0;0.01;12000.01;975
977;2073600;12000.0;1.0;1.0;12000.0;0.01;12000.01;977
981;2073600;12000.0;1.0;1.0;12000.0;0.01;12000.01;981
983;2073600;12000.0;1.0;1.0;12000.0;0.01;12000.01;983
984;2073600;12000.0;1.0;1.0;12000.0;0.01;12000.01;984
986;2073600;12000.0;1.0;1.0;12000.0;0.01;12000.01;986
989;2073600;12000.0;1.0;1.0;12000.0;0.01;12000.01;989
990;2073600;12000.0;1.0;1.0;12000.0;0.01;12000.01;990
995;2073600;12000.0;1.0;1.0;12000.0;0.01;12000.01;995
996;2073600;12000.0;1.0;1.0;12000.0;0.01;12000.01;996
999;2073600;12000.0;1.0;1.0;12000.0;0.01;12000.01;999
998;2073600;12000.0;1.0;1.0;12000.0;0.01;12000.01;998
1010;2073600;12000.0;1.0;1.0;12000.0;0.01;12000.01;1010
1011;2073600;12000.0;1.0;1.0;12000.0;0.01;12000.01;1011
1044;2073600;12000.0;1.0;1.0;12000.0;0.01;12000.01;1044
1013;2073600;12000.0;1.0;1.0;12000.0;0.01;12000.01;1013
1016;2073600;12000.0;1.0;1.0;12000.0;0.01;12000.01;1016
1017;2073600;12000.0;1.0;1.0;12000.0;0.01;12000.01;1017
1019;2073600;12000.0;1.0;1.0;12000.0;0.01;12000.01;1019
1020;2073600;12000.0;1.0;1.0;12000.0;0.01;12000.01;1020
1022;2073600;12000.0;1.0;1.0;12000.0;0.01;12000.01;1022
1023;2073600;12000.0;1.0;1.0;12000.0;0.01;12000.01;1023
1026;2073600;12000.0;1.0;1.0;12000.0;0.01;12000.01;1026
1029;2073600;12000.0;1.0;1.0;12000.0;0.01;12000.01;1029
1032;2073600;12000.0;1.0;1.0;12000.0;0.01;12000.01;1032
1034;2073600;12000.0;1.0;1.0;12000.0;0.01;12000.01;1034
1035;2073600;12000.0;1.0;1.0;12000.0;0.01;12000.01;1035
1041;2073600;12000.0;1.0;1.0;12000.0;0.01;12000.01;1041
1043;2073600;12000.0;1.0;1.0;12000.0;0.01;12000.01;1043
1046;2073600;12000.0;1.0;1.0;12000.0;0.01;12000.01;1046
1047;2073600;12000.0;1.0;1.0;12000.0;0.01;12000.01;1047
1049;2073600;12000.0;1.0;1.0;12000.0;0.01;12000.01;1049
1053;2073600;12000.0;1.0;1.0;12000.0;0.01;12000.01;1053
1055;2073600;12000.0;1.0;1.0;12000.0;0.01;12000.01;1055
1056;2073600;12000.0;1.0;1.0;12000.0;0.01;12000.01;1056
1058;2073600;12000.0;1.0;1.0;12000.0;0.01;12000.01;1058
1059;2073600;12000.0;1.0;1.0;12000.0;0.01;12000.01;1059
1061;2073600;12000.0;1.0;1.0;12000.0;0.01;12000.01;1061
1062;2073600;12000.0;1.0;1.0;12000.0;0.01;12000.01;1062
1065;2073600;12000.0;1.0;1.0;12000.0;0.01;12000.01;1065
1067;2073600;12000.0;1.0;1.0;12000.0;0.01;12000.01;1067
1070;2073600;12000.0;1.0;1.0;12000.0;0.01;12000.01;1070
2917;2073600;12000.0;1.0;1.0;12000.0;0.01;12000.01;2917
1071;2073600;12000.0;1.0;1.0;12000.0;0.01;12000.01;1071
1073;2073600;12000.0;1.0;1.0;12000.0;0.01;12000.01;1073
1074;2073600;12000.0;1.0;1.0;12000.0;0.01;12000.01;1074
1076;2073600;12000.0;1.0;1.0;12000.0;0.01;12000.01;1076
1077;2073600;12000.0;1.0;1.0;12000.0;0.01;12000.01;1077
1080;2073600;12000.0;1.0;1.0;12000.0;0.01;12000.01;1080
1079;2073600;12000.0;1.0;1.0;12000.0;0.01;12000.01;1079
1082;2073600;12000.0;1.0;1.0;12000.0;0.01;12000.01;1082
1083;2073600;12000.0;1.0;1.0;12000.0;0.01;12000.01;1083
1085;2073600;12000.0;1.0;1.0;12000.0;0.01;12000.01;1085
1086;2073600;12000.0;1.0;1.0;12000.0;0.01;12000.01;1086
1089;2073600;12000.0;1.0;1.0;12000.0;0.01;12000.01;1089
1091;2073600;12000.0;1.0;1.0;12000.0;0.01;12000.01;1091
1092;2073600;12000.0;1.0;1.0;12000.0;0.01;12000.01;1092
1614;2073600;12000.0;1.0;1.0;12000.0;0.01;12000.01;1614
1094;2073600;12000.0;1.0;1.0;12000.0;0.01;12000.01;1094
1097;2073600;12000.0;1.0;1.0;12000.0;0.01;12000.01;1097
1100;2073600;12000.0;1.0;1.0;12000.0;0.01;12000.01;1100
1104;2073600;12000.0;1.0;1.0;12000.0;0.01;12000.01;1104
1107;2073600;12000.0;1.0;1.0;12000.0;0.01;12000.01;1107
1110;2073600;12000.0;1.0;1.0;12000.0;0.01;12000.01;1110
1109;2073600;12000.0;1.0;1.0;12000.0;0.01;12000.01;1109
1113;2073600;12000.0;1.0;1.0;12000.0;0.01;12000.01;1113
1116;2073600;12000.0;1.0;1.0;12000.0;0.01;12000.01;1116
1119;2073600;12000.0;1.0;1.0;12000.0;0.01;12000.01;1119
1121;2073600;12000.0;1.0;1.0;12000.0;0.01;12000.01;1121
1122;2073600;12000.0;1.0;1.0;12000.0;0.01;12000.01;1122
1124;2073600;12000.0;1.0;1.0;12000.0;0.01;12000.01;1124
1125;2073600;12000.0;1.0;1.0;12000.0;0.01;12000.01;1125
1127;2073600;12000.0;1.0;1.0;12000.0;0.01;12000.01;1127
1140;2073600;12000.0;1.0;1.0;12000.0;0.01;12000.01;1140
1146;2073600;12000.0;1.0;1.0;12000.0;0.01;12000.01;1146
1157;2073600;12000.0;1.0;1.0;12000.0;0.01;12000.01;1157
1158;2073600;12000.0;1.0;1.0;12000.0;0.01;12000.01;1158
1164;2073600;12000.0;1.0;1.0;12000.0;0.01;12000.01;1164
1163;2073600;12000.0;1.0;1.0;12000.0;0.01;12000.01;1163
1166;2073600;12000.0;1.0;1.0;12000.0;0.01;12000.01;1166
1167;2073600;12000.0;1.0;1.0;12000.0;0.01;12000.01;1167
3089;2073600;12000.0;1.0;1.0;12000.0;0.01;12000.01;3089
1740;2073600;12000.0;1.0;1.0;12000.0;0.01;12000.01;1740
1743;2073600;12000.0;1.0;1.0;12000.0;0.01;12000.01;1743
1779;2073600;12000.0;1.0;1.0;12000.0;0.01;12000.01;1779
1475;2073600;12000.0;1.0;1.0;12000.0;0.01;12000.01;1475
1521;2073600;12000.0;1.0;1.0;12000.0;0.01;12000.01;1521
1502;2073600;12000.0;1.0;1.0;12000.0;0.01;12000.01;1502
1503;2073600;12000.0;1.0;1.0;12000.0;0.01;12000.01;1503
1505;2073600;12000.0;1.0;1.0;12000.0;0.01;12000.01;1505
1511;2073600;12000.0;1.0;1.0;12000.0;0.01;12000.01;1511
1905;2073600;12000.0;1.0;1.0;12000.0;0.01;12000.01;1905
1515;2073600;12000.0;1.0;1.0;12000.0;0.01;12000.01;1515
1523;2073600;12000.0;1.0;1.0;12000.0;0.01;12000.01;1523
1929;2073600;12000.0;1.0;1.0;12000.0;0.01;12000.01;1929
1535;2073600;12000.0;1.0;1.0;12000.0;0.01;12000.01;1535
1536;2073600;12000.0;1.0;1.0;12000.0;0.01;12000.01;1536
1538;2073600;12000.0;1.0;1.0;12000.0;0.01;12000.01;1538
1539;2073600;12000.0;1.0;1.0;12000.0;0.01;12000.01;1539
1566;2073600;12000.0;1.0;1.0;12000.0;0.01;12000.01;1566
1548;2073600;12000.0;1.0;1.0;12000.0;0.01;12000.01;1548
1553;2073600;12000.0;1.0;1.0;12000.0;0.01;12000.01;1553
1554;2073600;12000.0;1.0;1.0;12000.0;0.01;12000.01;1554
1559;2073600;12000.0;1.0;1.0;12000.0;0.01;12000.01;1559
1560;2073600;12000.0;1.0;1.0;12000.0;0.01;12000.01;1560
3257;2073600;12000.0;1.0;1.0;12000.0;0.01;12000.01;3257
1571;2073600;12000.0;1.0;1.0;12000.0;0.01;12000.01;1571
1572;2073600;12000.0;1.0;1.0;12000.0;0.01;12000.01;1572
1574;2073600;12000.0;1.0;1.0;12000.0;0.01;12000.01;1574
1578;2073600;12000.0;1.0;1.0;12000.0;0.01;12000.01;1578
1710;2073600;12000.0;1.0;1.0;12000.0;0.01;12000.01;1710
1586;2073600;12000.0;1.0;1.0;12000.0;0.01;12000.01;1586
1589;2073600;12000.0;1.0;1.0;12000.0;0.01;12000.01;1589
1590;2073600;12000.0;1.0;1.0;12000.0;0.01;12000.01;1590
1595;2073600;12000.0;1.0;1.0;12000.0;0.01;12000.01;1595
1596;2073600;12000.0;1.0;1.0;12000.0;0.01;12000.01;1596
1602;2073600;12000.0;1.0;1.0;12000.0;0.01;12000.01;1602
1607;2073600;12000.0;1.0;1.0;12000.0;0.01;12000.01;1607
1608;2073600;12000.0;1.0;1.0;12000.0;0.01;12000.01;1608
1610;2073600;12000.0;1.0;1.0;12000.0;0.01;12000.01;1610
1611;2073600;12000.0;1.0;1.0;12000.0;0.01;12000.01;1611
1619;2073600;12000.0;1.0;1.0;12000.0;0.01;12000.01;1619
1620;2073600;12000.0;1.0;1.0;12000.0;0.01;12000.01;1620
1763;2073600;12000.0;1.0;1.0;12000.0;0.01;12000.01;1763
1622;2073600;12000.0;1.0;1.0;12000.0;0.01;12000.01;1622
1623;2073600;12000.0;1.0;1.0;12000.0;0.01;12000.01;1623
1626;2073600;12000.0;1.0;1.0;12000.0;0.01;12000.01;1626
1629;2073600;12000.0;1.0;1.0;12000.0;0.01;12000.01;1629
1631;2073600;12000.0;1.0;1.0;12000.0;0.01;12000.01;1631
1634;2073600;12000.0;1.0;1.0;12000.0;0.01;12000.01;1634
1635;2073600;12000.0;1.0;1.0;12000.0;0.01;12000.01;1635
1638;2073600;12000.0;1.0;1.0;12000.0;0.01;12000.01;1638
1641;2073600;12000.0;1.0;1.0;12000.0;0.01;12000.01;1641
1643;2073600;12000.0;1.0;1.0;12000.0;0.01;12000.01;1643
1833;2073600;12000.0;1.0;1.0;12000.0;0.01;12000.01;1833
1646;2073600;12000.0;1.0;1.0;12000.0;0.01;12000.01;1646
1647;2073600;12000.0;1.0;1.0;12000.0;0.01;12000.01;1647
1649;2073600;12000.0;1.0;1.0;12000.0;0.01;12000.01;1649
1650;2073600;12000.0;1.0;1.0;12000.0;0.01;12000.01;1650
2154;2073600;12000.0;1.0;1.0;12000.0;0.01;12000.01;2154
1653;2073600;12000.0;1.0;1.0;12000.0;0.01;12000.01;1653
1655;2073600;12000.0;1.0;1.0;12000.0;0.01;12000.01;1655
1656;2073600;12000.0;1.0;1.0;12000.0;0.01;12000.01;1656
1658;2073600;12000.0;1.0;1.0;12000.0;0.01;12000.01;1658
1659;2073600;12000.0;1.0;1.0;12000.0;0.01;12000.01;1659
1661;2073600;12000.0;1.0;1.0;12000.0;0.01;12000.01;1661
1662;2073600;12000.0;1.0;1.0;12000.0;0.01;12000.01;1662
1665;2073600;12000.0;1.0;1.0;12000.0;0.01;12000.01;1665
1668;2073600;12000.0;1.0;1.0;12000.0;0.01;12000.01;1668
1670;2073600;12000.0;1.0;1.0;12000.0;0.01;12000.01;1670
1671;2073600;12000.0;1.0;1.0;12000.0;0.01;12000.01;1671
1673;2073600;12000.0;1.0;1.0;12000.0;0.01;12000.01;1673
1674;2073600;12000.0;1.0;1.0;12000.0;0.01;12000.01;1674
1679;2073600;12000.0;1.0;1.0;12000.0;0.01;12000.01;1679
1680;2073600;12000.0;1.0;1.0;12000.0;0.01;12000.01;1680
1683;2073600;12000.0;1.0;1.0;12000.0;0.01;12000.01;1683
1685;2073600;12000.0;1.0;1.0;12000.0;0.01;12000.01;1685
1686;2073600;12000.0;1.0;1.0;12000.0;0.01;12000.01;1686
1691;2073600;12000.0;1.0;1.0;12000.0;0.01;12000.01;1691
1689;2073600;12000.0;1.0;1.0;12000.0;0.01;12000.01;1689
1694;2073600;12000.0;1.0;1.0;12000.0;0.01;12000.01;1694
1697;2073600;12000.0;1.0;1.0;12000.0;0.01;12000.01;1697
1698;2073600;12000.0;1.0;1.0;12000.0;0.01;12000.01;1698
1701;2073600;12000.0;1.0;1.0;12000.0;0.01;12000.01;1701
1703;2073600;12000.0;1.0;1.0;12000.0;0.01;12000.01;1703
1704;2073600;12000.0;1.0;1.0;12000.0;0.01;12000.01;1704
1706;2073600;12000.0;1.0;1.0;12000.0;0.01;12000.01;1706
1715;2073600;12000.0;1.0;1.0;12000.0;0.01;12000.01;1715
1709;2073600;12000.0;1.0;1.0;12000.0;0.01;12000.01;1709
1713;2073600;12000.0;1.0;1.0;12000.0;0.01;12000.01;1713
1716;2073600;12000.0;1.0;1.0;12000.0;0.01;12000.01;1716
1718;2073600;12000.0;1.0;1.0;12000.0;0.01;12000.01;1718
1719;2073600;12000.0;1.0;1.0;12000.0;0.01;12000.01;1719
1721;2073600;12000.0;1.0;1.0;12000.0;0.01;12000.01;1721
1722;2073600;12000.0;1.0;1.0;12000.0;0.01;12000.01;1722
1725;2073600;12000.0;1.0;1.0;12000.0;0.01;12000.01;1725
1727;2073600;12000.0;1.0;1.0;12000.0;0.01;12000.01;1727
1728;2073600;12000.0;1.0;1.0;12000.0;0.01;12000.01;1728
1730;2073600;12000.0;1.0;1.0;12000.0;0.01;12000.01;1730
1731;2073600;12000.0;1.0;1.0;12000.0;0.01;12000.01;1731
1733;2073600;12000.0;1.0;1.0;12000.0;0.01;12000.01;1733
1734;2073600;12000.0;1.0;1.0;12000.0;0.01;12000.01;1734
1749;2073600;12000.0;1.0;1.0;12000.0;0.01;12000.01;1749
1739;2073600;12000.0;1.0;1.0;12000.0;0.01;12000.01;1739
1742;2073600;12000.0;1.0;1.0;12000.0;0.01;12000.01;1742
1745;2073600;12000.0;1.0;1.0;12000.0;0.01;12000.01;1745
1746;2073600;12000.0;1.0;1.0;12000.0;0.01;12000.01;1746
1751;2073600;12000.0;1.0;1.0;12000.0;0.01;12000.01;1751
1752;2073600;12000.0;1.0;1.0;12000.0;0.01;12000.01;1752
1754;2073600;12000.0;1.0;1.0;12000.0;0.01;12000.01;1754
1755;2073600;12000.0;1.0;1.0;12000.0;0.01;12000.01;1755
1953;2073600;12000.0;1.0;1.0;12000.0;0.01;12000.01;1953
1758;2073600;12000.0;1.0;1.0;12000.0;0.01;12000.01;1758
1761;2073600;12000.0;1.0;1.0;12000.0;0.01;12000.01;1761
1764;2073600;12000.0;1.0;1.0;12000.0;0.01;12000.01;1764
1766;2073600;12000.0;1.0;1.0;12000.0;0.01;12000.01;1766
1767;2073600;12000.0;1.0;1.0;12000.0;0.01;12000.01;1767
1769;2073600;12000.0;1.0;1.0;12000.0;0.01;12000.01;1769
3458;2073600;12000.0;1.0;1.0;12000.0;0.01;12000.01;3458
1773;2073600;12000.0;1.0;1.0;12000.0;0.01;12000.01;1773
1775;2073600;12000.0;1.0;1.0;12000.0;0.01;12000.01;1775
1776;2073600;12000.0;1.0;1.0;12000.0;0.01;12000.01;1776
1778;2073600;12000.0;1.0;1.0;12000.0;0.01;12000.01;1778
1785;2073600;12000.0;1.0;1.0;12000.0;0.01;12000.01;1785
1782;2073600;12000.0;1.0;1.0;12000.0;0.01;12000.01;1782
1790;2073600;12000.0;1.0;1.0;12000.0;0.01;12000.01;1790
1791;2073600;12000.0;1.0;1.0;12000.0;0.01;12000.01;1791
1793;2073600;12000.0;1.0;1.0;12000.0;0.01;12000.01;1793
1794;2073600;12000.0;1.0;1.0;12000.0;0.01;12000.01;1794
1796;2073600;12000.0;1.0;1.0;12000.0;0.01;12000.01;1796
1797;2073600;12000.0;1.0;1.0;12000.0;0.01;12000.01;1797
1799;2073600;12000.0;1.0;1.0;12000.0;0.01;12000.01;1799
1802;2073600;12000.0;1.0;1.0;12000.0;0.01;12000.01;1802
1803;2073600;12000.0;1.0;1.0;12000.0;0.01;12000.01;1803
1809;2073600;12000.0;1.0;1.0;12000.0;0.01;12000.01;1809
1811;2073600;12000.0;1.0;1.0;12000.0;0.01;12000.01;1811
1814;2073600;12000.0;1.0;1.0;12000.0;0.01;12000.01;1814
1815;2073600;12000.0;1.0;1.0;12000.0;0.01;12000.01;1815
1818;2073600;12000.0;1.0;1.0;12000.0;0.01;12000.01;1818
1821;2073600;12000.0;1.0;1.0;12000.0;0.01;12000.01;1821
1823;2073600;12000.0;1.0;1.0;12000.0;0.01;12000.01;1823
1824;2073600;12000.0;1.0;1.0;12000.0;0.01;12000.01;1824
1826;2073600;12000.0;1.0;1.0;12000.0;0.01;12000.01;1826
1829;2073600;12000.0;1.0;1.0;12000.0;0.01;12000.01;1829
1830;2073600;12000.0;1.0;1.0;12000.0;0.01;12000.01;1830
1835;2073600;12000.0;1.0;1.0;12000.0;0.01;12000.01;1835
1836;2073600;12000.0;1.0;1.0;12000.0;0.01;12000.01;1836
1839;2073600;12000.0;1.0;1.0;12000.0;0.01;12000.01;1839
1841;2073600;12000.0;1.0;1.0;12000.0;0.01;12000.01;1841
1842;2073600;12000.0;1.0;1.0;12000.0;0.01;12000.01;1842
1845;2073600;12000.0;1.0;1.0;12000.0;0.01;12000.01;1845
1847;2073600;12000.0;1.0;1.0;12000.0;0.01;12000.01;1847
1848;2073600;12000.0;1.0;1.0;12000.0;0.01;12000.01;1848
1854;2073600;12000.0;1.0;1.0;12000.0;0.01;12000.01;1854
1853;2073600;12000.0;1.0;1.0;12000.0;0.01;12000.01;1853
1857;2073600;12000.0;1.0;1.0;12000.0;0.01;12000.01;1857
1859;2073600;12000.0;1.0;1.0;12000.0;0.01;12000.01;1859
1860;2073600;12000.0;1.0;1.0;12000.0;0.01;12000.01;1860
1863;2073600;12000.0;1.0;1.0;12000.0;0.01;12000.01;1863
1862;2073600;12000.0;1.0;1.0;12000.0;0.01;12000.01;1862
1866;2073600;12000.0;1.0;1.0;12000.0;0.01;12000.01;1866
1872;2073600;12000.0;1.0;1.0;12000.0;0.01;12000.01;1872
1904;2073600;12000.0;1.0;1.0;12000.0;0.01;12000.01;1904
1875;2073600;12000.0;1.0;1.0;12000.0;0.01;12000.01;1875
1877;2073600;12000.0;1.0;1.0;12000.0;0.01;12000.01;1877
1878;2073600;12000.0;1.0;1.0;12000.0;0.01;12000.01;1878
1883;2073600;12000.0;1.0;1.0;12000.0;0.01;12000.01;1883
1884;2073600;12000.0;1.0;1.0;12000.0;0.01;12000.01;1884
1886;2073600;12000.0;1.0;1.0;12000.0;0.01;12000.01;1886
1887;2073600;12000.0;1.0;1.0;12000.0;0.01;12000.01;1887
1890;2073600;12000.0;1.0;1.0;12000.0;0.01;12000.01;1890
1889;2073600;12000.0;1.0;1.0;12000.0;0.01;12000.01;1889
1892;2073600;12000.0;1.0;1.0;12000.0;0.01;12000.01;1892
1895;2073600;12000.0;1.0;1.0;12000.0;0.01;12000.01;1895
1896;2073600;12000.0;1.0;1.0;12000.0;0.01;12000.01;1896
1898;2073600;12000.0;1.0;1.0;12000.0;0.01;12000.01;1898
1899;2073600;12000.0;1.0;1.0;12000.0;0.01;12000.01;1899
1901;2073600;12000.0;1.0;1.0;12000.0;0.01;12000.01;1901
1902;2073600;12000.0;1.0;1.0;12000.0;0.01;12000.01;1902
1908;2073600;12000.0;1.0;1.0;12000.0;0.01;12000.01;1908
1907;2073600;12000.0;1.0;1.0;12000.0;0.01;12000.01;1907
1910;2073600;12000.0;1.0;1.0;12000.0;0.01;12000.01;1910
1914;2073600;12000.0;1.0;1.0;12000.0;0.01;12000.01;1914
1916;2073600;12000.0;1.0;1.0;12000.0;0.01;12000.01;1916
1917;2073600;12000.0;1.0;1.0;12000.0;0.01;12000.01;1917
1919;2073600;12000.0;1.0;1.0;12000.0;0.01;12000.01;1919
1920;2073600;12000.0;1.0;1.0;12000.0;0.01;12000.01;1920
1922;2073600;12000.0;1.0;1.0;12000.0;0.01;12000.01;1922
1923;2073600;12000.0;1.0;1.0;12000.0;0.01;12000.01;1923
1925;2073600;12000.0;1.0;1.0;12000.0;0.01;12000.01;1925
1926;2073600;12000.0;1.0;1.0;12000.0;0.01;12000.01;1926
1934;2073600;12000.0;1.0;1.0;12000.0;0.01;12000.01;1934
1935;2073600;12000.0;1.0;1.0;12000.0;0.01;12000.01;1935
1938;2073600;12000.0;1.0;1.0;12000.0;0.01;12000.01;1938
1940;2073600;12000.0;1.0;1.0;12000.0;0.01;12000.01;1940
1941;2073600;12000.0;1.0;1.0;12000.0;0.01;12000.01;1941
1943;2073600;12000.0;1.0;1.0;12000.0;0.01;12000.01;1943
1947;2073600;12000.0;1.0;1.0;12000.0;0.01;12000.01;1947
1955;2073600;12000.0;1.0;1.0;12000.0;0.01;12000.01;1955
1958;2073600;12000.0;1.0;1.0;12000.0;0.01;12000.01;1958
1959;2073600;12000.0;1.0;1.0;12000.0;0.01;12000.01;1959
1961;2073600;12000.0;1.0;1.0;12000.0;0.01;12000.01;1961
1962;2073600;12000.0;1.0;1.0;12000.0;0.01;12000.01;1962
1965;2073600;12000.0;1.0;1.0;12000.0;0.01;12000.01;1965
1967;2073600;12000.0;1.0;1.0;12000.0;0.01;12000.01;1967
1968;2073600;12000.0;1.0;1.0;12000.0;0.01;12000.01;1968
1971;2073600;12000.0;1.0;1.0;12000.0;0.01;12000.01;1971
1973;2073600;12000.0;1.0;1.0;12000.0;0.01;12000.01;1973
1974;2073600;12000.0;1.0;1.0;12000.0;0.01;12000.01;1974
1977;2073600;12000.0;1.0;1.0;12000.0;0.01;12000.01;1977
1979;2073600;12000.0;1.0;1.0;12000.0;0.01;12000.01;1979
1982;2073600;12000.0;1.0;1.0;12000.0;0.01;12000.01;1982
1983;2073600;12000.0;1.0;1.0;12000.0;0.01;12000.01;1983
1985;2073600;12000.0;1.0;1.0;12000.0;0.01;12000.01;1985
1989;2073600;12000.0;1.0;1.0;12000.0;0.01;12000.01;1989
2007;2073600;12000.0;1.0;1.0;12000.0;0.01;12000.01;2007
1991;2073600;12000.0;1.0;1.0;12000.0;0.01;12000.01;1991
1995;2073600;12000.0;1.0;1.0;12000.0;0.01;12000.01;1995
1997;2073600;12000.0;1.0;1.0;12000.0;0.01;12000.01;1997
1998;2073600;12000.0;1.0;1.0;12000.0;0.01;12000.01;1998
2010;2073600;12000.0;1.0;1.0;12000.0;0.01;12000.01;2010
2001;2073600;12000.0;1.0;1.0;12000.0;0.01;12000.01;2001
2003;2073600;12000.0;1.0;1.0;12000.0;0.01;12000.01;2003
2004;2073600;12000.0;1.0;1.0;12000.0;0.01;12000.01;2004
2009;2073600;12000.0;1.0;1.0;12000.0;0.01;12000.01;2009
2012;2073600;12000.0;1.0;1.0;12000.0;0.01;12000.01;2012
2040;2073600;12000.0;1.0;1.0;12000.0;0.01;12000.01;2040
2015;2073600;12000.0;1.0;1.0;12000.0;0.01;12000.01;2015
2018;2073600;12000.0;1.0;1.0;12000.0;0.01;12000.01;2018
2019;2073600;12000.0;1.0;1.0;12000.0;0.01;12000.01;2019
2021;2073600;12000.0;1.0;1.0;12000.0;0.01;12000.01;2021
2022;2073600;12000.0;1.0;1.0;12000.0;0.01;12000.01;2022
2025;2073600;12000.0;1.0;1.0;12000.0;0.01;12000.01;2025
2027;2073600;12000.0;1.0;1.0;12000.0;0.01;12000.01;2027
2028;2073600;12000.0;1.0;1.0;12000.0;0.01;12000.01;2028
2030;2073600;12000.0;1.0;1.0;12000.0;0.01;12000.01;2030
2031;2073600;12000.0;1.0;1.0;12000.0;0.01;12000.01;2031
2033;2073600;12000.0;1.0;1.0;12000.0;0.01;12000.01;2033
2034;2073600;12000.0;1.0;1.0;12000.0;0.01;12000.01;2034
2039;2073600;12000.0;1.0;1.0;12000.0;0.01;12000.01;2039
2042;2073600;12000.0;1.0;1.0;12000.0;0.01;12000.01;2042
2043;2073600;12000.0;1.0;1.0;12000.0;0.01;12000.01;2043
2051;2073600;12000.0;1.0;1.0;12000.0;0.01;12000.01;2051
2052;2073600;12000.0;1.0;1.0;12000.0;0.01;12000.01;2052
2054;2073600;12000.0;1.0;1.0;12000.0;0.01;12000.01;2054
2055;2073600;12000.0;1.0;1.0;12000.0;0.01;12000.01;2055
2057;2073600;12000.0;1.0;1.0;12000.0;0.01;12000.01;2057
2058;2073600;12000.0;1.0;1.0;12000.0;0.01;12000.01;2058
2061;2073600;12000.0;1.0;1.0;12000.0;0.01;12000.01;2061
2064;2073600;12000.0;1.0;1.0;12000.0;0.01;12000.01;2064
2072;2073600;12000.0;1.0;1.0;12000.0;0.01;12000.01;2072
2067;2073600;12000.0;1.0;1.0;12000.0;0.01;12000.01;2067
2069;2073600;12000.0;1.0;1.0;12000.0;0.01;12000.01;2069
2070;2073600;12000.0;1.0;1.0;12000.0;0.01;12000.01;2070
2078;2073600;12000.0;1.0;1.0;12000.0;0.01;12000.01;2078
2081;2073600;12000.0;1.0;1.0;12000.0;0.01;12000.01;2081
2082;2073600;12000.0;1.0;1.0;12000.0;0.01;12000.01;2082
2084;2073600;12000.0;1.0;1.0;12000.0;0.01;12000.01;2084
2087;2073600;12000.0;1.0;1.0;12000.0;0.01;12000.01;2087
2088;2073600;12000.0;1.0;1.0;12000.0;0.01;12000.01;2088
2133;2073600;12000.0;1.0;1.0;12000.0;0.01;12000.01;2133
2090;2073600;12000.0;1.0;1.0;12000.0;0.01;12000.01;2090
2091;2073600;12000.0;1.0;1.0;12000.0;0.01;12000.01;2091
2093;2073600;12000.0;1.0;1.0;12000.0;0.01;12000.01;2093
2094;2073600;12000.0;1.0;1.0;12000.0;0.01;12000.01;2094
2097;2073600;12000.0;1.0;1.0;12000.0;0.01;12000.01;2097
2099;2073600;12000.0;1.0;1.0;12000.0;0.01;12000.01;2099
2100;2073600;12000.0;1.0;1.0;12000.0;0.01;12000.01;2100
2792;2073600;12000.0;1.0;1.0;12000.0;0.01;12000.01;2792
2102;2073600;12000.0;1.0;1.0;12000.0;0.01;12000.01;2102
2103;2073600;12000.0;1.0;1.0;12000.0;0.01;12000.01;2103
2105;2073600;12000.0;1.0;1.0;12000.0;0.01;12000.01;2105
2109;2073600;12000.0;1.0;1.0;12000.0;0.01;12000.01;2109
2111;2073600;12000.0;1.0;1.0;12000.0;0.01;12000.01;2111
2121;2073600;12000.0;1.0;1.0;12000.0;0.01;12000.01;2121
2117;2073600;12000.0;1.0;1.0;12000.0;0.01;12000.01;2117
2120;2073600;12000.0;1.0;1.0;12000.0;0.01;12000.01;2120
2127;2073600;12000.0;1.0;1.0;12000.0;0.01;12000.01;2127
2129;2073600;12000.0;1.0;1.0;12000.0;0.01;12000.01;2129
2130;2073600;12000.0;1.0;1.0;12000.0;0.01;12000.01;2130
2135;2073600;12000.0;1.0;1.0;12000.0;0.01;12000.01;2135
2139;2073600;12000.0;1.0;1.0;12000.0;0.01;12000.01;2139
2142;2073600;12000.0;1.0;1.0;12000.0;0.01;12000.01;2142
2141;2073600;12000.0;1.0;1.0;12000.0;0.01;12000.01;2141
2145;2073600;12000.0;1.0;1.0;12000.0;0.01;12000.01;2145
2147;2073600;12000.0;1.0;1.0;12000.0;0.01;12000.01;2147
2148;2073600;12000.0;1.0;1.0;12000.0;0.01;12000.01;2148
2153;2073600;12000.0;1.0;1.0;12000.0;0.01;12000.01;2153
2157;2073600;12000.0;1.0;1.0;12000.0;0.01;12000.01;2157
2160;2073600;12000.0;1.0;1.0;12000.0;0.01;12000.01;2160
2162;2073600;12000.0;1.0;1.0;12000.0;0.01;12000.01;2162
2163;2073600;12000.0;1.0;1.0;12000.0;0.01;12000.01;2163
2165;2073600;12000.0;1.0;1.0;12000.0;0.01;12000.01;2165
2169;2073600;12000.0;1.0;1.0;12000.0;0.01;12000.01;2169
2171;2073600;12000.0;1.0;1.0;12000.0;0.01;12000.01;2171
2172;2073600;12000.0;1.0;1.0;12000.0;0.01;12000.01;2172
2177;2073600;12000.0;1.0;1.0;12000.0;0.01;12000.01;2177
2178;2073600;12000.0;1.0;1.0;12000.0;0.01;12000.01;2178
2180;2073600;12000.0;1.0;1.0;12000.0;0.01;12000.01;2180
2183;2073600;12000.0;1.0;1.0;12000.0;0.01;12000.01;2183
2184;2073600;12000.0;1.0;1.0;12000.0;0.01;12000.01;2184
2186;2073600;12000.0;1.0;1.0;12000.0;0.01;12000.01;2186
2187;2073600;12000.0;1.0;1.0;12000.0;0.01;12000.01;2187
2190;2073600;12000.0;1.0;1.0;12000.0;0.01;12000.01;2190
2192;2073600;12000.0;1.0;1.0;12000.0;0.01;12000.01;2192
2193;2073600;12000.0;1.0;1.0;12000.0;0.01;12000.01;2193
2195;2073600;12000.0;1.0;1.0;12000.0;0.01;12000.01;2195
2196;2073600;12000.0;1.0;1.0;12000.0;0.01;12000.01;2196
2198;2073600;12000.0;1.0;1.0;12000.0;0.01;12000.01;2198
2199;2073600;12000.0;1.0;1.0;12000.0;0.01;12000.01;2199
2201;2073600;12000.0;1.0;1.0;12000.0;0.01;12000.01;2201
2202;2073600;12000.0;1.0;1.0;12000.0;0.01;12000.01;2202
2205;2073600;12000.0;1.0;1.0;12000.0;0.01;12000.01;2205
2208;2073600;12000.0;1.0;1.0;12000.0;0.01;12000.01;2208
2210;2073600;12000.0;1.0;1.0;12000.0;0.01;12000.01;2210
2211;2073600;12000.0;1.0;1.0;12000.0;0.01;12000.01;2211
2214;2073600;12000.0;1.0;1.0;12000.0;0.01;12000.01;2214
2234;2073600;12000.0;1.0;1.0;12000.0;0.01;12000.01;2234
2235;2073600;12000.0;1.0;1.0;12000.0;0.01;12000.01;2235
2241;2073600;12000.0;1.0;1.0;12000.0;0.01;12000.01;2241
2247;2073600;12000.0;1.0;1.0;12000.0;0.01;12000.01;2247
2253;2073600;12000.0;1.0;1.0;12000.0;0.01;12000.01;2253
2258;2073600;12000.0;1.0;1.0;12000.0;0.01;12000.01;2258
2259;2073600;12000.0;1.0;1.0;12000.0;0.01;12000.01;2259
2266;2073600;12000.0;1.0;1.0;12000.0;0.01;12000.01;2266
2270;2073600;12000.0;1.0;1.0;12000.0;0.01;12000.01;2270
2272;2073600;12000.0;1.0;1.0;12000.0;0.01;12000.01;2272
2276;2073600;12000.0;1.0;1.0;12000.0;0.01;12000.01;2276
2281;2073600;12000.0;1.0;1.0;12000.0;0.01;12000.01;2281
2282;2073600;12000.0;1.0;1.0;12000.0;0.01;12000.01;2282
2290;2073600;12000.0;1.0;1.0;12000.0;0.01;12000.01;2290
2302;2073600;12000.0;1.0;1.0;12000.0;0.01;12000.01;2302
2303;2073600;12000.0;1.0;1.0;12000.0;0.01;12000.01;2303
2305;2073600;12000.0;1.0;1.0;12000.0;0.01;12000.01;2305
2306;2073600;12000.0;1.0;1.0;12000.0;0.01;12000.01;2306
2308;2073600;12000.0;1.0;1.0;12000.0;0.01;12000.01;2308
2309;2073600;12000.0;1.0;1.0;12000.0;0.01;12000.01;2309
2312;2073600;12000.0;1.0;1.0;12000.0;0.01;12000.01;2312
2314;2073600;12000.0;1.0;1.0;12000.0;0.01;12000.01;2314
2315;2073600;12000.0;1.0;1.0;12000.0;0.01;12000.01;2315
2318;2073600;12000.0;1.0;1.0;12000.0;0.01;12000.01;2318
2320;2073600;12000.0;1.0;1.0;12000.0;0.01;12000.01;2320
2377;2073600;12000.0;1.0;1.0;12000.0;0.01;12000.01;2377
2321;2073600;12000.0;1.0;1.0;12000.0;0.01;12000.01;2321
2323;2073600;12000.0;1.0;1.0;12000.0;0.01;12000.01;2323
2324;2073600;12000.0;1.0;1.0;12000.0;0.01;12000.01;2324
2326;2073600;12000.0;1.0;1.0;12000.0;0.01;12000.01;2326
2327;2073600;12000.0;1.0;1.0;12000.0;0.01;12000.01;2327
2329;2073600;12000.0;1.0;1.0;12000.0;0.01;12000.01;2329
2330;2073600;12000.0;1.0;1.0;12000.0;0.01;12000.01;2330
2332;2073600;12000.0;1.0;1.0;12000.0;0.01;12000.01;2332
2333;2073600;12000.0;1.0;1.0;12000.0;0.01;12000.01;2333
2338;2073600;12000.0;1.0;1.0;12000.0;0.01;12000.01;2338
2339;2073600;12000.0;1.0;1.0;12000.0;0.01;12000.01;2339
2345;2073600;12000.0;1.0;1.0;12000.0;0.01;12000.01;2345
2347;2073600;12000.0;1.0;1.0;12000.0;0.01;12000.01;2347
2350;2073600;12000.0;1.0;1.0;12000.0;0.01;12000.01;2350
2353;2073600;12000.0;1.0;1.0;12000.0;0.01;12000.01;2353
2356;2073600;12000.0;1.0;1.0;12000.0;0.01;12000.01;2356
2357;2073600;12000.0;1.0;1.0;12000.0;0.01;12000.01;2357
3893;2073600;12000.0;1.0;1.0;12000.0;0.01;12000.01;3893
2359;2073600;12000.0;1.0;1.0;12000.0;0.01;12000.01;2359
2360;2073600;12000.0;1.0;1.0;12000.0;0.01;12000.01;2360
2365;2073600;12000.0;1.0;1.0;12000.0;0.01;12000.01;2365
2366;2073600;12000.0;1.0;1.0;12000.0;0.01;12000.01;2366
2369;2073600;12000.0;1.0;1.0;12000.0;0.01;12000.01;2369
2371;2073600;12000.0;1.0;1.0;12000.0;0.01;12000.01;2371
2372;2073600;12000.0;1.0;1.0;12000.0;0.01;12000.01;2372
2375;2073600;12000.0;1.0;1.0;12000.0;0.01;12000.01;2375
2378;2073600;12000.0;1.0;1.0;12000.0;0.01;12000.01;2378
2381;2073600;12000.0;1.0;1.0;12000.0;0.01;12000.01;2381
2386;2073600;12000.0;1.0;1.0;12000.0;0.01;12000.01;2386
2387;2073600;12000.0;1.0;1.0;12000.0;0.01;12000.01;2387
2389;2073600;12000.0;1.0;1.0;12000.0;0.01;12000.01;2389
2395;2073600;12000.0;1.0;1.0;12000.0;0.01;12000.01;2395
2396;2073600;12000.0;1.0;1.0;12000.0;0.01;12000.01;2396
2401;2073600;12000.0;1.0;1.0;12000.0;0.01;12000.01;2401
2402;2073600;12000.0;1.0;1.0;12000.0;0.01;12000.01;2402
2405;2073600;12000.0;1.0;1.0;12000.0;0.01;12000.01;2405
2407;2073600;12000.0;1.0;1.0;12000.0;0.01;12000.01;2407
2408;2073600;12000.0;1.0;1.0;12000.0;0.01;12000.01;2408
2410;2073600;12000.0;1.0;1.0;12000.0;0.01;12000.01;2410
2413;2073600;12000.0;1.0;1.0;12000.0;0.01;12000.01;2413
2414;2073600;12000.0;1.0;1.0;12000.0;0.01;12000.01;2414
2416;2073600;12000.0;1.0;1.0;12000.0;0.01;12000.01;2416
2521;2073600;12000.0;1.0;1.0;12000.0;0.01;12000.01;2521
2419;2073600;12000.0;1.0;1.0;12000.0;0.01;12000.01;2419
2420;2073600;12000.0;1.0;1.0;12000.0;0.01;12000.01;2420
2425;2073600;12000.0;1.0;1.0;12000.0;0.01;12000.01;2425
2428;2073600;12000.0;1.0;1.0;12000.0;0.01;12000.01;2428
2429;2073600;12000.0;1.0;1.0;12000.0;0.01;12000.01;2429
2432;2073600;12000.0;1.0;1.0;12000.0;0.01;12000.01;2432
2435;2073600;12000.0;1.0;1.0;12000.0;0.01;12000.01;2435
2438;2073600;12000.0;1.0;1.0;12000.0;0.01;12000.01;2438
2440;2073600;12000.0;1.0;1.0;12000.0;0.01;12000.01;2440
2441;2073600;12000.0;1.0;1.0;12000.0;0.01;12000.01;2441
2447;2073600;12000.0;1.0;1.0;12000.0;0.01;12000.01;2447
2453;2073600;12000.0;1.0;1.0;12000.0;0.01;12000.01;2453
2455;2073600;12000.0;1.0;1.0;12000.0;0.01;12000.01;2455
2456;2073600;12000.0;1.0;1.0;12000.0;0.01;12000.01;2456
2458;2073600;12000.0;1.0;1.0;12000.0;0.01;12000.01;2458
2459;2073600;12000.0;1.0;1.0;12000.0;0.01;12000.01;2459
2461;2073600;12000.0;1.0;1.0;12000.0;0.01;12000.01;2461
2477;2073600;12000.0;1.0;1.0;12000.0;0.01;12000.01;2477
2465;2073600;12000.0;1.0;1.0;12000.0;0.01;12000.01;2465
2467;2073600;12000.0;1.0;1.0;12000.0;0.01;12000.01;2467
2468;2073600;12000.0;1.0;1.0;12000.0;0.01;12000.01;2468
2470;2073600;12000.0;1.0;1.0;12000.0;0.01;12000.01;2470
2473;2073600;12000.0;1.0;1.0;12000.0;0.01;12000.01;2473
2476;2073600;12000.0;1.0;1.0;12000.0;0.01;12000.01;2476
2479;2073600;12000.0;1.0;1.0;12000.0;0.01;12000.01;2479
2480;2073600;12000.0;1.0;1.0;12000.0;0.01;12000.01;2480
2482;2073600;12000.0;1.0;1.0;12000.0;0.01;12000.01;2482
2483;2073600;12000.0;1.0;1.0;12000.0;0.01;12000.01;2483
2485;2073600;12000.0;1.0;1.0;12000.0;0.01;12000.01;2485
2486;2073600;12000.0;1.0;1.0;12000.0;0.01;12000.01;2486
2488;2073600;12000.0;1.0;1.0;12000.0;0.01;12000.01;2488
2489;2073600;12000.0;1.0;1.0;12000.0;0.01;12000.01;2489
2491;2073600;12000.0;1.0;1.0;12000.0;0.01;12000.01;2491
2494;2073600;12000.0;1.0;1.0;12000.0;0.01;12000.01;2494
2495;2073600;12000.0;1.0;1.0;12000.0;0.01;12000.01;2495
2497;2073600;12000.0;1.0;1.0;12000.0;0.01;12000.01;2497
2500;2073600;12000.0;1.0;1.0;12000.0;0.01;12000.01;2500
2503;2073600;12000.0;1.0;1.0;12000.0;0.01;12000.01;2503
2506;2073600;12000.0;1.0;1.0;12000.0;0.01;12000.01;2506
2507;2073600;12000.0;1.0;1.0;12000.0;0.01;12000.01;2507
2509;2073600;12000.0;1.0;1.0;12000.0;0.01;12000.01;2509
2510;2073600;12000.0;1.0;1.0;12000.0;0.01;12000.01;2510
2512;2073600;12000.0;1.0;1.0;12000.0;0.01;12000.01;2512
2513;2073600;12000.0;1.0;1.0;12000.0;0.01;12000.01;2513
2515;2073600;12000.0;1.0;1.0;12000.0;0.01;12000.01;2515
2516;2073600;12000.0;1.0;1.0;12000.0;0.01;12000.01;2516
2518;2073600;12000.0;1.0;1.0;12000.0;0.01;12000.01;2518
2519;2073600;12000.0;1.0;1.0;12000.0;0.01;12000.01;2519
2522;2073600;12000.0;1.0;1.0;12000.0;0.01;12000.01;2522
2527;2073600;12000.0;1.0;1.0;12000.0;0.01;12000.01;2527
2525;2073600;12000.0;1.0;1.0;12000.0;0.01;12000.01;2525
2530;2073600;12000.0;1.0;1.0;12000.0;0.01;12000.01;2530
2531;2073600;12000.0;1.0;1.0;12000.0;0.01;12000.01;2531
2537;2073600;12000.0;1.0;1.0;12000.0;0.01;12000.01;2537
2539;2073600;12000.0;1.0;1.0;12000.0;0.01;12000.01;2539
2540;2073600;12000.0;1.0;1.0;12000.0;0.01;12000.01;2540
2545;2073600;12000.0;1.0;1.0;12000.0;0.01;12000.01;2545
2549;2073600;12000.0;1.0;1.0;12000.0;0.01;12000.01;2549
2557;2073600;12000.0;1.0;1.0;12000.0;0.01;12000.01;2557
2558;2073600;12000.0;1.0;1.0;12000.0;0.01;12000.01;2558
5008;2073600;12000.0;1.0;1.0;12000.0;0.01;12000.01;5008
2563;2073600;12000.0;1.0;1.0;12000.0;0.01;12000.01;2563
2566;2073600;12000.0;1.0;1.0;12000.0;0.01;12000.01;2566
2570;2073600;12000.0;1.0;1.0;12000.0;0.01;12000.01;2570
2569;2073600;12000.0;1.0;1.0;12000.0;0.01;12000.01;2569
2576;2073600;12000.0;1.0;1.0;12000.0;0.01;12000.01;2576
2581;2073600;12000.0;1.0;1.0;12000.0;0.01;12000.01;2581
2582;2073600;12000.0;1.0;1.0;12000.0;0.01;12000.01;2582
2587;2073600;12000.0;1.0;1.0;12000.0;0.01;12000.01;2587
2588;2073600;12000.0;1.0;1.0;12000.0;0.01;12000.01;2588
2596;2073600;12000.0;1.0;1.0;12000.0;0.01;12000.01;2596
2602;2073600;12000.0;1.0;1.0;12000.0;0.01;12000.01;2602
2606;2073600;12000.0;1.0;1.0;12000.0;0.01;12000.01;2606
2612;2073600;12000.0;1.0;1.0;12000.0;0.01;12000.01;2612
2632;2073600;12000.0;1.0;1.0;12000.0;0.01;12000.01;2632
2822;2073600;12000.0;1.0;1.0;12000.0;0.01;12000.01;2822
2626;2073600;12000.0;1.0;1.0;12000.0;0.01;12000.01;2626
2627;2073600;12000.0;1.0;1.0;12000.0;0.01;12000.01;2627
2629;2073600;12000.0;1.0;1.0;12000.0;0.01;12000.01;2629
2633;2073600;12000.0;1.0;1.0;12000.0;0.01;12000.01;2633
2638;2073600;12000.0;1.0;1.0;12000.0;0.01;12000.01;2638
2639;2073600;12000.0;1.0;1.0;12000.0;0.01;12000.01;2639
2648;2073600;12000.0;1.0;1.0;12000.0;0.01;12000.01;2648
2651;2073600;12000.0;1.0;1.0;12000.0;0.01;12000.01;2651
2653;2073600;12000.0;1.0;1.0;12000.0;0.01;12000.01;2653
2662;2073600;12000.0;1.0;1.0;12000.0;0.01;12000.01;2662
2663;2073600;12000.0;1.0;1.0;12000.0;0.01;12000.01;2663
2671;2073600;12000.0;1.0;1.0;12000.0;0.01;12000.01;2671
2672;2073600;12000.0;1.0;1.0;12000.0;0.01;12000.01;2672
2678;2073600;12000.0;1.0;1.0;12000.0;0.01;12000.01;2678
2683;2073600;12000.0;1.0;1.0;12000.0;0.01;12000.01;2683
2690;2073600;12000.0;1.0;1.0;12000.0;0.01;12000.01;2690
2701;2073600;12000.0;1.0;1.0;12000.0;0.01;12000.01;2701
2705;2073600;12000.0;1.0;1.0;12000.0;0.01;12000.01;2705
2710;2073600;12000.0;1.0;1.0;12000.0;0.01;12000.01;2710
2716;2073600;12000.0;1.0;1.0;12000.0;0.01;12000.01;2716
2720;2073600;12000.0;1.0;1.0;12000.0;0.01;12000.01;2720
2725;2073600;12000.0;1.0;1.0;12000.0;0.01;12000.01;2725
2726;2073600;12000.0;1.0;1.0;12000.0;0.01;12000.01;2726
2729;2073600;12000.0;1.0;1.0;12000.0;0.01;12000.01;2729
2735;2073600;12000.0;1.0;1.0;12000.0;0.01;12000.01;2735
2737;2073600;12000.0;1.0;1.0;12000.0;0.01;12000.01;2737
2738;2073600;12000.0;1.0;1.0;12000.0;0.01;12000.01;2738
2740;2073600;12000.0;1.0;1.0;12000.0;0.01;12000.01;2740
2741;2073600;12000.0;1.0;1.0;12000.0;0.01;12000.01;2741
2744;2073600;12000.0;1.0;1.0;12000.0;0.01;12000.01;2744
2746;2073600;12000.0;1.0;1.0;12000.0;0.01;12000.01;2746
2747;2073600;12000.0;1.0;1.0;12000.0;0.01;12000.01;2747
2749;2073600;12000.0;1.0;1.0;12000.0;0.01;12000.01;2749
2750;2073600;12000.0;1.0;1.0;12000.0;0.01;12000.01;2750
2752;2073600;12000.0;1.0;1.0;12000.0;0.01;12000.01;2752
2753;2073600;12000.0;1.0;1.0;12000.0;0.01;12000.01;2753
2755;2073600;12000.0;1.0;1.0;12000.0;0.01;12000.01;2755
2756;2073600;12000.0;1.0;1.0;12000.0;0.01;12000.01;2756
2758;2073600;12000.0;1.0;1.0;12000.0;0.01;12000.01;2758
2761;2073600;12000.0;1.0;1.0;12000.0;0.01;12000.01;2761
2762;2073600;12000.0;1.0;1.0;12000.0;0.01;12000.01;2762
2765;2073600;12000.0;1.0;1.0;12000.0;0.01;12000.01;2765
2767;2073600;12000.0;1.0;1.0;12000.0;0.01;12000.01;2767
2770;2073600;12000.0;1.0;1.0;12000.0;0.01;12000.01;2770
2771;2073600;12000.0;1.0;1.0;12000.0;0.01;12000.01;2771
2776;2073600;12000.0;1.0;1.0;12000.0;0.01;12000.01;2776
2777;2073600;12000.0;1.0;1.0;12000.0;0.01;12000.01;2777
2782;2073600;12000.0;1.0;1.0;12000.0;0.01;12000.01;2782
2783;2073600;12000.0;1.0;1.0;12000.0;0.01;12000.01;2783
2785;2073600;12000.0;1.0;1.0;12000.0;0.01;12000.01;2785
2786;2073600;12000.0;1.0;1.0;12000.0;0.01;12000.01;2786
2788;2073600;12000.0;1.0;1.0;12000.0;0.01;12000.01;2788
2789;2073600;12000.0;1.0;1.0;12000.0;0.01;12000.01;2789
2791;2073600;12000.0;1.0;1.0;12000.0;0.01;12000.01;2791
2794;2073600;12000.0;1.0;1.0;12000.0;0.01;12000.01;2794
2795;2073600;12000.0;1.0;1.0;12000.0;0.01;12000.01;2795
2810;2073600;12000.0;1.0;1.0;12000.0;0.01;12000.01;2810
2797;2073600;12000.0;1.0;1.0;12000.0;0.01;12000.01;2797
2798;2073600;12000.0;1.0;1.0;12000.0;0.01;12000.01;2798
2800;2073600;12000.0;1.0;1.0;12000.0;0.01;12000.01;2800
2801;2073600;12000.0;1.0;1.0;12000.0;0.01;12000.01;2801
2816;2073600;12000.0;1.0;1.0;12000.0;0.01;12000.01;2816
2804;2073600;12000.0;1.0;1.0;12000.0;0.01;12000.01;2804
2806;2073600;12000.0;1.0;1.0;12000.0;0.01;12000.01;2806
2807;2073600;12000.0;1.0;1.0;12000.0;0.01;12000.01;2807
2809;2073600;12000.0;1.0;1.0;12000.0;0.01;12000.01;2809
2812;2073600;12000.0;1.0;1.0;12000.0;0.01;12000.01;2812
2813;2073600;12000.0;1.0;1.0;12000.0;0.01;12000.01;2813
2815;2073600;12000.0;1.0;1.0;12000.0;0.01;12000.01;2815
2818;2073600;12000.0;1.0;1.0;12000.0;0.01;12000.01;2818
2819;2073600;12000.0;1.0;1.0;12000.0;0.01;12000.01;2819
2824;2073600;12000.0;1.0;1.0;12000.0;0.01;12000.01;2824
2825;2073600;12000.0;1.0;1.0;12000.0;0.01;12000.01;2825
2827;2073600;12000.0;1.0;1.0;12000.0;0.01;12000.01;2827
2828;2073600;12000.0;1.0;1.0;12000.0;0.01;12000.01;2828
2831;2073600;12000.0;1.0;1.0;12000.0;0.01;12000.01;2831
2833;2073600;12000.0;1.0;1.0;12000.0;0.01;12000.01;2833
2834;2073600;12000.0;1.0;1.0;12000.0;0.01;12000.01;2834
2836;2073600;12000.0;1.0;1.0;12000.0;0.01;12000.01;2836
2837;2073600;12000.0;1.0;1.0;12000.0;0.01;12000.01;2837
2839;2073600;12000.0;1.0;1.0;12000.0;0.01;12000.01;2839
2840;2073600;12000.0;1.0;1.0;12000.0;0.01;12000.01;2840
2842;2073600;12000.0;1.0;1.0;12000.0;0.01;12000.01;2842
5850;2073600;12000.0;1.0;1.0;12000.0;0.01;12000.01;5850
2845;2073600;12000.0;1.0;1.0;12000.0;0.01;12000.01;2845
2846;2073600;12000.0;1.0;1.0;12000.0;0.01;12000.01;2846
2848;2073600;12000.0;1.0;1.0;12000.0;0.01;12000.01;2848
2849;2073600;12000.0;1.0;1.0;12000.0;0.01;12000.01;2849
2851;2073600;12000.0;1.0;1.0;12000.0;0.01;12000.01;2851
2852;2073600;12000.0;1.0;1.0;12000.0;0.01;12000.01;2852
2854;2073600;12000.0;1.0;1.0;12000.0;0.01;12000.01;2854
2857;2073600;12000.0;1.0;1.0;12000.0;0.01;12000.01;2857
2858;2073600;12000.0;1.0;1.0;12000.0;0.01;12000.01;2858
2864;2073600;12000.0;1.0;1.0;12000.0;0.01;12000.01;2864
2866;2073600;12000.0;1.0;1.0;12000.0;0.01;12000.01;2866
2867;2073600;12000.0;1.0;1.0;12000.0;0.01;12000.01;2867
2869;2073600;12000.0;1.0;1.0;12000.0;0.01;12000.01;2869
2870;2073600;12000.0;1.0;1.0;12000.0;0.01;12000.01;2870
2872;2073600;12000.0;1.0;1.0;12000.0;0.01;12000.01;2872
2873;2073600;12000.0;1.0;1.0;12000.0;0.01;12000.01;2873
2875;2073600;12000.0;1.0;1.0;12000.0;0.01;12000.01;2875
2876;2073600;12000.0;1.0;1.0;12000.0;0.01;12000.01;2876
2879;2073600;12000.0;1.0;1.0;12000.0;0.01;12000.01;2879
2881;2073600;12000.0;1.0;1.0;12000.0;0.01;12000.01;2881
2882;2073600;12000.0;1.0;1.0;12000.0;0.01;12000.01;2882
2884;2073600;12000.0;1.0;1.0;12000.0;0.01;12000.01;2884
2885;2073600;12000.0;1.0;1.0;12000.0;0.01;12000.01;2885
2891;2073600;12000.0;1.0;1.0;12000.0;0.01;12000.01;2891
2887;2073600;12000.0;1.0;1.0;12000.0;0.01;12000.01;2887
2888;2073600;12000.0;1.0;1.0;12000.0;0.01;12000.01;2888
2890;2073600;12000.0;1.0;1.0;12000.0;0.01;12000.01;2890
2894;2073600;12000.0;1.0;1.0;12000.0;0.01;12000.01;2894
2896;2073600;12000.0;1.0;1.0;12000.0;0.01;12000.01;2896
2899;2073600;12000.0;1.0;1.0;12000.0;0.01;12000.01;2899
2900;2073600;12000.0;1.0;1.0;12000.0;0.01;12000.01;2900
2902;2073600;12000.0;1.0;1.0;12000.0;0.01;12000.01;2902
2903;2073600;12000.0;1.0;1.0;12000.0;0.01;12000.01;2903
2905;2073600;12000.0;1.0;1.0;12000.0;0.01;12000.01;2905
2909;2073600;12000.0;1.0;1.0;12000.0;0.01;12000.01;2909
2908;2073600;12000.0;1.0;1.0;12000.0;0.01;12000.01;2908
2912;2073600;12000.0;1.0;1.0;12000.0;0.01;12000.01;2912
2914;2073600;12000.0;1.0;1.0;12000.0;0.01;12000.01;2914
2915;2073600;12000.0;1.0;1.0;12000.0;0.01;12000.01;2915
2918;2073600;12000.0;1.0;1.0;12000.0;0.01;12000.01;2918
2920;2073600;12000.0;1.0;1.0;12000.0;0.01;12000.01;2920
2921;2073600;12000.0;1.0;1.0;12000.0;0.01;12000.01;2921
2926;2073600;12000.0;1.0;1.0;12000.0;0.01;12000.01;2926
2927;2073600;12000.0;1.0;1.0;12000.0;0.01;12000.01;2927
2932;2073600;12000.0;1.0;1.0;12000.0;0.01;12000.01;2932
2933;2073600;12000.0;1.0;1.0;12000.0;0.01;12000.01;2933
2938;2073600;12000.0;1.0;1.0;12000.0;0.01;12000.01;2938
2941;2073600;12000.0;1.0;1.0;12000.0;0.01;12000.01;2941
2942;2073600;12000.0;1.0;1.0;12000.0;0.01;12000.01;2942
2945;2073600;12000.0;1.0;1.0;12000.0;0.01;12000.01;2945
2944;2073600;12000.0;1.0;1.0;12000.0;0.01;12000.01;2944
2947;2073600;12000.0;1.0;1.0;12000.0;0.01;12000.01;2947
2950;2073600;12000.0;1.0;1.0;12000.0;0.01;12000.01;2950
2951;2073600;12000.0;1.0;1.0;12000.0;0.01;12000.01;2951
2954;2073600;12000.0;1.0;1.0;12000.0;0.01;12000.01;2954
2956;2073600;12000.0;1.0;1.0;12000.0;0.01;12000.01;2956
2957;2073600;12000.0;1.0;1.0;12000.0;0.01;12000.01;2957
2959;2073600;12000.0;1.0;1.0;12000.0;0.01;12000.01;2959
2962;2073600;12000.0;1.0;1.0;12000.0;0.01;12000.01;2962
2965;2073600;12000.0;1.0;1.0;12000.0;0.01;12000.01;2965
3047;2073600;12000.0;1.0;1.0;12000.0;0.01;12000.01;3047
2966;2073600;12000.0;1.0;1.0;12000.0;0.01;12000.01;2966
2969;2073600;12000.0;1.0;1.0;12000.0;0.01;12000.01;2969
2971;2073600;12000.0;1.0;1.0;12000.0;0.01;12000.01;2971
2972;2073600;12000.0;1.0;1.0;12000.0;0.01;12000.01;2972
2975;2073600;12000.0;1.0;1.0;12000.0;0.01;12000.01;2975
2977;2073600;12000.0;1.0;1.0;12000.0;0.01;12000.01;2977
2978;2073600;12000.0;1.0;1.0;12000.0;0.01;12000.01;2978
2980;2073600;12000.0;1.0;1.0;12000.0;0.01;12000.01;2980
2984;2073600;12000.0;1.0;1.0;12000.0;0.01;12000.01;2984
2987;2073600;12000.0;1.0;1.0;12000.0;0.01;12000.01;2987
2990;2073600;12000.0;1.0;1.0;12000.0;0.01;12000.01;2990
2995;2073600;12000.0;1.0;1.0;12000.0;0.01;12000.01;2995
2996;2073600;12000.0;1.0;1.0;12000.0;0.01;12000.01;2996
3088;2073600;12000.0;1.0;1.0;12000.0;0.01;12000.01;3088
2999;2073600;12000.0;1.0;1.0;12000.0;0.01;12000.01;2999
3001;2073600;12000.0;1.0;1.0;12000.0;0.01;12000.01;3001
3002;2073600;12000.0;1.0;1.0;12000.0;0.01;12000.01;3002
3004;2073600;12000.0;1.0;1.0;12000.0;0.01;12000.01;3004
3005;2073600;12000.0;1.0;1.0;12000.0;0.01;12000.01;3005
3007;2073600;12000.0;1.0;1.0;12000.0;0.01;12000.01;3007
3010;2073600;12000.0;1.0;1.0;12000.0;0.01;12000.01;3010
3011;2073600;12000.0;1.0;1.0;12000.0;0.01;12000.01;3011
3013;2073600;12000.0;1.0;1.0;12000.0;0.01;12000.01;3013
3014;2073600;12000.0;1.0;1.0;12000.0;0.01;12000.01;3014
3016;2073600;12000.0;1.0;1.0;12000.0;0.01;12000.01;3016
3017;2073600;12000.0;1.0;1.0;12000.0;0.01;12000.01;3017
3020;2073600;12000.0;1.0;1.0;12000.0;0.01;12000.01;3020
3019;2073600;12000.0;1.0;1.0;12000.0;0.01;12000.01;3019
3025;2073600;12000.0;1.0;1.0;12000.0;0.01;12000.01;3025
3026;2073600;12000.0;1.0;1.0;12000.0;0.01;12000.01;3026
3028;2073600;12000.0;1.0;1.0;12000.0;0.01;12000.01;3028
3029;2073600;12000.0;1.0;1.0;12000.0;0.01;12000.01;3029
3040;2073600;12000.0;1.0;1.0;12000.0;0.01;12000.01;3040
3031;2073600;12000.0;1.0;1.0;12000.0;0.01;12000.01;3031
3032;2073600;12000.0;1.0;1.0;12000.0;0.01;12000.01;3032
3034;2073600;12000.0;1.0;1.0;12000.0;0.01;12000.01;3034
3035;2073600;12000.0;1.0;1.0;12000.0;0.01;12000.01;3035
3037;2073600;12000.0;1.0;1.0;12000.0;0.01;12000.01;3037
3041;2073600;12000.0;1.0;1.0;12000.0;0.01;12000.01;3041
3044;2073600;12000.0;1.0;1.0;12000.0;0.01;12000.01;3044
3046;2073600;12000.0;1.0;1.0;12000.0;0.01;12000.01;3046
3049;2073600;12000.0;1.0;1.0;12000.0;0.01;12000.01;3049
3050;2073600;12000.0;1.0;1.0;12000.0;0.01;12000.01;3050
3052;2073600;12000.0;1.0;1.0;12000.0;0.01;12000.01;3052
3053;2073600;12000.0;1.0;1.0;12000.0;0.01;12000.01;3053
3055;2073600;12000.0;1.0;1.0;12000.0;0.01;12000.01;3055
3071;2073600;12000.0;1.0;1.0;12000.0;0.01;12000.01;3071
3059;2073600;12000.0;1.0;1.0;12000.0;0.01;12000.01;3059
3061;2073600;12000.0;1.0;1.0;12000.0;0.01;12000.01;3061
3065;2073600;12000.0;1.0;1.0;12000.0;0.01;12000.01;3065
3067;2073600;12000.0;1.0;1.0;12000.0;0.01;12000.01;3067
3068;2073600;12000.0;1.0;1.0;12000.0;0.01;12000.01;3068
3070;2073600;12000.0;1.0;1.0;12000.0;0.01;12000.01;3070
3074;2073600;12000.0;1.0;1.0;12000.0;0.01;12000.01;3074
3076;2073600;12000.0;1.0;1.0;12000.0;0.01;12000.01;3076
3079;2073600;12000.0;1.0;1.0;12000.0;0.01;12000.01;3079
3080;2073600;12000.0;1.0;1.0;12000.0;0.01;12000.01;3080
3082;2073600;12000.0;1.0;1.0;12000.0;0.01;12000.01;3082
3085;2073600;12000.0;1.0;1.0;12000.0;0.01;12000.01;3085
3086;2073600;12000.0;1.0;1.0;12000.0;0.01;12000.01;3086
3097;2073600;12000.0;1.0;1.0;12000.0;0.01;12000.01;3097
3098;2073600;12000.0;1.0;1.0;12000.0;0.01;12000.01;3098
3104;2073600;12000.0;1.0;1.0;12000.0;0.01;12000.01;3104
3106;2073600;12000.0;1.0;1.0;12000.0;0.01;12000.01;3106
3107;2073600;12000.0;1.0;1.0;12000.0;0.01;12000.01;3107
3109;2073600;12000.0;1.0;1.0;12000.0;0.01;12000.01;3109
3112;2073600;12000.0;1.0;1.0;12000.0;0.01;12000.01;3112
3113;2073600;12000.0;1.0;1.0;12000.0;0.01;12000.01;3113
3115;2073600;12000.0;1.0;1.0;12000.0;0.01;12000.01;3115
3118;2073600;12000.0;1.0;1.0;12000.0;0.01;12000.01;3118
3121;2073600;12000.0;1.0;1.0;12000.0;0.01;12000.01;3121
3125;2073600;12000.0;1.0;1.0;12000.0;0.01;12000.01;3125
3127;2073600;12000.0;1.0;1.0;12000.0;0.01;12000.01;3127
3128;2073600;12000.0;1.0;1.0;12000.0;0.01;12000.01;3128
3130;2073600;12000.0;1.0;1.0;12000.0;0.01;12000.01;3130
3131;2073600;12000.0;1.0;1.0;12000.0;0.01;12000.01;3131
3133;2073600;12000.0;1.0;1.0;12000.0;0.01;12000.01;3133
3134;2073600;12000.0;1.0;1.0;12000.0;0.01;12000.01;3134
3136;2073600;12000.0;1.0;1.0;12000.0;0.01;12000.01;3136
3137;2073600;12000.0;1.0;1.0;12000.0;0.01;12000.01;3137
3145;2073600;12000.0;1.0;1.0;12000.0;0.01;12000.01;3145
3148;2073600;12000.0;1.0;1.0;12000.0;0.01;12000.01;3148
3149;2073600;12000.0;1.0;1.0;12000.0;0.01;12000.01;3149
3154;2073600;12000.0;1.0;1.0;12000.0;0.01;12000.01;3154
3157;2073600;12000.0;1.0;1.0;12000.0;0.01;12000.01;3157
3158;2073600;12000.0;1.0;1.0;12000.0;0.01;12000.01;3158
3166;2073600;12000.0;1.0;1.0;12000.0;0.01;12000.01;3166
3182;2073600;12000.0;1.0;1.0;12000.0;0.01;12000.01;3182
3196;2073600;12000.0;1.0;1.0;12000.0;0.01;12000.01;3196
3187;2073600;12000.0;1.0;1.0;12000.0;0.01;12000.01;3187
3188;2073600;12000.0;1.0;1.0;12000.0;0.01;12000.01;3188
3190;2073600;12000.0;1.0;1.0;12000.0;0.01;12000.01;3190
3202;2073600;12000.0;1.0;1.0;12000.0;0.01;12000.01;3202
3205;2073600;12000.0;1.0;1.0;12000.0;0.01;12000.01;3205
3206;2073600;12000.0;1.0;1.0;12000.0;0.01;12000.01;3206
3209;2073600;12000.0;1.0;1.0;12000.0;0.01;12000.01;3209
3214;2073600;12000.0;1.0;1.0;12000.0;0.01;12000.01;3214
3215;2073600;12000.0;1.0;1.0;12000.0;0.01;12000.01;3215
3218;2073600;12000.0;1.0;1.0;12000.0;0.01;12000.01;3218
3221;2073600;12000.0;1.0;1.0;12000.0;0.01;12000.01;3221
3478;2073600;12000.0;1.0;1.0;12000.0;0.01;12000.01;3478
3227;2073600;12000.0;1.0;1.0;12000.0;0.01;12000.01;3227
3229;2073600;12000.0;1.0;1.0;12000.0;0.01;12000.01;3229
3236;2073600;12000.0;1.0;1.0;12000.0;0.01;12000.01;3236
3238;2073600;12000.0;1.0;1.0;12000.0;0.01;12000.01;3238
3244;2073600;12000.0;1.0;1.0;12000.0;0.01;12000.01;3244
3245;2073600;12000.0;1.0;1.0;12000.0;0.01;12000.01;3245
3250;2073600;12000.0;1.0;1.0;12000.0;0.01;12000.01;3250
3251;2073600;12000.0;1.0;1.0;12000.0;0.01;12000.01;3251
3263;2073600;12000.0;1.0;1.0;12000.0;0.01;12000.01;3263
3268;2073600;12000.0;1.0;1.0;12000.0;0.01;12000.01;3268
3269;2073600;12000.0;1.0;1.0;12000.0;0.01;12000.01;3269
3275;2073600;12000.0;1.0;1.0;12000.0;0.01;12000.01;3275
3277;2073600;12000.0;1.0;1.0;12000.0;0.01;12000.01;3277
3278;2073600;12000.0;1.0;1.0;12000.0;0.01;12000.01;3278
3280;2073600;12000.0;1.0;1.0;12000.0;0.01;12000.01;3280
3281;2073600;12000.0;1.0;1.0;12000.0;0.01;12000.01;3281
3283;2073600;12000.0;1.0;1.0;12000.0;0.01;12000.01;3283
3284;2073600;12000.0;1.0;1.0;12000.0;0.01;12000.01;3284
3286;2073600;12000.0;1.0;1.0;12000.0;0.01;12000.01;3286
3287;2073600;12000.0;1.0;1.0;12000.0;0.01;12000.01;3287
3289;2073600;12000.0;1.0;1.0;12000.0;0.01;12000.01;3289
3290;2073600;12000.0;1.0;1.0;12000.0;0.01;12000.01;3290
3293;2073600;12000.0;1.0;1.0;12000.0;0.01;12000.01;3293
3295;2073600;12000.0;1.0;1.0;12000.0;0.01;12000.01;3295
3296;2073600;12000.0;1.0;1.0;12000.0;0.01;12000.01;3296
3298;2073600;12000.0;1.0;1.0;12000.0;0.01;12000.01;3298
3299;2073600;12000.0;1.0;1.0;12000.0;0.01;12000.01;3299
3301;2073600;12000.0;1.0;1.0;12000.0;0.01;12000.01;3301
3302;2073600;12000.0;1.0;1.0;12000.0;0.01;12000.01;3302
3304;2073600;12000.0;1.0;1.0;12000.0;0.01;12000.01;3304
3307;2073600;12000.0;1.0;1.0;12000.0;0.01;12000.01;3307
3308;2073600;12000.0;1.0;1.0;12000.0;0.01;12000.01;3308
3313;2073600;12000.0;1.0;1.0;12000.0;0.01;12000.01;3313
3314;2073600;12000.0;1.0;1.0;12000.0;0.01;12000.01;3314
3316;2073600;12000.0;1.0;1.0;12000.0;0.01;12000.01;3316
3341;2073600;12000.0;1.0;1.0;12000.0;0.01;12000.01;3341
3317;2073600;12000.0;1.0;1.0;12000.0;0.01;12000.01;3317
3319;2073600;12000.0;1.0;1.0;12000.0;0.01;12000.01;3319
3322;2073600;12000.0;1.0;1.0;12000.0;0.01;12000.01;3322
3323;2073600;12000.0;1.0;1.0;12000.0;0.01;12000.01;3323
3325;2073600;12000.0;1.0;1.0;12000.0;0.01;12000.01;3325
3326;2073600;12000.0;1.0;1.0;12000.0;0.01;12000.01;3326
3328;2073600;12000.0;1.0;1.0;12000.0;0.01;12000.01;3328
3331;2073600;12000.0;1.0;1.0;12000.0;0.01;12000.01;3331
3332;2073600;12000.0;1.0;1.0;12000.0;0.01;12000.01;3332
3334;2073600;12000.0;1.0;1.0;12000.0;0.01;12000.01;3334
3335;2073600;12000.0;1.0;1.0;12000.0;0.01;12000.01;3335
3338;2073600;12000.0;1.0;1.0;12000.0;0.01;12000.01;3338
3340;2073600;12000.0;1.0;1.0;12000.0;0.01;12000.01;3340
3344;2073600;12000.0;1.0;1.0;12000.0;0.01;12000.01;3344
3347;2073600;12000.0;1.0;1.0;12000.0;0.01;12000.01;3347
3346;2073600;12000.0;1.0;1.0;12000.0;0.01;12000.01;3346
3350;2073600;12000.0;1.0;1.0;12000.0;0.01;12000.01;3350
3352;2073600;12000.0;1.0;1.0;12000.0;0.01;12000.01;3352
3355;2073600;12000.0;1.0;1.0;12000.0;0.01;12000.01;3355
3356;2073600;12000.0;1.0;1.0;12000.0;0.01;12000.01;3356
3358;2073600;12000.0;1.0;1.0;12000.0;0.01;12000.01;3358
3361;2073600;12000.0;1.0;1.0;12000.0;0.01;12000.01;3361
3725;2073600;12000.0;1.0;1.0;12000.0;0.01;12000.01;3725
3362;2073600;12000.0;1.0;1.0;12000.0;0.01;12000.01;3362
3364;2073600;12000.0;1.0;1.0;12000.0;0.01;12000.01;3364
3365;2073600;12000.0;1.0;1.0;12000.0;0.01;12000.01;3365
3367;2073600;12000.0;1.0;1.0;12000.0;0.01;12000.01;3367
3368;2073600;12000.0;1.0;1.0;12000.0;0.01;12000.01;3368
3376;2073600;12000.0;1.0;1.0;12000.0;0.01;12000.01;3376
3370;2073600;12000.0;1.0;1.0;12000.0;0.01;12000.01;3370
3371;2073600;12000.0;1.0;1.0;12000.0;0.01;12000.01;3371
3373;2073600;12000.0;1.0;1.0;12000.0;0.01;12000.01;3373
3374;2073600;12000.0;1.0;1.0;12000.0;0.01;12000.01;3374
3377;2073600;12000.0;1.0;1.0;12000.0;0.01;12000.01;3377
3379;2073600;12000.0;1.0;1.0;12000.0;0.01;12000.01;3379
3380;2073600;12000.0;1.0;1.0;12000.0;0.01;12000.01;3380
3382;2073600;12000.0;1.0;1.0;12000.0;0.01;12000.01;3382
3385;2073600;12000.0;1.0;1.0;12000.0;0.01;12000.01;3385
3386;2073600;12000.0;1.0;1.0;12000.0;0.01;12000.01;3386
3388;2073600;12000.0;1.0;1.0;12000.0;0.01;12000.01;3388
3389;2073600;12000.0;1.0;1.0;12000.0;0.01;12000.01;3389
3391;2073600;12000.0;1.0;1.0;12000.0;0.01;12000.01;3391
3407;2073600;12000.0;1.0;1.0;12000.0;0.01;12000.01;3407
3392;2073600;12000.0;1.0;1.0;12000.0;0.01;12000.01;3392
3394;2073600;12000.0;1.0;1.0;12000.0;0.01;12000.01;3394
3395;2073600;12000.0;1.0;1.0;12000.0;0.01;12000.01;3395
3397;2073600;12000.0;1.0;1.0;12000.0;0.01;12000.01;3397
3398;2073600;12000.0;1.0;1.0;12000.0;0.01;12000.01;3398
3400;2073600;12000.0;1.0;1.0;12000.0;0.01;12000.01;3400
3404;2073600;12000.0;1.0;1.0;12000.0;0.01;12000.01;3404
3409;2073600;12000.0;1.0;1.0;12000.0;0.01;12000.01;3409
3410;2073600;12000.0;1.0;1.0;12000.0;0.01;12000.01;3410
3412;2073600;12000.0;1.0;1.0;12000.0;0.01;12000.01;3412
3413;2073600;12000.0;1.0;1.0;12000.0;0.01;12000.01;3413
3415;2073600;12000.0;1.0;1.0;12000.0;0.01;12000.01;3415
3419;2073600;12000.0;1.0;1.0;12000.0;0.01;12000.01;3419
3421;2073600;12000.0;1.0;1.0;12000.0;0.01;12000.01;3421
3422;2073600;12000.0;1.0;1.0;12000.0;0.01;12000.01;3422
3425;2073600;12000.0;1.0;1.0;12000.0;0.01;12000.01;3425
3427;2073600;12000.0;1.0;1.0;12000.0;0.01;12000.01;3427
3428;2073600;12000.0;1.0;1.0;12000.0;0.01;12000.01;3428
3430;2073600;12000.0;1.0;1.0;12000.0;0.01;12000.01;3430
3433;2073600;12000.0;1.0;1.0;12000.0;0.01;12000.01;3433
3434;2073600;12000.0;1.0;1.0;12000.0;0.01;12000.01;3434
3773;2073600;12000.0;1.0;1.0;12000.0;0.01;12000.01;3773
3437;2073600;12000.0;1.0;1.0;12000.0;0.01;12000.01;3437
3439;2073600;12000.0;1.0;1.0;12000.0;0.01;12000.01;3439
3443;2073600;12000.0;1.0;1.0;12000.0;0.01;12000.01;3443
3445;2073600;12000.0;1.0;1.0;12000.0;0.01;12000.01;3445
3446;2073600;12000.0;1.0;1.0;12000.0;0.01;12000.01;3446
3449;2073600;12000.0;1.0;1.0;12000.0;0.01;12000.01;3449
3451;2073600;12000.0;1.0;1.0;12000.0;0.01;12000.01;3451
3455;2073600;12000.0;1.0;1.0;12000.0;0.01;12000.01;3455
3452;2073600;12000.0;1.0;1.0;12000.0;0.01;12000.01;3452
3454;2073600;12000.0;1.0;1.0;12000.0;0.01;12000.01;3454
3457;2073600;12000.0;1.0;1.0;12000.0;0.01;12000.01;3457
3460;2073600;12000.0;1.0;1.0;12000.0;0.01;12000.01;3460
3463;2073600;12000.0;1.0;1.0;12000.0;0.01;12000.01;3463
3464;2073600;12000.0;1.0;1.0;12000.0;0.01;12000.01;3464
3466;2073600;12000.0;1.0;1.0;12000.0;0.01;12000.01;3466
3467;2073600;12000.0;1.0;1.0;12000.0;0.01;12000.01;3467
3469;2073600;12000.0;1.0;1.0;12000.0;0.01;12000.01;3469
3470;2073600;12000.0;1.0;1.0;12000.0;0.01;12000.01;3470
3472;2073600;12000.0;1.0;1.0;12000.0;0.01;12000.01;3472
3475;2073600;12000.0;1.0;1.0;12000.0;0.01;12000.01;3475
3476;2073600;12000.0;1.0;1.0;12000.0;0.01;12000.01;3476
3479;2073600;12000.0;1.0;1.0;12000.0;0.01;12000.01;3479
3481;2073600;12000.0;1.0;1.0;12000.0;0.01;12000.01;3481
3484;2073600;12000.0;1.0;1.0;12000.0;0.01;12000.01;3484
3485;2073600;12000.0;1.0;1.0;12000.0;0.01;12000.01;3485
3487;2073600;12000.0;1.0;1.0;12000.0;0.01;12000.01;3487
3488;2073600;12000.0;1.0;1.0;12000.0;0.01;12000.01;3488
3490;2073600;12000.0;1.0;1.0;12000.0;0.01;12000.01;3490
3491;2073600;12000.0;1.0;1.0;12000.0;0.01;12000.01;3491
3494;2073600;12000.0;1.0;1.0;12000.0;0.01;12000.01;3494
3497;2073600;12000.0;1.0;1.0;12000.0;0.01;12000.01;3497
3500;2073600;12000.0;1.0;1.0;12000.0;0.01;12000.01;3500
3503;2073600;12000.0;1.0;1.0;12000.0;0.01;12000.01;3503
3506;2073600;12000.0;1.0;1.0;12000.0;0.01;12000.01;3506
3508;2073600;12000.0;1.0;1.0;12000.0;0.01;12000.01;3508
3509;2073600;12000.0;1.0;1.0;12000.0;0.01;12000.01;3509
3512;2073600;12000.0;1.0;1.0;12000.0;0.01;12000.01;3512
3514;2073600;12000.0;1.0;1.0;12000.0;0.01;12000.01;3514
4297;2073600;12000.0;1.0;1.0;12000.0;0.01;12000.01;4297
3515;2073600;12000.0;1.0;1.0;12000.0;0.01;12000.01;3515
3518;2073600;12000.0;1.0;1.0;12000.0;0.01;12000.01;3518
3520;2073600;12000.0;1.0;1.0;12000.0;0.01;12000.01;3520
3521;2073600;12000.0;1.0;1.0;12000.0;0.01;12000.01;3521
3527;2073600;12000.0;1.0;1.0;12000.0;0.01;12000.01;3527
3530;2073600;12000.0;1.0;1.0;12000.0;0.01;12000.01;3530
3532;2073600;12000.0;1.0;1.0;12000.0;0.01;12000.01;3532
3533;2073600;12000.0;1.0;1.0;12000.0;0.01;12000.01;3533
3535;2073600;12000.0;1.0;1.0;12000.0;0.01;12000.01;3535
3536;2073600;12000.0;1.0;1.0;12000.0;0.01;12000.01;3536
3538;2073600;12000.0;1.0;1.0;12000.0;0.01;12000.01;3538
3539;2073600;12000.0;1.0;1.0;12000.0;0.01;12000.01;3539
3541;2073600;12000.0;1.0;1.0;12000.0;0.01;12000.01;3541
3544;2073600;12000.0;1.0;1.0;12000.0;0.01;12000.01;3544
3545;2073600;12000.0;1.0;1.0;12000.0;0.01;12000.01;3545
3547;2073600;12000.0;1.0;1.0;12000.0;0.01;12000.01;3547
3548;2073600;12000.0;1.0;1.0;12000.0;0.01;12000.01;3548
3550;2073600;12000.0;1.0;1.0;12000.0;0.01;12000.01;3550
3557;2073600;12000.0;1.0;1.0;12000.0;0.01;12000.01;3557
3559;2073600;12000.0;1.0;1.0;12000.0;0.01;12000.01;3559
3562;2073600;12000.0;1.0;1.0;12000.0;0.01;12000.01;3562
3565;2073600;12000.0;1.0;1.0;12000.0;0.01;12000.01;3565
3566;2073600;12000.0;1.0;1.0;12000.0;0.01;12000.01;3566
3569;2073600;12000.0;1.0;1.0;12000.0;0.01;12000.01;3569
3571;2073600;12000.0;1.0;1.0;12000.0;0.01;12000.01;3571
3572;2073600;12000.0;1.0;1.0;12000.0;0.01;12000.01;3572
3574;2073600;12000.0;1.0;1.0;12000.0;0.01;12000.01;3574
3575;2073600;12000.0;1.0;1.0;12000.0;0.01;12000.01;3575
3583;2073600;12000.0;1.0;1.0;12000.0;0.01;12000.01;3583
3581;2073600;12000.0;1.0;1.0;12000.0;0.01;12000.01;3581
3584;2073600;12000.0;1.0;1.0;12000.0;0.01;12000.01;3584
3586;2073600;12000.0;1.0;1.0;12000.0;0.01;12000.01;3586
3587;2073600;12000.0;1.0;1.0;12000.0;0.01;12000.01;3587
3589;2073600;12000.0;1.0;1.0;12000.0;0.01;12000.01;3589
3592;2073600;12000.0;1.0;1.0;12000.0;0.01;12000.01;3592
3593;2073600;12000.0;1.0;1.0;12000.0;0.01;12000.01;3593
3616;2073600;12000.0;1.0;1.0;12000.0;0.01;12000.01;3616
3598;2073600;12000.0;1.0;1.0;12000.0;0.01;12000.01;3598
3599;2073600;12000.0;1.0;1.0;12000.0;0.01;12000.01;3599
3617;2073600;12000.0;1.0;1.0;12000.0;0.01;12000.01;3617
3607;2073600;12000.0;1.0;1.0;12000.0;0.01;12000.01;3607
3608;2073600;12000.0;1.0;1.0;12000.0;0.01;12000.01;3608
3611;2073600;12000.0;1.0;1.0;12000.0;0.01;12000.01;3611
3613;2073600;12000.0;1.0;1.0;12000.0;0.01;12000.01;3613
3614;2073600;12000.0;1.0;1.0;12000.0;0.01;12000.01;3614
3622;2073600;12000.0;1.0;1.0;12000.0;0.01;12000.01;3622
3623;2073600;12000.0;1.0;1.0;12000.0;0.01;12000.01;3623
3625;2073600;12000.0;1.0;1.0;12000.0;0.01;12000.01;3625
3626;2073600;12000.0;1.0;1.0;12000.0;0.01;12000.01;3626
3628;2073600;12000.0;1.0;1.0;12000.0;0.01;12000.01;3628
3629;2073600;12000.0;1.0;1.0;12000.0;0.01;12000.01;3629
3631;2073600;12000.0;1.0;1.0;12000.0;0.01;12000.01;3631
3635;2073600;12000.0;1.0;1.0;12000.0;0.01;12000.01;3635
3637;2073600;12000.0;1.0;1.0;12000.0;0.01;12000.01;3637
3638;2073600;12000.0;1.0;1.0;12000.0;0.01;12000.01;3638
3640;2073600;12000.0;1.0;1.0;12000.0;0.01;12000.01;3640
3641;2073600;12000.0;1.0;1.0;12000.0;0.01;12000.01;3641
3643;2073600;12000.0;1.0;1.0;12000.0;0.01;12000.01;3643
3644;2073600;12000.0;1.0;1.0;12000.0;0.01;12000.01;3644
3646;2073600;12000.0;1.0;1.0;12000.0;0.01;12000.01;3646
3647;2073600;12000.0;1.0;1.0;12000.0;0.01;12000.01;3647
3649;2073600;12000.0;1.0;1.0;12000.0;0.01;12000.01;3649
3650;2073600;12000.0;1.0;1.0;12000.0;0.01;12000.01;3650
3652;2073600;12000.0;1.0;1.0;12000.0;0.01;12000.01;3652
3653;2073600;12000.0;1.0;1.0;12000.0;0.01;12000.01;3653
3655;2073600;12000.0;1.0;1.0;12000.0;0.01;12000.01;3655
3658;2073600;12000.0;1.0;1.0;12000.0;0.01;12000.01;3658
3659;2073600;12000.0;1.0;1.0;12000.0;0.01;12000.01;3659
3661;2073600;12000.0;1.0;1.0;12000.0;0.01;12000.01;3661
3662;2073600;12000.0;1.0;1.0;12000.0;0.01;12000.01;3662
3665;2073600;12000.0;1.0;1.0;12000.0;0.01;12000.01;3665
3667;2073600;12000.0;1.0;1.0;12000.0;0.01;12000.01;3667
3668;2073600;12000.0;1.0;1.0;12000.0;0.01;12000.01;3668
3671;2073600;12000.0;1.0;1.0;12000.0;0.01;12000.01;3671
3673;2073600;12000.0;1.0;1.0;12000.0;0.01;12000.01;3673
3677;2073600;12000.0;1.0;1.0;12000.0;0.01;12000.01;3677
3679;2073600;12000.0;1.0;1.0;12000.0;0.01;12000.01;3679
3685;2073600;12000.0;1.0;1.0;12000.0;0.01;12000.01;3685
3686;2073600;12000.0;1.0;1.0;12000.0;0.01;12000.01;3686
3689;2073600;12000.0;1.0;1.0;12000.0;0.01;12000.01;3689
3691;2073600;12000.0;1.0;1.0;12000.0;0.01;12000.01;3691
3692;2073600;12000.0;1.0;1.0;12000.0;0.01;12000.01;3692
3694;2073600;12000.0;1.0;1.0;12000.0;0.01;12000.01;3694
3697;2073600;12000.0;1.0;1.0;12000.0;0.01;12000.01;3697
3698;2073600;12000.0;1.0;1.0;12000.0;0.01;12000.01;3698
3701;2073600;12000.0;1.0;1.0;12000.0;0.01;12000.01;3701
3703;2073600;12000.0;1.0;1.0;12000.0;0.01;12000.01;3703
3704;2073600;12000.0;1.0;1.0;12000.0;0.01;12000.01;3704
3707;2073600;12000.0;1.0;1.0;12000.0;0.01;12000.01;3707
3709;2073600;12000.0;1.0;1.0;12000.0;0.01;12000.01;3709
3712;2073600;12000.0;1.0;1.0;12000.0;0.01;12000.01;3712
3722;2073600;12000.0;1.0;1.0;12000.0;0.01;12000.01;3722
3724;2073600;12000.0;1.0;1.0;12000.0;0.01;12000.01;3724
3728;2073600;12000.0;1.0;1.0;12000.0;0.01;12000.01;3728
3733;2073600;12000.0;1.0;1.0;12000.0;0.01;12000.01;3733
3734;2073600;12000.0;1.0;1.0;12000.0;0.01;12000.01;3734
3736;2073600;12000.0;1.0;1.0;12000.0;0.01;12000.01;3736
3742;2073600;12000.0;1.0;1.0;12000.0;0.01;12000.01;3742
3743;2073600;12000.0;1.0;1.0;12000.0;0.01;12000.01;3743
3748;2073600;12000.0;1.0;1.0;12000.0;0.01;12000.01;3748
3749;2073600;12000.0;1.0;1.0;12000.0;0.01;12000.01;3749
3751;2073600;12000.0;1.0;1.0;12000.0;0.01;12000.01;3751
3752;2073600;12000.0;1.0;1.0;12000.0;0.01;12000.01;3752
3779;2073600;12000.0;1.0;1.0;12000.0;0.01;12000.01;3779
3754;2073600;12000.0;1.0;1.0;12000.0;0.01;12000.01;3754
3755;2073600;12000.0;1.0;1.0;12000.0;0.01;12000.01;3755
3757;2073600;12000.0;1.0;1.0;12000.0;0.01;12000.01;3757
3758;2073600;12000.0;1.0;1.0;12000.0;0.01;12000.01;3758
3766;2073600;12000.0;1.0;1.0;12000.0;0.01;12000.01;3766
3761;2073600;12000.0;1.0;1.0;12000.0;0.01;12000.01;3761
3763;2073600;12000.0;1.0;1.0;12000.0;0.01;12000.01;3763
3785;2073600;12000.0;1.0;1.0;12000.0;0.01;12000.01;3785
3767;2073600;12000.0;1.0;1.0;12000.0;0.01;12000.01;3767
3769;2073600;12000.0;1.0;1.0;12000.0;0.01;12000.01;3769
3772;2073600;12000.0;1.0;1.0;12000.0;0.01;12000.01;3772
3776;2073600;12000.0;1.0;1.0;12000.0;0.01;12000.01;3776
3778;2073600;12000.0;1.0;1.0;12000.0;0.01;12000.01;3778
3784;2073600;12000.0;1.0;1.0;12000.0;0.01;12000.01;3784
3781;2073600;12000.0;1.0;1.0;12000.0;0.01;12000.01;3781
3787;2073600;12000.0;1.0;1.0;12000.0;0.01;12000.01;3787
3788;2073600;12000.0;1.0;1.0;12000.0;0.01;12000.01;3788
3791;2073600;12000.0;1.0;1.0;12000.0;0.01;12000.01;3791
3793;2073600;12000.0;1.0;1.0;12000.0;0.01;12000.01;3793
3796;2073600;12000.0;1.0;1.0;12000.0;0.01;12000.01;3796
3797;2073600;12000.0;1.0;1.0;12000.0;0.01;12000.01;3797
3802;2073600;12000.0;1.0;1.0;12000.0;0.01;12000.01;3802
3805;2073600;12000.0;1.0;1.0;12000.0;0.01;12000.01;3805
3808;2073600;12000.0;1.0;1.0;12000.0;0.01;12000.01;3808
3809;2073600;12000.0;1.0;1.0;12000.0;0.01;12000.01;3809
3811;2073600;12000.0;1.0;1.0;12000.0;0.01;12000.01;3811
3814;2073600;12000.0;1.0;1.0;12000.0;0.01;12000.01;3814
3815;2073600;12000.0;1.0;1.0;12000.0;0.01;12000.01;3815
3817;2073600;12000.0;1.0;1.0;12000.0;0.01;12000.01;3817
3818;2073600;12000.0;1.0;1.0;12000.0;0.01;12000.01;3818
3824;2073600;12000.0;1.0;1.0;12000.0;0.01;12000.01;3824
3821;2073600;12000.0;1.0;1.0;12000.0;0.01;12000.01;3821
3823;2073600;12000.0;1.0;1.0;12000.0;0.01;12000.01;3823
3827;2073600;12000.0;1.0;1.0;12000.0;0.01;12000.01;3827
3848;2073600;12000.0;1.0;1.0;12000.0;0.01;12000.01;3848
3829;2073600;12000.0;1.0;1.0;12000.0;0.01;12000.01;3829
3832;2073600;12000.0;1.0;1.0;12000.0;0.01;12000.01;3832
3833;2073600;12000.0;1.0;1.0;12000.0;0.01;12000.01;3833
3835;2073600;12000.0;1.0;1.0;12000.0;0.01;12000.01;3835
3856;2073600;12000.0;1.0;1.0;12000.0;0.01;12000.01;3856
3836;2073600;12000.0;1.0;1.0;12000.0;0.01;12000.01;3836
3842;2073600;12000.0;1.0;1.0;12000.0;0.01;12000.01;3842
3844;2073600;12000.0;1.0;1.0;12000.0;0.01;12000.01;3844
3850;2073600;12000.0;1.0;1.0;12000.0;0.01;12000.01;3850
3851;2073600;12000.0;1.0;1.0;12000.0;0.01;12000.01;3851
3853;2073600;12000.0;1.0;1.0;12000.0;0.01;12000.01;3853
3854;2073600;12000.0;1.0;1.0;12000.0;0.01;12000.01;3854
3859;2073600;12000.0;1.0;1.0;12000.0;0.01;12000.01;3859
3860;2073600;12000.0;1.0;1.0;12000.0;0.01;12000.01;3860
3865;2073600;12000.0;1.0;1.0;12000.0;0.01;12000.01;3865
3866;2073600;12000.0;1.0;1.0;12000.0;0.01;12000.01;3866
3868;2073600;12000.0;1.0;1.0;12000.0;0.01;12000.01;3868
3869;2073600;12000.0;1.0;1.0;12000.0;0.01;12000.01;3869
3871;2073600;12000.0;1.0;1.0;12000.0;0.01;12000.01;3871
3872;2073600;12000.0;1.0;1.0;12000.0;0.01;12000.01;3872
3874;2073600;12000.0;1.0;1.0;12000.0;0.01;12000.01;3874
3875;2073600;12000.0;1.0;1.0;12000.0;0.01;12000.01;3875
3877;2073600;12000.0;1.0;1.0;12000.0;0.01;12000.01;3877
3881;2073600;12000.0;1.0;1.0;12000.0;0.01;12000.01;3881
3883;2073600;12000.0;1.0;1.0;12000.0;0.01;12000.01;3883
3886;2073600;12000.0;1.0;1.0;12000.0;0.01;12000.01;3886
3887;2073600;12000.0;1.0;1.0;12000.0;0.01;12000.01;3887
3890;2073600;12000.0;1.0;1.0;12000.0;0.01;12000.01;3890
3892;2073600;12000.0;1.0;1.0;12000.0;0.01;12000.01;3892
3895;2073600;12000.0;1.0;1.0;12000.0;0.01;12000.01;3895
3904;2073600;12000.0;1.0;1.0;12000.0;0.01;12000.01;3904
3896;2073600;12000.0;1.0;1.0;12000.0;0.01;12000.01;3896
3898;2073600;12000.0;1.0;1.0;12000.0;0.01;12000.01;3898
3902;2073600;12000.0;1.0;1.0;12000.0;0.01;12000.01;3902
3905;2073600;12000.0;1.0;1.0;12000.0;0.01;12000.01;3905
3907;2073600;12000.0;1.0;1.0;12000.0;0.01;12000.01;3907
3908;2073600;12000.0;1.0;1.0;12000.0;0.01;12000.01;3908
3910;2073600;12000.0;1.0;1.0;12000.0;0.01;12000.01;3910
3914;2073600;12000.0;1.0;1.0;12000.0;0.01;12000.01;3914
3916;2073600;12000.0;1.0;1.0;12000.0;0.01;12000.01;3916
3919;2073600;12000.0;1.0;1.0;12000.0;0.01;12000.01;3919
3920;2073600;12000.0;1.0;1.0;12000.0;0.01;12000.01;3920
3922;2073600;12000.0;1.0;1.0;12000.0;0.01;12000.01;3922
3923;2073600;12000.0;1.0;1.0;12000.0;0.01;12000.01;3923
3925;2073600;12000.0;1.0;1.0;12000.0;0.01;12000.01;3925
3926;2073600;12000.0;1.0;1.0;12000.0;0.01;12000.01;3926
3928;2073600;12000.0;1.0;1.0;12000.0;0.01;12000.01;3928
3929;2073600;12000.0;1.0;1.0;12000.0;0.01;12000.01;3929
3931;2073600;12000.0;1.0;1.0;12000.0;0.01;12000.01;3931
3932;2073600;12000.0;1.0;1.0;12000.0;0.01;12000.01;3932
3934;2073600;12000.0;1.0;1.0;12000.0;0.01;12000.01;3934
3935;2073600;12000.0;1.0;1.0;12000.0;0.01;12000.01;3935
3937;2073600;12000.0;1.0;1.0;12000.0;0.01;12000.01;3937
3938;2073600;12000.0;1.0;1.0;12000.0;0.01;12000.01;3938
3946;2073600;12000.0;1.0;1.0;12000.0;0.01;12000.01;3946
3940;2073600;12000.0;1.0;1.0;12000.0;0.01;12000.01;3940
3941;2073600;12000.0;1.0;1.0;12000.0;0.01;12000.01;3941
3943;2073600;12000.0;1.0;1.0;12000.0;0.01;12000.01;3943
3947;2073600;12000.0;1.0;1.0;12000.0;0.01;12000.01;3947
3949;2073600;12000.0;1.0;1.0;12000.0;0.01;12000.01;3949
3952;2073600;12000.0;1.0;1.0;12000.0;0.01;12000.01;3952
3955;2073600;12000.0;1.0;1.0;12000.0;0.01;12000.01;3955
3958;2073600;12000.0;1.0;1.0;12000.0;0.01;12000.01;3958
3961;2073600;12000.0;1.0;1.0;12000.0;0.01;12000.01;3961
3967;2073600;12000.0;1.0;1.0;12000.0;0.01;12000.01;3967
3970;2073600;12000.0;1.0;1.0;12000.0;0.01;12000.01;3970
3971;2073600;12000.0;1.0;1.0;12000.0;0.01;12000.01;3971
3973;2073600;12000.0;1.0;1.0;12000.0;0.01;12000.01;3973
3974;2073600;12000.0;1.0;1.0;12000.0;0.01;12000.01;3974
3976;2073600;12000.0;1.0;1.0;12000.0;0.01;12000.01;3976
3977;2073600;12000.0;1.0;1.0;12000.0;0.01;12000.01;3977
3979;2073600;12000.0;1.0;1.0;12000.0;0.01;12000.01;3979
3980;2073600;12000.0;1.0;1.0;12000.0;0.01;12000.01;3980
3983;2073600;12000.0;1.0;1.0;12000.0;0.01;12000.01;3983
3985;2073600;12000.0;1.0;1.0;12000.0;0.01;12000.01;3985
3986;2073600;12000.0;1.0;1.0;12000.0;0.01;12000.01;3986
3988;2073600;12000.0;1.0;1.0;12000.0;0.01;12000.01;3988
3989;2073600;12000.0;1.0;1.0;12000.0;0.01;12000.01;3989
3991;2073600;12000.0;1.0;1.0;12000.0;0.01;12000.01;3991
3992;2073600;12000.0;1.0;1.0;12000.0;0.01;12000.01;3992
3995;2073600;12000.0;1.0;1.0;12000.0;0.01;12000.01;3995
3997;2073600;12000.0;1.0;1.0;12000.0;0.01;12000.01;3997
3998;2073600;12000.0;1.0;1.0;12000.0;0.01;12000.01;3998
4000;2073600;12000.0;1.0;1.0;12000.0;0.01;12000.01;4000
4003;2073600;12000.0;1.0;1.0;12000.0;0.01;12000.01;4003
4004;2073600;12000.0;1.0;1.0;12000.0;0.01;12000.01;4004
4006;2073600;12000.0;1.0;1.0;12000.0;0.01;12000.01;4006
4010;2073600;12000.0;1.0;1.0;12000.0;0.01;12000.01;4010
4012;2073600;12000.0;1.0;1.0;12000.0;0.01;12000.01;4012
4013;2073600;12000.0;1.0;1.0;12000.0;0.01;12000.01;4013
4015;2073600;12000.0;1.0;1.0;12000.0;0.01;12000.01;4015
4016;2073600;12000.0;1.0;1.0;12000.0;0.01;12000.01;4016
4018;2073600;12000.0;1.0;1.0;12000.0;0.01;12000.01;4018
4021;2073600;12000.0;1.0;1.0;12000.0;0.01;12000.01;4021
4022;2073600;12000.0;1.0;1.0;12000.0;0.01;12000.01;4022
4024;2073600;12000.0;1.0;1.0;12000.0;0.01;12000.01;4024
4025;2073600;12000.0;1.0;1.0;12000.0;0.01;12000.01;4025
4028;2073600;12000.0;1.0;1.0;12000.0;0.01;12000.01;4028
4030;2073600;12000.0;1.0;1.0;12000.0;0.01;12000.01;4030
4034;2073600;12000.0;1.0;1.0;12000.0;0.01;12000.01;4034
4036;2073600;12000.0;1.0;1.0;12000.0;0.01;12000.01;4036
4046;2073600;12000.0;1.0;1.0;12000.0;0.01;12000.01;4046
4073;2073600;12000.0;1.0;1.0;12000.0;0.01;12000.01;4073
4052;2073600;12000.0;1.0;1.0;12000.0;0.01;12000.01;4052
4060;2073600;12000.0;1.0;1.0;12000.0;0.01;12000.01;4060
4061;2073600;12000.0;1.0;1.0;12000.0;0.01;12000.01;4061
4066;2073600;12000.0;1.0;1.0;12000.0;0.01;12000.01;4066
4067;2073600;12000.0;1.0;1.0;12000.0;0.01;12000.01;4067
4084;2073600;12000.0;1.0;1.0;12000.0;0.01;12000.01;4084
4085;2073600;12000.0;1.0;1.0;12000.0;0.01;12000.01;4085
4096;2073600;12000.0;1.0;1.0;12000.0;0.01;12000.01;4096
4117;2073600;12000.0;1.0;1.0;12000.0;0.01;12000.01;4117
4118;2073600;12000.0;1.0;1.0;12000.0;0.01;12000.01;4118
4136;2073600;12000.0;1.0;1.0;12000.0;0.01;12000.01;4136
4142;2073600;12000.0;1.0;1.0;12000.0;0.01;12000.01;4142
4141;2073600;12000.0;1.0;1.0;12000.0;0.01;12000.01;4141
4145;2073600;12000.0;1.0;1.0;12000.0;0.01;12000.01;4145
4147;2073600;12000.0;1.0;1.0;12000.0;0.01;12000.01;4147
4166;2073600;12000.0;1.0;1.0;12000.0;0.01;12000.01;4166
4165;2073600;12000.0;1.0;1.0;12000.0;0.01;12000.01;4165
4177;2073600;12000.0;1.0;1.0;12000.0;0.01;12000.01;4177
4183;2073600;12000.0;1.0;1.0;12000.0;0.01;12000.01;4183
4184;2073600;12000.0;1.0;1.0;12000.0;0.01;12000.01;4184
4190;2073600;12000.0;1.0;1.0;12000.0;0.01;12000.01;4190
4192;2073600;12000.0;1.0;1.0;12000.0;0.01;12000.01;4192
4193;2073600;12000.0;1.0;1.0;12000.0;0.01;12000.01;4193
4204;2073600;12000.0;1.0;1.0;12000.0;0.01;12000.01;4204
4217;2073600;12000.0;1.0;1.0;12000.0;0.01;12000.01;4217
4210;2073600;12000.0;1.0;1.0;12000.0;0.01;12000.01;4210
6264;2073600;12000.0;1.0;1.0;12000.0;0.01;12000.01;6264
4222;2073600;12000.0;1.0;1.0;12000.0;0.01;12000.01;4222
4223;2073600;12000.0;1.0;1.0;12000.0;0.01;12000.01;4223
4229;2073600;12000.0;1.0;1.0;12000.0;0.01;12000.01;4229
4231;2073600;12000.0;1.0;1.0;12000.0;0.01;12000.01;4231
4241;2073600;12000.0;1.0;1.0;12000.0;0.01;12000.01;4241
4246;2073600;12000.0;1.0;1.0;12000.0;0.01;12000.01;4246
4247;2073600;12000.0;1.0;1.0;12000.0;0.01;12000.01;4247
4250;2073600;12000.0;1.0;1.0;12000.0;0.01;12000.01;4250
4256;2073600;12000.0;1.0;1.0;12000.0;0.01;12000.01;4256
4265;2073600;12000.0;1.0;1.0;12000.0;0.01;12000.01;4265
4259;2073600;12000.0;1.0;1.0;12000.0;0.01;12000.01;4259
4270;2073600;12000.0;1.0;1.0;12000.0;0.01;12000.01;4270
4303;2073600;12000.0;1.0;1.0;12000.0;0.01;12000.01;4303
4286;2073600;12000.0;1.0;1.0;12000.0;0.01;12000.01;4286
4291;2073600;12000.0;1.0;1.0;12000.0;0.01;12000.01;4291
4558;2073600;12000.0;1.0;1.0;12000.0;0.01;12000.01;4558
4298;2073600;12000.0;1.0;1.0;12000.0;0.01;12000.01;4298
4304;2073600;12000.0;1.0;1.0;12000.0;0.01;12000.01;4304
4412;2073600;12000.0;1.0;1.0;12000.0;0.01;12000.01;4412
4427;2073600;12000.0;1.0;1.0;12000.0;0.01;12000.01;4427
4454;2073600;12000.0;1.0;1.0;12000.0;0.01;12000.01;4454
4396;2073600;12000.0;1.0;1.0;12000.0;0.01;12000.01;4396
4399;2073600;12000.0;1.0;1.0;12000.0;0.01;12000.01;4399
4405;2073600;12000.0;1.0;1.0;12000.0;0.01;12000.01;4405
4408;2073600;12000.0;1.0;1.0;12000.0;0.01;12000.01;4408
4409;2073600;12000.0;1.0;1.0;12000.0;0.01;12000.01;4409
4414;2073600;12000.0;1.0;1.0;12000.0;0.01;12000.01;4414
4415;2073600;12000.0;1.0;1.0;12000.0;0.01;12000.01;4415
4417;2073600;12000.0;1.0;1.0;12000.0;0.01;12000.01;4417
4418;2073600;12000.0;1.0;1.0;12000.0;0.01;12000.01;4418
4421;2073600;12000.0;1.0;1.0;12000.0;0.01;12000.01;4421
4433;2073600;12000.0;1.0;1.0;12000.0;0.01;12000.01;4433
4499;2073600;12000.0;1.0;1.0;12000.0;0.01;12000.01;4499
4436;2073600;12000.0;1.0;1.0;12000.0;0.01;12000.01;4436
4441;2073600;12000.0;1.0;1.0;12000.0;0.01;12000.01;4441
4447;2073600;12000.0;1.0;1.0;12000.0;0.01;12000.01;4447
4450;2073600;12000.0;1.0;1.0;12000.0;0.01;12000.01;4450
4456;2073600;12000.0;1.0;1.0;12000.0;0.01;12000.01;4456
4459;2073600;12000.0;1.0;1.0;12000.0;0.01;12000.01;4459
4465;2073600;12000.0;1.0;1.0;12000.0;0.01;12000.01;4465
4475;2073600;12000.0;1.0;1.0;12000.0;0.01;12000.01;4475
4480;2073600;12000.0;1.0;1.0;12000.0;0.01;12000.01;4480
4483;2073600;12000.0;1.0;1.0;12000.0;0.01;12000.01;4483
4484;2073600;12000.0;1.0;1.0;12000.0;0.01;12000.01;4484
4486;2073600;12000.0;1.0;1.0;12000.0;0.01;12000.01;4486
4489;2073600;12000.0;1.0;1.0;12000.0;0.01;12000.01;4489
4490;2073600;12000.0;1.0;1.0;12000.0;0.01;12000.01;4490
4514;2073600;12000.0;1.0;1.0;12000.0;0.01;12000.01;4514
4492;2073600;12000.0;1.0;1.0;12000.0;0.01;12000.01;4492
4495;2073600;12000.0;1.0;1.0;12000.0;0.01;12000.01;4495
4496;2073600;12000.0;1.0;1.0;12000.0;0.01;12000.01;4496
4498;2073600;12000.0;1.0;1.0;12000.0;0.01;12000.01;4498
4508;2073600;12000.0;1.0;1.0;12000.0;0.01;12000.01;4508
4507;2073600;12000.0;1.0;1.0;12000.0;0.01;12000.01;4507
4516;2073600;12000.0;1.0;1.0;12000.0;0.01;12000.01;4516
4517;2073600;12000.0;1.0;1.0;12000.0;0.01;12000.01;4517
4520;2073600;12000.0;1.0;1.0;12000.0;0.01;12000.01;4520
4523;2073600;12000.0;1.0;1.0;12000.0;0.01;12000.01;4523
4522;2073600;12000.0;1.0;1.0;12000.0;0.01;12000.01;4522
4526;2073600;12000.0;1.0;1.0;12000.0;0.01;12000.01;4526
4528;2073600;12000.0;1.0;1.0;12000.0;0.01;12000.01;4528
4532;2073600;12000.0;1.0;1.0;12000.0;0.01;12000.01;4532
4534;2073600;12000.0;1.0;1.0;12000.0;0.01;12000.01;4534
4537;2073600;12000.0;1.0;1.0;12000.0;0.01;12000.01;4537
4540;2073600;12000.0;1.0;1.0;12000.0;0.01;12000.01;4540
4543;2073600;12000.0;1.0;1.0;12000.0;0.01;12000.01;4543
4546;2073600;12000.0;1.0;1.0;12000.0;0.01;12000.01;4546
4547;2073600;12000.0;1.0;1.0;12000.0;0.01;12000.01;4547
4553;2073600;12000.0;1.0;1.0;12000.0;0.01;12000.01;4553
4552;2073600;12000.0;1.0;1.0;12000.0;0.01;12000.01;4552
4555;2073600;12000.0;1.0;1.0;12000.0;0.01;12000.01;4555
4556;2073600;12000.0;1.0;1.0;12000.0;0.01;12000.01;4556
4561;2073600;12000.0;1.0;1.0;12000.0;0.01;12000.01;4561
4563;2073600;12000.0;1.0;1.0;12000.0;0.01;12000.01;4563
4564;2073600;12000.0;1.0;1.0;12000.0;0.01;12000.01;4564
4566;2073600;12000.0;1.0;1.0;12000.0;0.01;12000.01;4566
4567;2073600;12000.0;1.0;1.0;12000.0;0.01;12000.01;4567
4569;2073600;12000.0;1.0;1.0;12000.0;0.01;12000.01;4569
4570;2073600;12000.0;1.0;1.0;12000.0;0.01;12000.01;4570
4572;2073600;12000.0;1.0;1.0;12000.0;0.01;12000.01;4572
4573;2073600;12000.0;1.0;1.0;12000.0;0.01;12000.01;4573
4575;2073600;12000.0;1.0;1.0;12000.0;0.01;12000.01;4575
4576;2073600;12000.0;1.0;1.0;12000.0;0.01;12000.01;4576
4578;2073600;12000.0;1.0;1.0;12000.0;0.01;12000.01;4578
4584;2073600;12000.0;1.0;1.0;12000.0;0.01;12000.01;4584
4590;2073600;12000.0;1.0;1.0;12000.0;0.01;12000.01;4590
4591;2073600;12000.0;1.0;1.0;12000.0;0.01;12000.01;4591
4594;2073600;12000.0;1.0;1.0;12000.0;0.01;12000.01;4594
4596;2073600;12000.0;1.0;1.0;12000.0;0.01;12000.01;4596
4608;2073600;12000.0;1.0;1.0;12000.0;0.01;12000.01;4608
4602;2073600;12000.0;1.0;1.0;12000.0;0.01;12000.01;4602
4603;2073600;12000.0;1.0;1.0;12000.0;0.01;12000.01;4603
4711;2073600;12000.0;1.0;1.0;12000.0;0.01;12000.01;4711
4621;2073600;12000.0;1.0;1.0;12000.0;0.01;12000.01;4621
4623;2073600;12000.0;1.0;1.0;12000.0;0.01;12000.01;4623
4630;2073600;12000.0;1.0;1.0;12000.0;0.01;12000.01;4630
4633;2073600;12000.0;1.0;1.0;12000.0;0.01;12000.01;4633
4635;2073600;12000.0;1.0;1.0;12000.0;0.01;12000.01;4635
4641;2073600;12000.0;1.0;1.0;12000.0;0.01;12000.01;4641
4645;2073600;12000.0;1.0;1.0;12000.0;0.01;12000.01;4645
4650;2073600;12000.0;1.0;1.0;12000.0;0.01;12000.01;4650
4651;2073600;12000.0;1.0;1.0;12000.0;0.01;12000.01;4651
4653;2073600;12000.0;1.0;1.0;12000.0;0.01;12000.01;4653
4654;2073600;12000.0;1.0;1.0;12000.0;0.01;12000.01;4654
4659;2073600;12000.0;1.0;1.0;12000.0;0.01;12000.01;4659
4660;2073600;12000.0;1.0;1.0;12000.0;0.01;12000.01;4660
4663;2073600;12000.0;1.0;1.0;12000.0;0.01;12000.01;4663
4665;2073600;12000.0;1.0;1.0;12000.0;0.01;12000.01;4665
4666;2073600;12000.0;1.0;1.0;12000.0;0.01;12000.01;4666
4669;2073600;12000.0;1.0;1.0;12000.0;0.01;12000.01;4669
4675;2073600;12000.0;1.0;1.0;12000.0;0.01;12000.01;4675
4677;2073600;12000.0;1.0;1.0;12000.0;0.01;12000.01;4677
4684;2073600;12000.0;1.0;1.0;12000.0;0.01;12000.01;4684
4683;2073600;12000.0;1.0;1.0;12000.0;0.01;12000.01;4683
4687;2073600;12000.0;1.0;1.0;12000.0;0.01;12000.01;4687
4689;2073600;12000.0;1.0;1.0;12000.0;0.01;12000.01;4689
4690;2073600;12000.0;1.0;1.0;12000.0;0.01;12000.01;4690
4692;2073600;12000.0;1.0;1.0;12000.0;0.01;12000.01;4692
4698;2073600;12000.0;1.0;1.0;12000.0;0.01;12000.01;4698
4701;2073600;12000.0;1.0;1.0;12000.0;0.01;12000.01;4701
4702;2073600;12000.0;1.0;1.0;12000.0;0.01;12000.01;4702
4704;2073600;12000.0;1.0;1.0;12000.0;0.01;12000.01;4704
4714;2073600;12000.0;1.0;1.0;12000.0;0.01;12000.01;4714
4708;2073600;12000.0;1.0;1.0;12000.0;0.01;12000.01;4708
4722;2073600;12000.0;1.0;1.0;12000.0;0.01;12000.01;4722
4723;2073600;12000.0;1.0;1.0;12000.0;0.01;12000.01;4723
4726;2073600;12000.0;1.0;1.0;12000.0;0.01;12000.01;4726
4732;2073600;12000.0;1.0;1.0;12000.0;0.01;12000.01;4732
4740;2073600;12000.0;1.0;1.0;12000.0;0.01;12000.01;4740
4741;2073600;12000.0;1.0;1.0;12000.0;0.01;12000.01;4741
4744;2073600;12000.0;1.0;1.0;12000.0;0.01;12000.01;4744
4746;2073600;12000.0;1.0;1.0;12000.0;0.01;12000.01;4746
4750;2073600;12000.0;1.0;1.0;12000.0;0.01;12000.01;4750
4752;2073600;12000.0;1.0;1.0;12000.0;0.01;12000.01;4752
4753;2073600;12000.0;1.0;1.0;12000.0;0.01;12000.01;4753
4755;2073600;12000.0;1.0;1.0;12000.0;0.01;12000.01;4755
4756;2073600;12000.0;1.0;1.0;12000.0;0.01;12000.01;4756
4758;2073600;12000.0;1.0;1.0;12000.0;0.01;12000.01;4758
4759;2073600;12000.0;1.0;1.0;12000.0;0.01;12000.01;4759
4765;2073600;12000.0;1.0;1.0;12000.0;0.01;12000.01;4765
4767;2073600;12000.0;1.0;1.0;12000.0;0.01;12000.01;4767
4770;2073600;12000.0;1.0;1.0;12000.0;0.01;12000.01;4770
4773;2073600;12000.0;1.0;1.0;12000.0;0.01;12000.01;4773
4776;2073600;12000.0;1.0;1.0;12000.0;0.01;12000.01;4776
4779;2073600;12000.0;1.0;1.0;12000.0;0.01;12000.01;4779
4782;2073600;12000.0;1.0;1.0;12000.0;0.01;12000.01;4782
4783;2073600;12000.0;1.0;1.0;12000.0;0.01;12000.01;4783
4785;2073600;12000.0;1.0;1.0;12000.0;0.01;12000.01;4785
4788;2073600;12000.0;1.0;1.0;12000.0;0.01;12000.01;4788
4789;2073600;12000.0;1.0;1.0;12000.0;0.01;12000.01;4789
4791;2073600;12000.0;1.0;1.0;12000.0;0.01;12000.01;4791
4792;2073600;12000.0;1.0;1.0;12000.0;0.01;12000.01;4792
4794;2073600;12000.0;1.0;1.0;12000.0;0.01;12000.01;4794
4795;2073600;12000.0;1.0;1.0;12000.0;0.01;12000.01;4795
4797;2073600;12000.0;1.0;1.0;12000.0;0.01;12000.01;4797
4798;2073600;12000.0;1.0;1.0;12000.0;0.01;12000.01;4798
4801;2073600;12000.0;1.0;1.0;12000.0;0.01;12000.01;4801
4803;2073600;12000.0;1.0;1.0;12000.0;0.01;12000.01;4803
4807;2073600;12000.0;1.0;1.0;12000.0;0.01;12000.01;4807
4809;2073600;12000.0;1.0;1.0;12000.0;0.01;12000.01;4809
4812;2073600;12000.0;1.0;1.0;12000.0;0.01;12000.01;4812
4813;2073600;12000.0;1.0;1.0;12000.0;0.01;12000.01;4813
4815;2073600;12000.0;1.0;1.0;12000.0;0.01;12000.01;4815
4819;2073600;12000.0;1.0;1.0;12000.0;0.01;12000.01;4819
4821;2073600;12000.0;1.0;1.0;12000.0;0.01;12000.01;4821
4822;2073600;12000.0;1.0;1.0;12000.0;0.01;12000.01;4822
4825;2073600;12000.0;1.0;1.0;12000.0;0.01;12000.01;4825
4830;2073600;12000.0;1.0;1.0;12000.0;0.01;12000.01;4830
4831;2073600;12000.0;1.0;1.0;12000.0;0.01;12000.01;4831
4834;2073600;12000.0;1.0;1.0;12000.0;0.01;12000.01;4834
4836;2073600;12000.0;1.0;1.0;12000.0;0.01;12000.01;4836
4837;2073600;12000.0;1.0;1.0;12000.0;0.01;12000.01;4837
4846;2073600;12000.0;1.0;1.0;12000.0;0.01;12000.01;4846
4851;2073600;12000.0;1.0;1.0;12000.0;0.01;12000.01;4851
4852;2073600;12000.0;1.0;1.0;12000.0;0.01;12000.01;4852
4854;2073600;12000.0;1.0;1.0;12000.0;0.01;12000.01;4854
4857;2073600;12000.0;1.0;1.0;12000.0;0.01;12000.01;4857
4858;2073600;12000.0;1.0;1.0;12000.0;0.01;12000.01;4858
4860;2073600;12000.0;1.0;1.0;12000.0;0.01;12000.01;4860
4863;2073600;12000.0;1.0;1.0;12000.0;0.01;12000.01;4863
4864;2073600;12000.0;1.0;1.0;12000.0;0.01;12000.01;4864
4866;2073600;12000.0;1.0;1.0;12000.0;0.01;12000.01;4866
4869;2073600;12000.0;1.0;1.0;12000.0;0.01;12000.01;4869
4870;2073600;12000.0;1.0;1.0;12000.0;0.01;12000.01;4870
4872;2073600;12000.0;1.0;1.0;12000.0;0.01;12000.01;4872
4873;2073600;12000.0;1.0;1.0;12000.0;0.01;12000.01;4873
4875;2073600;12000.0;1.0;1.0;12000.0;0.01;12000.01;4875
4876;2073600;12000.0;1.0;1.0;12000.0;0.01;12000.01;4876
4878;2073600;12000.0;1.0;1.0;12000.0;0.01;12000.01;4878
4879;2073600;12000.0;1.0;1.0;12000.0;0.01;12000.01;4879
4884;2073600;12000.0;1.0;1.0;12000.0;0.01;12000.01;4884
4885;2073600;12000.0;1.0;1.0;12000.0;0.01;12000.01;4885
4887;2073600;12000.0;1.0;1.0;12000.0;0.01;12000.01;4887
4890;2073600;12000.0;1.0;1.0;12000.0;0.01;12000.01;4890
4891;2073600;12000.0;1.0;1.0;12000.0;0.01;12000.01;4891
4893;2073600;12000.0;1.0;1.0;12000.0;0.01;12000.01;4893
4894;2073600;12000.0;1.0;1.0;12000.0;0.01;12000.01;4894
4896;2073600;12000.0;1.0;1.0;12000.0;0.01;12000.01;4896
4897;2073600;12000.0;1.0;1.0;12000.0;0.01;12000.01;4897
4899;2073600;12000.0;1.0;1.0;12000.0;0.01;12000.01;4899
4900;2073600;12000.0;1.0;1.0;12000.0;0.01;12000.01;4900
4902;2073600;12000.0;1.0;1.0;12000.0;0.01;12000.01;4902
4903;2073600;12000.0;1.0;1.0;12000.0;0.01;12000.01;4903
4906;2073600;12000.0;1.0;1.0;12000.0;0.01;12000.01;4906
4909;2073600;12000.0;1.0;1.0;12000.0;0.01;12000.01;4909
4911;2073600;12000.0;1.0;1.0;12000.0;0.01;12000.01;4911
4912;2073600;12000.0;1.0;1.0;12000.0;0.01;12000.01;4912
4915;2073600;12000.0;1.0;1.0;12000.0;0.01;12000.01;4915
4917;2073600;12000.0;1.0;1.0;12000.0;0.01;12000.01;4917
4920;2073600;12000.0;1.0;1.0;12000.0;0.01;12000.01;4920
4941;2073600;12000.0;1.0;1.0;12000.0;0.01;12000.01;4941
4926;2073600;12000.0;1.0;1.0;12000.0;0.01;12000.01;4926
4927;2073600;12000.0;1.0;1.0;12000.0;0.01;12000.01;4927
4929;2073600;12000.0;1.0;1.0;12000.0;0.01;12000.01;4929
4930;2073600;12000.0;1.0;1.0;12000.0;0.01;12000.01;4930
4932;2073600;12000.0;1.0;1.0;12000.0;0.01;12000.01;4932
4933;2073600;12000.0;1.0;1.0;12000.0;0.01;12000.01;4933
4935;2073600;12000.0;1.0;1.0;12000.0;0.01;12000.01;4935
4960;2073600;12000.0;1.0;1.0;12000.0;0.01;12000.01;4960
4938;2073600;12000.0;1.0;1.0;12000.0;0.01;12000.01;4938
4939;2073600;12000.0;1.0;1.0;12000.0;0.01;12000.01;4939
4942;2073600;12000.0;1.0;1.0;12000.0;0.01;12000.01;4942
4944;2073600;12000.0;1.0;1.0;12000.0;0.01;12000.01;4944
4966;2073600;12000.0;1.0;1.0;12000.0;0.01;12000.01;4966
4947;2073600;12000.0;1.0;1.0;12000.0;0.01;12000.01;4947
4948;2073600;12000.0;1.0;1.0;12000.0;0.01;12000.01;4948
4950;2073600;12000.0;1.0;1.0;12000.0;0.01;12000.01;4950
4951;2073600;12000.0;1.0;1.0;12000.0;0.01;12000.01;4951
4953;2073600;12000.0;1.0;1.0;12000.0;0.01;12000.01;4953
4954;2073600;12000.0;1.0;1.0;12000.0;0.01;12000.01;4954
4957;2073600;12000.0;1.0;1.0;12000.0;0.01;12000.01;4957
4959;2073600;12000.0;1.0;1.0;12000.0;0.01;12000.01;4959
4963;2073600;12000.0;1.0;1.0;12000.0;0.01;12000.01;4963
4965;2073600;12000.0;1.0;1.0;12000.0;0.01;12000.01;4965
4972;2073600;12000.0;1.0;1.0;12000.0;0.01;12000.01;4972
4969;2073600;12000.0;1.0;1.0;12000.0;0.01;12000.01;4969
4971;2073600;12000.0;1.0;1.0;12000.0;0.01;12000.01;4971
4977;2073600;12000.0;1.0;1.0;12000.0;0.01;12000.01;4977
4975;2073600;12000.0;1.0;1.0;12000.0;0.01;12000.01;4975
4978;2073600;12000.0;1.0;1.0;12000.0;0.01;12000.01;4978
4981;2073600;12000.0;1.0;1.0;12000.0;0.01;12000.01;4981
4983;2073600;12000.0;1.0;1.0;12000.0;0.01;12000.01;4983
4986;2073600;12000.0;1.0;1.0;12000.0;0.01;12000.01;4986
4987;2073600;12000.0;1.0;1.0;12000.0;0.01;12000.01;4987
4989;2073600;12000.0;1.0;1.0;12000.0;0.01;12000.01;4989
4990;2073600;12000.0;1.0;1.0;12000.0;0.01;12000.01;4990
4992;2073600;12000.0;1.0;1.0;12000.0;0.01;12000.01;4992
4995;2073600;12000.0;1.0;1.0;12000.0;0.01;12000.01;4995
4996;2073600;12000.0;1.0;1.0;12000.0;0.01;12000.01;4996
4998;2073600;12000.0;1.0;1.0;12000.0;0.01;12000.01;4998
5001;2073600;12000.0;1.0;1.0;12000.0;0.01;12000.01;5001
5007;2073600;12000.0;1.0;1.0;12000.0;0.01;12000.01;5007
5010;2073600;12000.0;1.0;1.0;12000.0;0.01;12000.01;5010
5011;2073600;12000.0;1.0;1.0;12000.0;0.01;12000.01;5011
5013;2073600;12000.0;1.0;1.0;12000.0;0.01;12000.01;5013
5016;2073600;12000.0;1.0;1.0;12000.0;0.01;12000.01;5016
5017;2073600;12000.0;1.0;1.0;12000.0;0.01;12000.01;5017
5022;2073600;12000.0;1.0;1.0;12000.0;0.01;12000.01;5022
5026;2073600;12000.0;1.0;1.0;12000.0;0.01;12000.01;5026
5028;2073600;12000.0;1.0;1.0;12000.0;0.01;12000.01;5028
5029;2073600;12000.0;1.0;1.0;12000.0;0.01;12000.01;5029
5031;2073600;12000.0;1.0;1.0;12000.0;0.01;12000.01;5031
5037;2073600;12000.0;1.0;1.0;12000.0;0.01;12000.01;5037
5038;2073600;12000.0;1.0;1.0;12000.0;0.01;12000.01;5038
5047;2073600;12000.0;1.0;1.0;12000.0;0.01;12000.01;5047
5040;2073600;12000.0;1.0;1.0;12000.0;0.01;12000.01;5040
5041;2073600;12000.0;1.0;1.0;12000.0;0.01;12000.01;5041
5043;2073600;12000.0;1.0;1.0;12000.0;0.01;12000.01;5043
5044;2073600;12000.0;1.0;1.0;12000.0;0.01;12000.01;5044
5046;2073600;12000.0;1.0;1.0;12000.0;0.01;12000.01;5046
5049;2073600;12000.0;1.0;1.0;12000.0;0.01;12000.01;5049
5050;2073600;12000.0;1.0;1.0;12000.0;0.01;12000.01;5050
5052;2073600;12000.0;1.0;1.0;12000.0;0.01;12000.01;5052
5053;2073600;12000.0;1.0;1.0;12000.0;0.01;12000.01;5053
5055;2073600;12000.0;1.0;1.0;12000.0;0.01;12000.01;5055
5059;2073600;12000.0;1.0;1.0;12000.0;0.01;12000.01;5059
5058;2073600;12000.0;1.0;1.0;12000.0;0.01;12000.01;5058
5061;2073600;12000.0;1.0;1.0;12000.0;0.01;12000.01;5061
5062;2073600;12000.0;1.0;1.0;12000.0;0.01;12000.01;5062
5065;2073600;12000.0;1.0;1.0;12000.0;0.01;12000.01;5065
5067;2073600;12000.0;1.0;1.0;12000.0;0.01;12000.01;5067
5070;2073600;12000.0;1.0;1.0;12000.0;0.01;12000.01;5070
5071;2073600;12000.0;1.0;1.0;12000.0;0.01;12000.01;5071
5073;2073600;12000.0;1.0;1.0;12000.0;0.01;12000.01;5073
5074;2073600;12000.0;1.0;1.0;12000.0;0.01;12000.01;5074
5076;2073600;12000.0;1.0;1.0;12000.0;0.01;12000.01;5076
5077;2073600;12000.0;1.0;1.0;12000.0;0.01;12000.01;5077
5080;2073600;12000.0;1.0;1.0;12000.0;0.01;12000.01;5080
5082;2073600;12000.0;1.0;1.0;12000.0;0.01;12000.01;5082
5083;2073600;12000.0;1.0;1.0;12000.0;0.01;12000.01;5083
5085;2073600;12000.0;1.0;1.0;12000.0;0.01;12000.01;5085
5086;2073600;12000.0;1.0;1.0;12000.0;0.01;12000.01;5086
5088;2073600;12000.0;1.0;1.0;12000.0;0.01;12000.01;5088
5089;2073600;12000.0;1.0;1.0;12000.0;0.01;12000.01;5089
5092;2073600;12000.0;1.0;1.0;12000.0;0.01;12000.01;5092
5094;2073600;12000.0;1.0;1.0;12000.0;0.01;12000.01;5094
5095;2073600;12000.0;1.0;1.0;12000.0;0.01;12000.01;5095
5097;2073600;12000.0;1.0;1.0;12000.0;0.01;12000.01;5097
5100;2073600;12000.0;1.0;1.0;12000.0;0.01;12000.01;5100
5101;2073600;12000.0;1.0;1.0;12000.0;0.01;12000.01;5101
5103;2073600;12000.0;1.0;1.0;12000.0;0.01;12000.01;5103
5104;2073600;12000.0;1.0;1.0;12000.0;0.01;12000.01;5104
5106;2073600;12000.0;1.0;1.0;12000.0;0.01;12000.01;5106
5107;2073600;12000.0;1.0;1.0;12000.0;0.01;12000.01;5107
5109;2073600;12000.0;1.0;1.0;12000.0;0.01;12000.01;5109
5110;2073600;12000.0;1.0;1.0;12000.0;0.01;12000.01;5110
5113;2073600;12000.0;1.0;1.0;12000.0;0.01;12000.01;5113
6738;2073600;12000.0;1.0;1.0;12000.0;0.01;12000.01;6738
5119;2073600;12000.0;1.0;1.0;12000.0;0.01;12000.01;5119
5121;2073600;12000.0;1.0;1.0;12000.0;0.01;12000.01;5121
5122;2073600;12000.0;1.0;1.0;12000.0;0.01;12000.01;5122
5125;2073600;12000.0;1.0;1.0;12000.0;0.01;12000.01;5125
5127;2073600;12000.0;1.0;1.0;12000.0;0.01;12000.01;5127
5128;2073600;12000.0;1.0;1.0;12000.0;0.01;12000.01;5128
5130;2073600;12000.0;1.0;1.0;12000.0;0.01;12000.01;5130
5133;2073600;12000.0;1.0;1.0;12000.0;0.01;12000.01;5133
5139;2073600;12000.0;1.0;1.0;12000.0;0.01;12000.01;5139
5137;2073600;12000.0;1.0;1.0;12000.0;0.01;12000.01;5137
5140;2073600;12000.0;1.0;1.0;12000.0;0.01;12000.01;5140
5143;2073600;12000.0;1.0;1.0;12000.0;0.01;12000.01;5143
5145;2073600;12000.0;1.0;1.0;12000.0;0.01;12000.01;5145
5146;2073600;12000.0;1.0;1.0;12000.0;0.01;12000.01;5146
5148;2073600;12000.0;1.0;1.0;12000.0;0.01;12000.01;5148
5149;2073600;12000.0;1.0;1.0;12000.0;0.01;12000.01;5149
5151;2073600;12000.0;1.0;1.0;12000.0;0.01;12000.01;5151
5152;2073600;12000.0;1.0;1.0;12000.0;0.01;12000.01;5152
5154;2073600;12000.0;1.0;1.0;12000.0;0.01;12000.01;5154
5157;2073600;12000.0;1.0;1.0;12000.0;0.01;12000.01;5157
5158;2073600;12000.0;1.0;1.0;12000.0;0.01;12000.01;5158
5160;2073600;12000.0;1.0;1.0;12000.0;0.01;12000.01;5160
5163;2073600;12000.0;1.0;1.0;12000.0;0.01;12000.01;5163
5164;2073600;12000.0;1.0;1.0;12000.0;0.01;12000.01;5164
5167;2073600;12000.0;1.0;1.0;12000.0;0.01;12000.01;5167
5169;2073600;12000.0;1.0;1.0;12000.0;0.01;12000.01;5169
5170;2073600;12000.0;1.0;1.0;12000.0;0.01;12000.01;5170
5172;2073600;12000.0;1.0;1.0;12000.0;0.01;12000.01;5172
5173;2073600;12000.0;1.0;1.0;12000.0;0.01;12000.01;5173
5175;2073600;12000.0;1.0;1.0;12000.0;0.01;12000.01;5175
5176;2073600;12000.0;1.0;1.0;12000.0;0.01;12000.01;5176
5178;2073600;12000.0;1.0;1.0;12000.0;0.01;12000.01;5178
5179;2073600;12000.0;1.0;1.0;12000.0;0.01;12000.01;5179
5181;2073600;12000.0;1.0;1.0;12000.0;0.01;12000.01;5181
5182;2073600;12000.0;1.0;1.0;12000.0;0.01;12000.01;5182
5187;2073600;12000.0;1.0;1.0;12000.0;0.01;12000.01;5187
5188;2073600;12000.0;1.0;1.0;12000.0;0.01;12000.01;5188
5190;2073600;12000.0;1.0;1.0;12000.0;0.01;12000.01;5190
5191;2073600;12000.0;1.0;1.0;12000.0;0.01;12000.01;5191
5196;2073600;12000.0;1.0;1.0;12000.0;0.01;12000.01;5196
5194;2073600;12000.0;1.0;1.0;12000.0;0.01;12000.01;5194
5202;2073600;12000.0;1.0;1.0;12000.0;0.01;12000.01;5202
5203;2073600;12000.0;1.0;1.0;12000.0;0.01;12000.01;5203
5205;2073600;12000.0;1.0;1.0;12000.0;0.01;12000.01;5205
5206;2073600;12000.0;1.0;1.0;12000.0;0.01;12000.01;5206
5208;2073600;12000.0;1.0;1.0;12000.0;0.01;12000.01;5208
5209;2073600;12000.0;1.0;1.0;12000.0;0.01;12000.01;5209
5211;2073600;12000.0;1.0;1.0;12000.0;0.01;12000.01;5211
5215;2073600;12000.0;1.0;1.0;12000.0;0.01;12000.01;5215
5220;2073600;12000.0;1.0;1.0;12000.0;0.01;12000.01;5220
5221;2073600;12000.0;1.0;1.0;12000.0;0.01;12000.01;5221
5226;2073600;12000.0;1.0;1.0;12000.0;0.01;12000.01;5226
5227;2073600;12000.0;1.0;1.0;12000.0;0.01;12000.01;5227
7266;2073600;12000.0;1.0;1.0;12000.0;0.01;12000.01;7266
5769;2073600;12000.0;1.0;1.0;12000.0;0.01;12000.01;5769
5773;2073600;12000.0;1.0;1.0;12000.0;0.01;12000.01;5773
5814;2073600;12000.0;1.0;1.0;12000.0;0.01;12000.01;5814
5775;2073600;12000.0;1.0;1.0;12000.0;0.01;12000.01;5775
5778;2073600;12000.0;1.0;1.0;12000.0;0.01;12000.01;5778
5779;2073600;12000.0;1.0;1.0;12000.0;0.01;12000.01;5779
5781;2073600;12000.0;1.0;1.0;12000.0;0.01;12000.01;5781
5784;2073600;12000.0;1.0;1.0;12000.0;0.01;12000.01;5784
5785;2073600;12000.0;1.0;1.0;12000.0;0.01;12000.01;5785
5787;2073600;12000.0;1.0;1.0;12000.0;0.01;12000.01;5787
5790;2073600;12000.0;1.0;1.0;12000.0;0.01;12000.01;5790
5793;2073600;12000.0;1.0;1.0;12000.0;0.01;12000.01;5793
5796;2073600;12000.0;1.0;1.0;12000.0;0.01;12000.01;5796
5799;2073600;12000.0;1.0;1.0;12000.0;0.01;12000.01;5799
5820;2073600;12000.0;1.0;1.0;12000.0;0.01;12000.01;5820
5826;2073600;12000.0;1.0;1.0;12000.0;0.01;12000.01;5826
5829;2073600;12000.0;1.0;1.0;12000.0;0.01;12000.01;5829
5832;2073600;12000.0;1.0;1.0;12000.0;0.01;12000.01;5832
5835;2073600;12000.0;1.0;1.0;12000.0;0.01;12000.01;5835
5838;2073600;12000.0;1.0;1.0;12000.0;0.01;12000.01;5838
5853;2073600;12000.0;1.0;1.0;12000.0;0.01;12000.01;5853
5841;2073600;12000.0;1.0;1.0;12000.0;0.01;12000.01;5841
5844;2073600;12000.0;1.0;1.0;12000.0;0.01;12000.01;5844
5847;2073600;12000.0;1.0;1.0;12000.0;0.01;12000.01;5847
5856;2073600;12000.0;1.0;1.0;12000.0;0.01;12000.01;5856
5859;2073600;12000.0;1.0;1.0;12000.0;0.01;12000.01;5859
5862;2073600;12000.0;1.0;1.0;12000.0;0.01;12000.01;5862
5865;2073600;12000.0;1.0;1.0;12000.0;0.01;12000.01;5865
5866;2073600;12000.0;1.0;1.0;12000.0;0.01;12000.01;5866
5868;2073600;12000.0;1.0;1.0;12000.0;0.01;12000.01;5868
5880;2073600;12000.0;1.0;1.0;12000.0;0.01;12000.01;5880
5874;2073600;12000.0;1.0;1.0;12000.0;0.01;12000.01;5874
5877;2073600;12000.0;1.0;1.0;12000.0;0.01;12000.01;5877
5898;2073600;12000.0;1.0;1.0;12000.0;0.01;12000.01;5898
5899;2073600;12000.0;1.0;1.0;12000.0;0.01;12000.01;5899
5905;2073600;12000.0;1.0;1.0;12000.0;0.01;12000.01;5905
5904;2073600;12000.0;1.0;1.0;12000.0;0.01;12000.01;5904
5907;2073600;12000.0;1.0;1.0;12000.0;0.01;12000.01;5907
5910;2073600;12000.0;1.0;1.0;12000.0;0.01;12000.01;5910
5913;2073600;12000.0;1.0;1.0;12000.0;0.01;12000.01;5913
5916;2073600;12000.0;1.0;1.0;12000.0;0.01;12000.01;5916
5919;2073600;12000.0;1.0;1.0;12000.0;0.01;12000.01;5919
5922;2073600;12000.0;1.0;1.0;12000.0;0.01;12000.01;5922
5925;2073600;12000.0;1.0;1.0;12000.0;0.01;12000.01;5925
5928;2073600;12000.0;1.0;1.0;12000.0;0.01;12000.01;5928
5934;2073600;12000.0;1.0;1.0;12000.0;0.01;12000.01;5934
5937;2073600;12000.0;1.0;1.0;12000.0;0.01;12000.01;5937
5940;2073600;12000.0;1.0;1.0;12000.0;0.01;12000.01;5940
5943;2073600;12000.0;1.0;1.0;12000.0;0.01;12000.01;5943
5946;2073600;12000.0;1.0;1.0;12000.0;0.01;12000.01;5946
5947;2073600;12000.0;1.0;1.0;12000.0;0.01;12000.01;5947
5949;2073600;12000.0;1.0;1.0;12000.0;0.01;12000.01;5949
5952;2073600;12000.0;1.0;1.0;12000.0;0.01;12000.01;5952
5955;2073600;12000.0;1.0;1.0;12000.0;0.01;12000.01;5955
5958;2073600;12000.0;1.0;1.0;12000.0;0.01;12000.01;5958
5961;2073600;12000.0;1.0;1.0;12000.0;0.01;12000.01;5961
5964;2073600;12000.0;1.0;1.0;12000.0;0.01;12000.01;5964
5967;2073600;12000.0;1.0;1.0;12000.0;0.01;12000.01;5967
5970;2073600;12000.0;1.0;1.0;12000.0;0.01;12000.01;5970
5976;2073600;12000.0;1.0;1.0;12000.0;0.01;12000.01;5976
5982;2073600;12000.0;1.0;1.0;12000.0;0.01;12000.01;5982
5985;2073600;12000.0;1.0;1.0;12000.0;0.01;12000.01;5985
5988;2073600;12000.0;1.0;1.0;12000.0;0.01;12000.01;5988
5994;2073600;12000.0;1.0;1.0;12000.0;0.01;12000.01;5994
6003;2073600;12000.0;1.0;1.0;12000.0;0.01;12000.01;6003
6012;2073600;12000.0;1.0;1.0;12000.0;0.01;12000.01;6012
6018;2073600;12000.0;1.0;1.0;12000.0;0.01;12000.01;6018
6027;2073600;12000.0;1.0;1.0;12000.0;0.01;12000.01;6027
6039;2073600;12000.0;1.0;1.0;12000.0;0.01;12000.01;6039
6042;2073600;12000.0;1.0;1.0;12000.0;0.01;12000.01;6042
6045;2073600;12000.0;1.0;1.0;12000.0;0.01;12000.01;6045
6057;2073600;12000.0;1.0;1.0;12000.0;0.01;12000.01;6057
6066;2073600;12000.0;1.0;1.0;12000.0;0.01;12000.01;6066
6120;2073600;12000.0;1.0;1.0;12000.0;0.01;12000.01;6120
6126;2073600;12000.0;1.0;1.0;12000.0;0.01;12000.01;6126
6132;2073600;12000.0;1.0;1.0;12000.0;0.01;12000.01;6132
6135;2073600;12000.0;1.0;1.0;12000.0;0.01;12000.01;6135
6138;2073600;12000.0;1.0;1.0;12000.0;0.01;12000.01;6138
6144;2073600;12000.0;1.0;1.0;12000.0;0.01;12000.01;6144
6147;2073600;12000.0;1.0;1.0;12000.0;0.01;12000.01;6147
6150;2073600;12000.0;1.0;1.0;12000.0;0.01;12000.01;6150
6156;2073600;12000.0;1.0;1.0;12000.0;0.01;12000.01;6156
6162;2073600;12000.0;1.0;1.0;12000.0;0.01;12000.01;6162
6165;2073600;12000.0;1.0;1.0;12000.0;0.01;12000.01;6165
6168;2073600;12000.0;1.0;1.0;12000.0;0.01;12000.01;6168
6177;2073600;12000.0;1.0;1.0;12000.0;0.01;12000.01;6177
6180;2073600;12000.0;1.0;1.0;12000.0;0.01;12000.01;6180
6183;2073600;12000.0;1.0;1.0;12000.0;0.01;12000.01;6183
6186;2073600;12000.0;1.0;1.0;12000.0;0.01;12000.01;6186
6189;2073600;12000.0;1.0;1.0;12000.0;0.01;12000.01;6189
6195;2073600;12000.0;1.0;1.0;12000.0;0.01;12000.01;6195
6198;2073600;12000.0;1.0;1.0;12000.0;0.01;12000.01;6198
6204;2073600;12000.0;1.0;1.0;12000.0;0.01;12000.01;6204
6207;2073600;12000.0;1.0;1.0;12000.0;0.01;12000.01;6207
6213;2073600;12000.0;1.0;1.0;12000.0;0.01;12000.01;6213
6216;2073600;12000.0;1.0;1.0;12000.0;0.01;12000.01;6216
6234;2073600;12000.0;1.0;1.0;12000.0;0.01;12000.01;6234
6219;2073600;12000.0;1.0;1.0;12000.0;0.01;12000.01;6219
6222;2073600;12000.0;1.0;1.0;12000.0;0.01;12000.01;6222
6225;2073600;12000.0;1.0;1.0;12000.0;0.01;12000.01;6225
6237;2073600;12000.0;1.0;1.0;12000.0;0.01;12000.01;6237
6240;2073600;12000.0;1.0;1.0;12000.0;0.01;12000.01;6240
6444;2073600;12000.0;1.0;1.0;12000.0;0.01;12000.01;6444
6243;2073600;12000.0;1.0;1.0;12000.0;0.01;12000.01;6243
6246;2073600;12000.0;1.0;1.0;12000.0;0.01;12000.01;6246
6249;2073600;12000.0;1.0;1.0;12000.0;0.01;12000.01;6249
6252;2073600;12000.0;1.0;1.0;12000.0;0.01;12000.01;6252
6258;2073600;12000.0;1.0;1.0;12000.0;0.01;12000.01;6258
6261;2073600;12000.0;1.0;1.0;12000.0;0.01;12000.01;6261
6267;2073600;12000.0;1.0;1.0;12000.0;0.01;12000.01;6267
6270;2073600;12000.0;1.0;1.0;12000.0;0.01;12000.01;6270
6273;2073600;12000.0;1.0;1.0;12000.0;0.01;12000.01;6273
6276;2073600;12000.0;1.0;1.0;12000.0;0.01;12000.01;6276
6279;2073600;12000.0;1.0;1.0;12000.0;0.01;12000.01;6279
6285;2073600;12000.0;1.0;1.0;12000.0;0.01;12000.01;6285
6288;2073600;12000.0;1.0;1.0;12000.0;0.01;12000.01;6288
6291;2073600;12000.0;1.0;1.0;12000.0;0.01;12000.01;6291
6294;2073600;12000.0;1.0;1.0;12000.0;0.01;12000.01;6294
6300;2073600;12000.0;1.0;1.0;12000.0;0.01;12000.01;6300
6303;2073600;12000.0;1.0;1.0;12000.0;0.01;12000.01;6303
6306;2073600;12000.0;1.0;1.0;12000.0;0.01;12000.01;6306
6309;2073600;12000.0;1.0;1.0;12000.0;0.01;12000.01;6309
6315;2073600;12000.0;1.0;1.0;12000.0;0.01;12000.01;6315
6318;2073600;12000.0;1.0;1.0;12000.0;0.01;12000.01;6318
6321;2073600;12000.0;1.0;1.0;12000.0;0.01;12000.01;6321
6324;2073600;12000.0;1.0;1.0;12000.0;0.01;12000.01;6324
6327;2073600;12000.0;1.0;1.0;12000.0;0.01;12000.01;6327
6333;2073600;12000.0;1.0;1.0;12000.0;0.01;12000.01;6333
6336;2073600;12000.0;1.0;1.0;12000.0;0.01;12000.01;6336
6339;2073600;12000.0;1.0;1.0;12000.0;0.01;12000.01;6339
6342;2073600;12000.0;1.0;1.0;12000.0;0.01;12000.01;6342
6345;2073600;12000.0;1.0;1.0;12000.0;0.01;12000.01;6345
6351;2073600;12000.0;1.0;1.0;12000.0;0.01;12000.01;6351
7737;2073600;12000.0;1.0;1.0;12000.0;0.01;12000.01;7737
6357;2073600;12000.0;1.0;1.0;12000.0;0.01;12000.01;6357
6360;2073600;12000.0;1.0;1.0;12000.0;0.01;12000.01;6360
6363;2073600;12000.0;1.0;1.0;12000.0;0.01;12000.01;6363
6366;2073600;12000.0;1.0;1.0;12000.0;0.01;12000.01;6366
6375;2073600;12000.0;1.0;1.0;12000.0;0.01;12000.01;6375
6369;2073600;12000.0;1.0;1.0;12000.0;0.01;12000.01;6369
6372;2073600;12000.0;1.0;1.0;12000.0;0.01;12000.01;6372
6378;2073600;12000.0;1.0;1.0;12000.0;0.01;12000.01;6378
6381;2073600;12000.0;1.0;1.0;12000.0;0.01;12000.01;6381
6384;2073600;12000.0;1.0;1.0;12000.0;0.01;12000.01;6384
6387;2073600;12000.0;1.0;1.0;12000.0;0.01;12000.01;6387
6390;2073600;12000.0;1.0;1.0;12000.0;0.01;12000.01;6390
6393;2073600;12000.0;1.0;1.0;12000.0;0.01;12000.01;6393
6396;2073600;12000.0;1.0;1.0;12000.0;0.01;12000.01;6396
6399;2073600;12000.0;1.0;1.0;12000.0;0.01;12000.01;6399
6402;2073600;12000.0;1.0;1.0;12000.0;0.01;12000.01;6402
6405;2073600;12000.0;1.0;1.0;12000.0;0.01;12000.01;6405
6483;2073600;12000.0;1.0;1.0;12000.0;0.01;12000.01;6483
6420;2073600;12000.0;1.0;1.0;12000.0;0.01;12000.01;6420
6423;2073600;12000.0;1.0;1.0;12000.0;0.01;12000.01;6423
6426;2073600;12000.0;1.0;1.0;12000.0;0.01;12000.01;6426
6432;2073600;12000.0;1.0;1.0;12000.0;0.01;12000.01;6432
6438;2073600;12000.0;1.0;1.0;12000.0;0.01;12000.01;6438
6486;2073600;12000.0;1.0;1.0;12000.0;0.01;12000.01;6486
6450;2073600;12000.0;1.0;1.0;12000.0;0.01;12000.01;6450
6453;2073600;12000.0;1.0;1.0;12000.0;0.01;12000.01;6453
6456;2073600;12000.0;1.0;1.0;12000.0;0.01;12000.01;6456
6459;2073600;12000.0;1.0;1.0;12000.0;0.01;12000.01;6459
6462;2073600;12000.0;1.0;1.0;12000.0;0.01;12000.01;6462
6468;2073600;12000.0;1.0;1.0;12000.0;0.01;12000.01;6468
6465;2073600;12000.0;1.0;1.0;12000.0;0.01;12000.01;6465
6471;2073600;12000.0;1.0;1.0;12000.0;0.01;12000.01;6471
6474;2073600;12000.0;1.0;1.0;12000.0;0.01;12000.01;6474
6477;2073600;12000.0;1.0;1.0;12000.0;0.01;12000.01;6477
6555;2073600;12000.0;1.0;1.0;12000.0;0.01;12000.01;6555
6480;2073600;12000.0;1.0;1.0;12000.0;0.01;12000.01;6480
6489;2073600;12000.0;1.0;1.0;12000.0;0.01;12000.01;6489
6492;2073600;12000.0;1.0;1.0;12000.0;0.01;12000.01;6492
6495;2073600;12000.0;1.0;1.0;12000.0;0.01;12000.01;6495
6498;2073600;12000.0;1.0;1.0;12000.0;0.01;12000.01;6498
6507;2073600;12000.0;1.0;1.0;12000.0;0.01;12000.01;6507
6513;2073600;12000.0;1.0;1.0;12000.0;0.01;12000.01;6513
6519;2073600;12000.0;1.0;1.0;12000.0;0.01;12000.01;6519
6522;2073600;12000.0;1.0;1.0;12000.0;0.01;12000.01;6522
6525;2073600;12000.0;1.0;1.0;12000.0;0.01;12000.01;6525
6528;2073600;12000.0;1.0;1.0;12000.0;0.01;12000.01;6528
6534;2073600;12000.0;1.0;1.0;12000.0;0.01;12000.01;6534
6540;2073600;12000.0;1.0;1.0;12000.0;0.01;12000.01;6540
6543;2073600;12000.0;1.0;1.0;12000.0;0.01;12000.01;6543
6546;2073600;12000.0;1.0;1.0;12000.0;0.01;12000.01;6546
6549;2073600;12000.0;1.0;1.0;12000.0;0.01;12000.01;6549
6552;2073600;12000.0;1.0;1.0;12000.0;0.01;12000.01;6552
6558;2073600;12000.0;1.0;1.0;12000.0;0.01;12000.01;6558
6561;2073600;12000.0;1.0;1.0;12000.0;0.01;12000.01;6561
6564;2073600;12000.0;1.0;1.0;12000.0;0.01;12000.01;6564
6567;2073600;12000.0;1.0;1.0;12000.0;0.01;12000.01;6567
6570;2073600;12000.0;1.0;1.0;12000.0;0.01;12000.01;6570
6576;2073600;12000.0;1.0;1.0;12000.0;0.01;12000.01;6576
6579;2073600;12000.0;1.0;1.0;12000.0;0.01;12000.01;6579
6582;2073600;12000.0;1.0;1.0;12000.0;0.01;12000.01;6582
6585;2073600;12000.0;1.0;1.0;12000.0;0.01;12000.01;6585
6588;2073600;12000.0;1.0;1.0;12000.0;0.01;12000.01;6588
6591;2073600;12000.0;1.0;1.0;12000.0;0.01;12000.01;6591
6600;2073600;12000.0;1.0;1.0;12000.0;0.01;12000.01;6600
6606;2073600;12000.0;1.0;1.0;12000.0;0.01;12000.01;6606
6609;2073600;12000.0;1.0;1.0;12000.0;0.01;12000.01;6609
6612;2073600;12000.0;1.0;1.0;12000.0;0.01;12000.01;6612
6624;2073600;12000.0;1.0;1.0;12000.0;0.01;12000.01;6624
6627;2073600;12000.0;1.0;1.0;12000.0;0.01;12000.01;6627
6633;2073600;12000.0;1.0;1.0;12000.0;0.01;12000.01;6633
6636;2073600;12000.0;1.0;1.0;12000.0;0.01;12000.01;6636
6639;2073600;12000.0;1.0;1.0;12000.0;0.01;12000.01;6639
6645;2073600;12000.0;1.0;1.0;12000.0;0.01;12000.01;6645
6648;2073600;12000.0;1.0;1.0;12000.0;0.01;12000.01;6648
6651;2073600;12000.0;1.0;1.0;12000.0;0.01;12000.01;6651
6660;2073600;12000.0;1.0;1.0;12000.0;0.01;12000.01;6660
6663;2073600;12000.0;1.0;1.0;12000.0;0.01;12000.01;6663
6666;2073600;12000.0;1.0;1.0;12000.0;0.01;12000.01;6666
6669;2073600;12000.0;1.0;1.0;12000.0;0.01;12000.01;6669
6672;2073600;12000.0;1.0;1.0;12000.0;0.01;12000.01;6672
6675;2073600;12000.0;1.0;1.0;12000.0;0.01;12000.01;6675
6681;2073600;12000.0;1.0;1.0;12000.0;0.01;12000.01;6681
6684;2073600;12000.0;1.0;1.0;12000.0;0.01;12000.01;6684
6687;2073600;12000.0;1.0;1.0;12000.0;0.01;12000.01;6687
6690;2073600;12000.0;1.0;1.0;12000.0;0.01;12000.01;6690
6693;2073600;12000.0;1.0;1.0;12000.0;0.01;12000.01;6693
6696;2073600;12000.0;1.0;1.0;12000.0;0.01;12000.01;6696
6699;2073600;12000.0;1.0;1.0;12000.0;0.01;12000.01;6699
6702;2073600;12000.0;1.0;1.0;12000.0;0.01;12000.01;6702
6708;2073600;12000.0;1.0;1.0;12000.0;0.01;12000.01;6708
6711;2073600;12000.0;1.0;1.0;12000.0;0.01;12000.01;6711
6714;2073600;12000.0;1.0;1.0;12000.0;0.01;12000.01;6714
6717;2073600;12000.0;1.0;1.0;12000.0;0.01;12000.01;6717
6720;2073600;12000.0;1.0;1.0;12000.0;0.01;12000.01;6720
6726;2073600;12000.0;1.0;1.0;12000.0;0.01;12000.01;6726
6729;2073600;12000.0;1.0;1.0;12000.0;0.01;12000.01;6729
6732;2073600;12000.0;1.0;1.0;12000.0;0.01;12000.01;6732
6783;2073600;12000.0;1.0;1.0;12000.0;0.01;12000.01;6783
6744;2073600;12000.0;1.0;1.0;12000.0;0.01;12000.01;6744
6747;2073600;12000.0;1.0;1.0;12000.0;0.01;12000.01;6747
6753;2073600;12000.0;1.0;1.0;12000.0;0.01;12000.01;6753
6756;2073600;12000.0;1.0;1.0;12000.0;0.01;12000.01;6756
6759;2073600;12000.0;1.0;1.0;12000.0;0.01;12000.01;6759
6762;2073600;12000.0;1.0;1.0;12000.0;0.01;12000.01;6762
6765;2073600;12000.0;1.0;1.0;12000.0;0.01;12000.01;6765
6768;2073600;12000.0;1.0;1.0;12000.0;0.01;12000.01;6768
6771;2073600;12000.0;1.0;1.0;12000.0;0.01;12000.01;6771
6774;2073600;12000.0;1.0;1.0;12000.0;0.01;12000.01;6774
6777;2073600;12000.0;1.0;1.0;12000.0;0.01;12000.01;6777
6789;2073600;12000.0;1.0;1.0;12000.0;0.01;12000.01;6789
6792;2073600;12000.0;1.0;1.0;12000.0;0.01;12000.01;6792
6795;2073600;12000.0;1.0;1.0;12000.0;0.01;12000.01;6795
6801;2073600;12000.0;1.0;1.0;12000.0;0.01;12000.01;6801
6807;2073600;12000.0;1.0;1.0;12000.0;0.01;12000.01;6807
6804;2073600;12000.0;1.0;1.0;12000.0;0.01;12000.01;6804
6813;2073600;12000.0;1.0;1.0;12000.0;0.01;12000.01;6813
6819;2073600;12000.0;1.0;1.0;12000.0;0.01;12000.01;6819
6822;2073600;12000.0;1.0;1.0;12000.0;0.01;12000.01;6822
6825;2073600;12000.0;1.0;1.0;12000.0;0.01;12000.01;6825
6828;2073600;12000.0;1.0;1.0;12000.0;0.01;12000.01;6828
6831;2073600;12000.0;1.0;1.0;12000.0;0.01;12000.01;6831
6837;2073600;12000.0;1.0;1.0;12000.0;0.01;12000.01;6837
6843;2073600;12000.0;1.0;1.0;12000.0;0.01;12000.01;6843
6846;2073600;12000.0;1.0;1.0;12000.0;0.01;12000.01;6846
6849;2073600;12000.0;1.0;1.0;12000.0;0.01;12000.01;6849
6861;2073600;12000.0;1.0;1.0;12000.0;0.01;12000.01;6861
6864;2073600;12000.0;1.0;1.0;12000.0;0.01;12000.01;6864
6867;2073600;12000.0;1.0;1.0;12000.0;0.01;12000.01;6867
6873;2073600;12000.0;1.0;1.0;12000.0;0.01;12000.01;6873
6876;2073600;12000.0;1.0;1.0;12000.0;0.01;12000.01;6876
6912;2073600;12000.0;1.0;1.0;12000.0;0.01;12000.01;6912
6918;2073600;12000.0;1.0;1.0;12000.0;0.01;12000.01;6918
6927;2073600;12000.0;1.0;1.0;12000.0;0.01;12000.01;6927
6933;2073600;12000.0;1.0;1.0;12000.0;0.01;12000.01;6933
6936;2073600;12000.0;1.0;1.0;12000.0;0.01;12000.01;6936
6939;2073600;12000.0;1.0;1.0;12000.0;0.01;12000.01;6939
6942;2073600;12000.0;1.0;1.0;12000.0;0.01;12000.01;6942
6948;2073600;12000.0;1.0;1.0;12000.0;0.01;12000.01;6948
6951;2073600;12000.0;1.0;1.0;12000.0;0.01;12000.01;6951
6957;2073600;12000.0;1.0;1.0;12000.0;0.01;12000.01;6957
6963;2073600;12000.0;1.0;1.0;12000.0;0.01;12000.01;6963
6969;2073600;12000.0;1.0;1.0;12000.0;0.01;12000.01;6969
7572;2073600;12000.0;1.0;1.0;12000.0;0.01;12000.01;7572
6975;2073600;12000.0;1.0;1.0;12000.0;0.01;12000.01;6975
6981;2073600;12000.0;1.0;1.0;12000.0;0.01;12000.01;6981
6993;2073600;12000.0;1.0;1.0;12000.0;0.01;12000.01;6993
6999;2073600;12000.0;1.0;1.0;12000.0;0.01;12000.01;6999
7011;2073600;12000.0;1.0;1.0;12000.0;0.01;12000.01;7011
7014;2073600;12000.0;1.0;1.0;12000.0;0.01;12000.01;7014
7062;2073600;12000.0;1.0;1.0;12000.0;0.01;12000.01;7062
7095;2073600;12000.0;1.0;1.0;12000.0;0.01;12000.01;7095
7113;2073600;12000.0;1.0;1.0;12000.0;0.01;12000.01;7113
7128;2073600;12000.0;1.0;1.0;12000.0;0.01;12000.01;7128
7143;2073600;12000.0;1.0;1.0;12000.0;0.01;12000.01;7143
7170;2073600;12000.0;1.0;1.0;12000.0;0.01;12000.01;7170
7173;2073600;12000.0;1.0;1.0;12000.0;0.01;12000.01;7173
7176;2073600;12000.0;1.0;1.0;12000.0;0.01;12000.01;7176
7182;2073600;12000.0;1.0;1.0;12000.0;0.01;12000.01;7182
7188;2073600;12000.0;1.0;1.0;12000.0;0.01;12000.01;7188
7206;2073600;12000.0;1.0;1.0;12000.0;0.01;12000.01;7206
7218;2073600;12000.0;1.0;1.0;12000.0;0.01;12000.01;7218
7224;2073600;12000.0;1.0;1.0;12000.0;0.01;12000.01;7224
7230;2073600;12000.0;1.0;1.0;12000.0;0.01;12000.01;7230
7233;2073600;12000.0;1.0;1.0;12000.0;0.01;12000.01;7233
7236;2073600;12000.0;1.0;1.0;12000.0;0.01;12000.01;7236
7242;2073600;12000.0;1.0;1.0;12000.0;0.01;12000.01;7242
7245;2073600;12000.0;1.0;1.0;12000.0;0.01;12000.01;7245
7257;2073600;12000.0;1.0;1.0;12000.0;0.01;12000.01;7257
7248;2073600;12000.0;1.0;1.0;12000.0;0.01;12000.01;7248
7251;2073600;12000.0;1.0;1.0;12000.0;0.01;12000.01;7251
7253;2073600;12000.0;1.0;1.0;12000.0;0.01;12000.01;7253
7260;2073600;12000.0;1.0;1.0;12000.0;0.01;12000.01;7260
7263;2073600;12000.0;1.0;1.0;12000.0;0.01;12000.01;7263
7268;2073600;12000.0;1.0;1.0;12000.0;0.01;12000.01;7268
7275;2073600;12000.0;1.0;1.0;12000.0;0.01;12000.01;7275
7353;2073600;12000.0;1.0;1.0;12000.0;0.01;12000.01;7353
7280;2073600;12000.0;1.0;1.0;12000.0;0.01;12000.01;7280
7281;2073600;12000.0;1.0;1.0;12000.0;0.01;12000.01;7281
7287;2073600;12000.0;1.0;1.0;12000.0;0.01;12000.01;7287
7293;2073600;12000.0;1.0;1.0;12000.0;0.01;12000.01;7293
7295;2073600;12000.0;1.0;1.0;12000.0;0.01;12000.01;7295
7301;2073600;12000.0;1.0;1.0;12000.0;0.01;12000.01;7301
7302;2073600;12000.0;1.0;1.0;12000.0;0.01;12000.01;7302
7304;2073600;12000.0;1.0;1.0;12000.0;0.01;12000.01;7304
7305;2073600;12000.0;1.0;1.0;12000.0;0.01;12000.01;7305
7308;2073600;12000.0;1.0;1.0;12000.0;0.01;12000.01;7308
7311;2073600;12000.0;1.0;1.0;12000.0;0.01;12000.01;7311
7313;2073600;12000.0;1.0;1.0;12000.0;0.01;12000.01;7313
7314;2073600;12000.0;1.0;1.0;12000.0;0.01;12000.01;7314
7316;2073600;12000.0;1.0;1.0;12000.0;0.01;12000.01;7316
7317;2073600;12000.0;1.0;1.0;12000.0;0.01;12000.01;7317
7319;2073600;12000.0;1.0;1.0;12000.0;0.01;12000.01;7319
7320;2073600;12000.0;1.0;1.0;12000.0;0.01;12000.01;7320
7323;2073600;12000.0;1.0;1.0;12000.0;0.01;12000.01;7323
7328;2073600;12000.0;1.0;1.0;12000.0;0.01;12000.01;7328
7332;2073600;12000.0;1.0;1.0;12000.0;0.01;12000.01;7332
7331;2073600;12000.0;1.0;1.0;12000.0;0.01;12000.01;7331
7335;2073600;12000.0;1.0;1.0;12000.0;0.01;12000.01;7335
7337;2073600;12000.0;1.0;1.0;12000.0;0.01;12000.01;7337
7338;2073600;12000.0;1.0;1.0;12000.0;0.01;12000.01;7338
7344;2073600;12000.0;1.0;1.0;12000.0;0.01;12000.01;7344
7350;2073600;12000.0;1.0;1.0;12000.0;0.01;12000.01;7350
7352;2073600;12000.0;1.0;1.0;12000.0;0.01;12000.01;7352
7356;2073600;12000.0;1.0;1.0;12000.0;0.01;12000.01;7356
7358;2073600;12000.0;1.0;1.0;12000.0;0.01;12000.01;7358
7361;2073600;12000.0;1.0;1.0;12000.0;0.01;12000.01;7361
7362;2073600;12000.0;1.0;1.0;12000.0;0.01;12000.01;7362
7367;2073600;12000.0;1.0;1.0;12000.0;0.01;12000.01;7367
7368;2073600;12000.0;1.0;1.0;12000.0;0.01;12000.01;7368
7371;2073600;12000.0;1.0;1.0;12000.0;0.01;12000.01;7371
7373;2073600;12000.0;1.0;1.0;12000.0;0.01;12000.01;7373
7374;2073600;12000.0;1.0;1.0;12000.0;0.01;12000.01;7374
7376;2073600;12000.0;1.0;1.0;12000.0;0.01;12000.01;7376
7380;2073600;12000.0;1.0;1.0;12000.0;0.01;12000.01;7380
7385;2073600;12000.0;1.0;1.0;12000.0;0.01;12000.01;7385
7386;2073600;12000.0;1.0;1.0;12000.0;0.01;12000.01;7386
7388;2073600;12000.0;1.0;1.0;12000.0;0.01;12000.01;7388
7391;2073600;12000.0;1.0;1.0;12000.0;0.01;12000.01;7391
7392;2073600;12000.0;1.0;1.0;12000.0;0.01;12000.01;7392
7398;2073600;12000.0;1.0;1.0;12000.0;0.01;12000.01;7398
7400;2073600;12000.0;1.0;1.0;12000.0;0.01;12000.01;7400
7401;2073600;12000.0;1.0;1.0;12000.0;0.01;12000.01;7401
7403;2073600;12000.0;1.0;1.0;12000.0;0.01;12000.01;7403
7404;2073600;12000.0;1.0;1.0;12000.0;0.01;12000.01;7404
7406;2073600;12000.0;1.0;1.0;12000.0;0.01;12000.01;7406
7407;2073600;12000.0;1.0;1.0;12000.0;0.01;12000.01;7407
7412;2073600;12000.0;1.0;1.0;12000.0;0.01;12000.01;7412
7413;2073600;12000.0;1.0;1.0;12000.0;0.01;12000.01;7413
7416;2073600;12000.0;1.0;1.0;12000.0;0.01;12000.01;7416
7422;2073600;12000.0;1.0;1.0;12000.0;0.01;12000.01;7422
7424;2073600;12000.0;1.0;1.0;12000.0;0.01;12000.01;7424
7425;2073600;12000.0;1.0;1.0;12000.0;0.01;12000.01;7425
7428;2073600;12000.0;1.0;1.0;12000.0;0.01;12000.01;7428
7431;2073600;12000.0;1.0;1.0;12000.0;0.01;12000.01;7431
7433;2073600;12000.0;1.0;1.0;12000.0;0.01;12000.01;7433
7434;2073600;12000.0;1.0;1.0;12000.0;0.01;12000.01;7434
7436;2073600;12000.0;1.0;1.0;12000.0;0.01;12000.01;7436
7437;2073600;12000.0;1.0;1.0;12000.0;0.01;12000.01;7437
7443;2073600;12000.0;1.0;1.0;12000.0;0.01;12000.01;7443
7445;2073600;12000.0;1.0;1.0;12000.0;0.01;12000.01;7445
7448;2073600;12000.0;1.0;1.0;12000.0;0.01;12000.01;7448
7451;2073600;12000.0;1.0;1.0;12000.0;0.01;12000.01;7451
7452;2073600;12000.0;1.0;1.0;12000.0;0.01;12000.01;7452
7455;2073600;12000.0;1.0;1.0;12000.0;0.01;12000.01;7455
7457;2073600;12000.0;1.0;1.0;12000.0;0.01;12000.01;7457
7460;2073600;12000.0;1.0;1.0;12000.0;0.01;12000.01;7460
7461;2073600;12000.0;1.0;1.0;12000.0;0.01;12000.01;7461
7463;2073600;12000.0;1.0;1.0;12000.0;0.01;12000.01;7463
7464;2073600;12000.0;1.0;1.0;12000.0;0.01;12000.01;7464
7470;2073600;12000.0;1.0;1.0;12000.0;0.01;12000.01;7470
7467;2073600;12000.0;1.0;1.0;12000.0;0.01;12000.01;7467
7472;2073600;12000.0;1.0;1.0;12000.0;0.01;12000.01;7472
7473;2073600;12000.0;1.0;1.0;12000.0;0.01;12000.01;7473
7475;2073600;12000.0;1.0;1.0;12000.0;0.01;12000.01;7475
7476;2073600;12000.0;1.0;1.0;12000.0;0.01;12000.01;7476
7481;2073600;12000.0;1.0;1.0;12000.0;0.01;12000.01;7481
7482;2073600;12000.0;1.0;1.0;12000.0;0.01;12000.01;7482
7484;2073600;12000.0;1.0;1.0;12000.0;0.01;12000.01;7484
7485;2073600;12000.0;1.0;1.0;12000.0;0.01;12000.01;7485
7487;2073600;12000.0;1.0;1.0;12000.0;0.01;12000.01;7487
7488;2073600;12000.0;1.0;1.0;12000.0;0.01;12000.01;7488
7490;2073600;12000.0;1.0;1.0;12000.0;0.01;12000.01;7490
7491;2073600;12000.0;1.0;1.0;12000.0;0.01;12000.01;7491
7494;2073600;12000.0;1.0;1.0;12000.0;0.01;12000.01;7494
7497;2073600;12000.0;1.0;1.0;12000.0;0.01;12000.01;7497
7500;2073600;12000.0;1.0;1.0;12000.0;0.01;12000.01;7500
7503;2073600;12000.0;1.0;1.0;12000.0;0.01;12000.01;7503
7505;2073600;12000.0;1.0;1.0;12000.0;0.01;12000.01;7505
7506;2073600;12000.0;1.0;1.0;12000.0;0.01;12000.01;7506
7508;2073600;12000.0;1.0;1.0;12000.0;0.01;12000.01;7508
7511;2073600;12000.0;1.0;1.0;12000.0;0.01;12000.01;7511
7517;2073600;12000.0;1.0;1.0;12000.0;0.01;12000.01;7517
7518;2073600;12000.0;1.0;1.0;12000.0;0.01;12000.01;7518
7520;2073600;12000.0;1.0;1.0;12000.0;0.01;12000.01;7520
7523;2073600;12000.0;1.0;1.0;12000.0;0.01;12000.01;7523
7527;2073600;12000.0;1.0;1.0;12000.0;0.01;12000.01;7527
7530;2073600;12000.0;1.0;1.0;12000.0;0.01;12000.01;7530
7532;2073600;12000.0;1.0;1.0;12000.0;0.01;12000.01;7532
7535;2073600;12000.0;1.0;1.0;12000.0;0.01;12000.01;7535
7536;2073600;12000.0;1.0;1.0;12000.0;0.01;12000.01;7536
7542;2073600;12000.0;1.0;1.0;12000.0;0.01;12000.01;7542
7544;2073600;12000.0;1.0;1.0;12000.0;0.01;12000.01;7544
7547;2073600;12000.0;1.0;1.0;12000.0;0.01;12000.01;7547
7551;2073600;12000.0;1.0;1.0;12000.0;0.01;12000.01;7551
7553;2073600;12000.0;1.0;1.0;12000.0;0.01;12000.01;7553
7554;2073600;12000.0;1.0;1.0;12000.0;0.01;12000.01;7554
7556;2073600;12000.0;1.0;1.0;12000.0;0.01;12000.01;7556
7557;2073600;12000.0;1.0;1.0;12000.0;0.01;12000.01;7557
7563;2073600;12000.0;1.0;1.0;12000.0;0.01;12000.01;7563
7568;2073600;12000.0;1.0;1.0;12000.0;0.01;12000.01;7568
7571;2073600;12000.0;1.0;1.0;12000.0;0.01;12000.01;7571
7575;2073600;12000.0;1.0;1.0;12000.0;0.01;12000.01;7575
7581;2073600;12000.0;1.0;1.0;12000.0;0.01;12000.01;7581
7584;2073600;12000.0;1.0;1.0;12000.0;0.01;12000.01;7584
7590;2073600;12000.0;1.0;1.0;12000.0;0.01;12000.01;7590
7592;2073600;12000.0;1.0;1.0;12000.0;0.01;12000.01;7592
7593;2073600;12000.0;1.0;1.0;12000.0;0.01;12000.01;7593
7596;2073600;12000.0;1.0;1.0;12000.0;0.01;12000.01;7596
7604;2073600;12000.0;1.0;1.0;12000.0;0.01;12000.01;7604
7605;2073600;12000.0;1.0;1.0;12000.0;0.01;12000.01;7605
7608;2073600;12000.0;1.0;1.0;12000.0;0.01;12000.01;7608
7611;2073600;12000.0;1.0;1.0;12000.0;0.01;12000.01;7611
7613;2073600;12000.0;1.0;1.0;12000.0;0.01;12000.01;7613
7617;2073600;12000.0;1.0;1.0;12000.0;0.01;12000.01;7617
7619;2073600;12000.0;1.0;1.0;12000.0;0.01;12000.01;7619
7623;2073600;12000.0;1.0;1.0;12000.0;0.01;12000.01;7623
7625;2073600;12000.0;1.0;1.0;12000.0;0.01;12000.01;7625
7626;2073600;12000.0;1.0;1.0;12000.0;0.01;12000.01;7626
7628;2073600;12000.0;1.0;1.0;12000.0;0.01;12000.01;7628
7631;2073600;12000.0;1.0;1.0;12000.0;0.01;12000.01;7631
7632;2073600;12000.0;1.0;1.0;12000.0;0.01;12000.01;7632
7635;2073600;12000.0;1.0;1.0;12000.0;0.01;12000.01;7635
7637;2073600;12000.0;1.0;1.0;12000.0;0.01;12000.01;7637
7640;2073600;12000.0;1.0;1.0;12000.0;0.01;12000.01;7640
7641;2073600;12000.0;1.0;1.0;12000.0;0.01;12000.01;7641
7643;2073600;12000.0;1.0;1.0;12000.0;0.01;12000.01;7643
7647;2073600;12000.0;1.0;1.0;12000.0;0.01;12000.01;7647
7649;2073600;12000.0;1.0;1.0;12000.0;0.01;12000.01;7649
7650;2073600;12000.0;1.0;1.0;12000.0;0.01;12000.01;7650
7655;2073600;12000.0;1.0;1.0;12000.0;0.01;12000.01;7655
7656;2073600;12000.0;1.0;1.0;12000.0;0.01;12000.01;7656
7658;2073600;12000.0;1.0;1.0;12000.0;0.01;12000.01;7658
7659;2073600;12000.0;1.0;1.0;12000.0;0.01;12000.01;7659
7661;2073600;12000.0;1.0;1.0;12000.0;0.01;12000.01;7661
7662;2073600;12000.0;1.0;1.0;12000.0;0.01;12000.01;7662
7664;2073600;12000.0;1.0;1.0;12000.0;0.01;12000.01;7664
7665;2073600;12000.0;1.0;1.0;12000.0;0.01;12000.01;7665
7667;2073600;12000.0;1.0;1.0;12000.0;0.01;12000.01;7667
7668;2073600;12000.0;1.0;1.0;12000.0;0.01;12000.01;7668
7673;2073600;12000.0;1.0;1.0;12000.0;0.01;12000.01;7673
7676;2073600;12000.0;1.0;1.0;12000.0;0.01;12000.01;7676
7679;2073600;12000.0;1.0;1.0;12000.0;0.01;12000.01;7679
7680;2073600;12000.0;1.0;1.0;12000.0;0.01;12000.01;7680
7685;2073600;12000.0;1.0;1.0;12000.0;0.01;12000.01;7685
7686;2073600;12000.0;1.0;1.0;12000.0;0.01;12000.01;7686
7688;2073600;12000.0;1.0;1.0;12000.0;0.01;12000.01;7688
7692;2073600;12000.0;1.0;1.0;12000.0;0.01;12000.01;7692
7695;2073600;12000.0;1.0;1.0;12000.0;0.01;12000.01;7695
7701;2073600;12000.0;1.0;1.0;12000.0;0.01;12000.01;7701
7700;2073600;12000.0;1.0;1.0;12000.0;0.01;12000.01;7700
7703;2073600;12000.0;1.0;1.0;12000.0;0.01;12000.01;7703
7704;2073600;12000.0;1.0;1.0;12000.0;0.01;12000.01;7704
7707;2073600;12000.0;1.0;1.0;12000.0;0.01;12000.01;7707
7709;2073600;12000.0;1.0;1.0;12000.0;0.01;12000.01;7709
7712;2073600;12000.0;1.0;1.0;12000.0;0.01;12000.01;7712
7713;2073600;12000.0;1.0;1.0;12000.0;0.01;12000.01;7713
7716;2073600;12000.0;1.0;1.0;12000.0;0.01;12000.01;7716
7715;2073600;12000.0;1.0;1.0;12000.0;0.01;12000.01;7715
7719;2073600;12000.0;1.0;1.0;12000.0;0.01;12000.01;7719
7721;2073600;12000.0;1.0;1.0;12000.0;0.01;12000.01;7721
7722;2073600;12000.0;1.0;1.0;12000.0;0.01;12000.01;7722
7724;2073600;12000.0;1.0;1.0;12000.0;0.01;12000.01;7724
7725;2073600;12000.0;1.0;1.0;12000.0;0.01;12000.01;7725
7727;2073600;12000.0;1.0;1.0;12000.0;0.01;12000.01;7727
7731;2073600;12000.0;1.0;1.0;12000.0;0.01;12000.01;7731
7734;2073600;12000.0;1.0;1.0;12000.0;0.01;12000.01;7734
7736;2073600;12000.0;1.0;1.0;12000.0;0.01;12000.01;7736
7739;2073600;12000.0;1.0;1.0;12000.0;0.01;12000.01;7739
7740;2073600;12000.0;1.0;1.0;12000.0;0.01;12000.01;7740
7743;2073600;12000.0;1.0;1.0;12000.0;0.01;12000.01;7743
7745;2073600;12000.0;1.0;1.0;12000.0;0.01;12000.01;7745
7751;2073600;12000.0;1.0;1.0;12000.0;0.01;12000.01;7751
7755;2073600;12000.0;1.0;1.0;12000.0;0.01;12000.01;7755
7757;2073600;12000.0;1.0;1.0;12000.0;0.01;12000.01;7757
7758;2073600;12000.0;1.0;1.0;12000.0;0.01;12000.01;7758
7760;2073600;12000.0;1.0;1.0;12000.0;0.01;12000.01;7760
7761;2073600;12000.0;1.0;1.0;12000.0;0.01;12000.01;7761
7763;2073600;12000.0;1.0;1.0;12000.0;0.01;12000.01;7763
7764;2073600;12000.0;1.0;1.0;12000.0;0.01;12000.01;7764
7767;2073600;12000.0;1.0;1.0;12000.0;0.01;12000.01;7767
7770;2073600;12000.0;1.0;1.0;12000.0;0.01;12000.01;7770
7772;2073600;12000.0;1.0;1.0;12000.0;0.01;12000.01;7772
7773;2073600;12000.0;1.0;1.0;12000.0;0.01;12000.01;7773
7775;2073600;12000.0;1.0;1.0;12000.0;0.01;12000.01;7775
7776;2073600;12000.0;1.0;1.0;12000.0;0.01;12000.01;7776
7781;2073600;12000.0;1.0;1.0;12000.0;0.01;12000.01;7781
7782;2073600;12000.0;1.0;1.0;12000.0;0.01;12000.01;7782
7794;2073600;12000.0;1.0;1.0;12000.0;0.01;12000.01;7794
7784;2073600;12000.0;1.0;1.0;12000.0;0.01;12000.01;7784
7785;2073600;12000.0;1.0;1.0;12000.0;0.01;12000.01;7785
7787;2073600;12000.0;1.0;1.0;12000.0;0.01;12000.01;7787
7788;2073600;12000.0;1.0;1.0;12000.0;0.01;12000.01;7788
7791;2073600;12000.0;1.0;1.0;12000.0;0.01;12000.01;7791
7793;2073600;12000.0;1.0;1.0;12000.0;0.01;12000.01;7793
7796;2073600;12000.0;1.0;1.0;12000.0;0.01;12000.01;7796
7797;2073600;12000.0;1.0;1.0;12000.0;0.01;12000.01;7797
7800;2073600;12000.0;1.0;1.0;12000.0;0.01;12000.01;7800
7805;2073600;12000.0;1.0;1.0;12000.0;0.01;12000.01;7805
7806;2073600;12000.0;1.0;1.0;12000.0;0.01;12000.01;7806
7808;2073600;12000.0;1.0;1.0;12000.0;0.01;12000.01;7808
7811;2073600;12000.0;1.0;1.0;12000.0;0.01;12000.01;7811
7812;2073600;12000.0;1.0;1.0;12000.0;0.01;12000.01;7812
7817;2073600;12000.0;1.0;1.0;12000.0;0.01;12000.01;7817
7818;2073600;12000.0;1.0;1.0;12000.0;0.01;12000.01;7818
7820;2073600;12000.0;1.0;1.0;12000.0;0.01;12000.01;7820
7823;2073600;12000.0;1.0;1.0;12000.0;0.01;12000.01;7823
7824;2073600;12000.0;1.0;1.0;12000.0;0.01;12000.01;7824
7830;2073600;12000.0;1.0;1.0;12000.0;0.01;12000.01;7830
7832;2073600;12000.0;1.0;1.0;12000.0;0.01;12000.01;7832
7835;2073600;12000.0;1.0;1.0;12000.0;0.01;12000.01;7835
7836;2073600;12000.0;1.0;1.0;12000.0;0.01;12000.01;7836
7842;2073600;12000.0;1.0;1.0;12000.0;0.01;12000.01;7842
7844;2073600;12000.0;1.0;1.0;12000.0;0.01;12000.01;7844
7845;2073600;12000.0;1.0;1.0;12000.0;0.01;12000.01;7845
7847;2073600;12000.0;1.0;1.0;12000.0;0.01;12000.01;7847
7848;2073600;12000.0;1.0;1.0;12000.0;0.01;12000.01;7848
7851;2073600;12000.0;1.0;1.0;12000.0;0.01;12000.01;7851
7863;2073600;12000.0;1.0;1.0;12000.0;0.01;12000.01;7863
7853;2073600;12000.0;1.0;1.0;12000.0;0.01;12000.01;7853
7854;2073600;12000.0;1.0;1.0;12000.0;0.01;12000.01;7854
7856;2073600;12000.0;1.0;1.0;12000.0;0.01;12000.01;7856
7857;2073600;12000.0;1.0;1.0;12000.0;0.01;12000.01;7857
7860;2073600;12000.0;1.0;1.0;12000.0;0.01;12000.01;7860
7868;2073600;12000.0;1.0;1.0;12000.0;0.01;12000.01;7868
7871;2073600;12000.0;1.0;1.0;12000.0;0.01;12000.01;7871
7872;2073600;12000.0;1.0;1.0;12000.0;0.01;12000.01;7872
7875;2073600;12000.0;1.0;1.0;12000.0;0.01;12000.01;7875
7877;2073600;12000.0;1.0;1.0;12000.0;0.01;12000.01;7877
7878;2073600;12000.0;1.0;1.0;12000.0;0.01;12000.01;7878
7880;2073600;12000.0;1.0;1.0;12000.0;0.01;12000.01;7880
7881;2073600;12000.0;1.0;1.0;12000.0;0.01;12000.01;7881
7887;2073600;12000.0;1.0;1.0;12000.0;0.01;12000.01;7887
7890;2073600;12000.0;1.0;1.0;12000.0;0.01;12000.01;7890
7892;2073600;12000.0;1.0;1.0;12000.0;0.01;12000.01;7892
7893;2073600;12000.0;1.0;1.0;12000.0;0.01;12000.01;7893
7901;2073600;12000.0;1.0;1.0;12000.0;0.01;12000.01;7901
7902;2073600;12000.0;1.0;1.0;12000.0;0.01;12000.01;7902
7904;2073600;12000.0;1.0;1.0;12000.0;0.01;12000.01;7904
7905;2073600;12000.0;1.0;1.0;12000.0;0.01;12000.01;7905
7908;2073600;12000.0;1.0;1.0;12000.0;0.01;12000.01;7908
7907;2073600;12000.0;1.0;1.0;12000.0;0.01;12000.01;7907
7911;2073600;12000.0;1.0;1.0;12000.0;0.01;12000.01;7911
7913;2073600;12000.0;1.0;1.0;12000.0;0.01;12000.01;7913
7916;2073600;12000.0;1.0;1.0;12000.0;0.01;12000.01;7916
7919;2073600;12000.0;1.0;1.0;12000.0;0.01;12000.01;7919
7920;2073600;12000.0;1.0;1.0;12000.0;0.01;12000.01;7920
7923;2073600;12000.0;1.0;1.0;12000.0;0.01;12000.01;7923
7926;2073600;12000.0;1.0;1.0;12000.0;0.01;12000.01;7926
7928;2073600;12000.0;1.0;1.0;12000.0;0.01;12000.01;7928
7929;2073600;12000.0;1.0;1.0;12000.0;0.01;12000.01;7929
7931;2073600;12000.0;1.0;1.0;12000.0;0.01;12000.01;7931
7932;2073600;12000.0;1.0;1.0;12000.0;0.01;12000.01;7932
7937;2073600;12000.0;1.0;1.0;12000.0;0.01;12000.01;7937
7938;2073600;12000.0;1.0;1.0;12000.0;0.01;12000.01;7938
7941;2073600;12000.0;1.0;1.0;12000.0;0.01;12000.01;7941
7943;2073600;12000.0;1.0;1.0;12000.0;0.01;12000.01;7943
7944;2073600;12000.0;1.0;1.0;12000.0;0.01;12000.01;7944
7947;2073600;12000.0;1.0;1.0;12000.0;0.01;12000.01;7947
7949;2073600;12000.0;1.0;1.0;12000.0;0.01;12000.01;7949
7956;2073600;12000.0;1.0;1.0;12000.0;0.01;12000.01;7956
7952;2073600;12000.0;1.0;1.0;12000.0;0.01;12000.01;7952
7953;2073600;12000.0;1.0;1.0;12000.0;0.01;12000.01;7953
7955;2073600;12000.0;1.0;1.0;12000.0;0.01;12000.01;7955
7959;2073600;12000.0;1.0;1.0;12000.0;0.01;12000.01;7959
7961;2073600;12000.0;1.0;1.0;12000.0;0.01;12000.01;7961
7962;2073600;12000.0;1.0;1.0;12000.0;0.01;12000.01;7962
7964;2073600;12000.0;1.0;1.0;12000.0;0.01;12000.01;7964
7973;2073600;12000.0;1.0;1.0;12000.0;0.01;12000.01;7973
7974;2073600;12000.0;1.0;1.0;12000.0;0.01;12000.01;7974
7976;2073600;12000.0;1.0;1.0;12000.0;0.01;12000.01;7976
7980;2073600;12000.0;1.0;1.0;12000.0;0.01;12000.01;7980
7983;2073600;12000.0;1.0;1.0;12000.0;0.01;12000.01;7983
7985;2073600;12000.0;1.0;1.0;12000.0;0.01;12000.01;7985
7986;2073600;12000.0;1.0;1.0;12000.0;0.01;12000.01;7986
7994;2073600;12000.0;1.0;1.0;12000.0;0.01;12000.01;7994
57;2073600;12300.0;1.0;1.0;12300.0;0.01;12300.01;57
72;2073600;12300.0;1.0;1.0;12300.0;0.01;12300.01;72
102;2073600;12300.0;1.0;1.0;12300.0;0.01;12300.01;102
147;2073600;12300.0;1.0;1.0;12300.0;0.01;12300.01;147
219;2073600;12300.0;1.0;1.0;12300.0;0.01;12300.01;219
225;2073600;12300.0;1.0;1.0;12300.0;0.01;12300.01;225
243;2073600;12300.0;1.0;1.0;12300.0;0.01;12300.01;243
1911;2073600;12300.0;1.0;1.0;12300.0;0.01;12300.01;1911
420;2073600;12300.0;1.0;1.0;12300.0;0.01;12300.01;420
444;2073600;12300.0;1.0;1.0;12300.0;0.01;12300.01;444
456;2073600;12300.0;1.0;1.0;12300.0;0.01;12300.01;456
453;2073600;12300.0;1.0;1.0;12300.0;0.01;12300.01;453
459;2073600;12300.0;1.0;1.0;12300.0;0.01;12300.01;459
462;2073600;12300.0;1.0;1.0;12300.0;0.01;12300.01;462
528;2073600;12300.0;1.0;1.0;12300.0;0.01;12300.01;528
530;2073600;12300.0;1.0;1.0;12300.0;0.01;12300.01;530
555;2073600;12300.0;1.0;1.0;12300.0;0.01;12300.01;555
557;2073600;12300.0;1.0;1.0;12300.0;0.01;12300.01;557
624;2073600;12300.0;1.0;1.0;12300.0;0.01;12300.01;624
633;2073600;12300.0;1.0;1.0;12300.0;0.01;12300.01;633
663;2073600;12300.0;1.0;1.0;12300.0;0.01;12300.01;663
677;2073600;12300.0;1.0;1.0;12300.0;0.01;12300.01;677
681;2073600;12300.0;1.0;1.0;12300.0;0.01;12300.01;681
758;2073600;12300.0;1.0;1.0;12300.0;0.01;12300.01;758
3803;2073600;12300.0;1.0;1.0;12300.0;0.01;12300.01;3803
777;2073600;12300.0;1.0;1.0;12300.0;0.01;12300.01;777
785;2073600;12300.0;1.0;1.0;12300.0;0.01;12300.01;785
824;2073600;12300.0;1.0;1.0;12300.0;0.01;12300.01;824
825;2073600;12300.0;1.0;1.0;12300.0;0.01;12300.01;825
833;2073600;12300.0;1.0;1.0;12300.0;0.01;12300.01;833
924;2073600;12300.0;1.0;1.0;12300.0;0.01;12300.01;924
5131;2073600;12300.0;1.0;1.0;12300.0;0.01;12300.01;5131
933;2073600;12300.0;1.0;1.0;12300.0;0.01;12300.01;933
1014;2073600;12300.0;1.0;1.0;12300.0;0.01;12300.01;1014
1052;2073600;12300.0;1.0;1.0;12300.0;0.01;12300.01;1052
1095;2073600;12300.0;1.0;1.0;12300.0;0.01;12300.01;1095
1101;2073600;12300.0;1.0;1.0;12300.0;0.01;12300.01;1101
1115;2073600;12300.0;1.0;1.0;12300.0;0.01;12300.01;1115
1625;2073600;12300.0;1.0;1.0;12300.0;0.01;12300.01;1625
1644;2073600;12300.0;1.0;1.0;12300.0;0.01;12300.01;1644
1682;2073600;12300.0;1.0;1.0;12300.0;0.01;12300.01;1682
1692;2073600;12300.0;1.0;1.0;12300.0;0.01;12300.01;1692
1695;2073600;12300.0;1.0;1.0;12300.0;0.01;12300.01;1695
1781;2073600;12300.0;1.0;1.0;12300.0;0.01;12300.01;1781
1787;2073600;12300.0;1.0;1.0;12300.0;0.01;12300.01;1787
3529;2073600;12300.0;1.0;1.0;12300.0;0.01;12300.01;3529
1800;2073600;12300.0;1.0;1.0;12300.0;0.01;12300.01;1800
1805;2073600;12300.0;1.0;1.0;12300.0;0.01;12300.01;1805
1806;2073600;12300.0;1.0;1.0;12300.0;0.01;12300.01;1806
1844;2073600;12300.0;1.0;1.0;12300.0;0.01;12300.01;1844
1881;2073600;12300.0;1.0;1.0;12300.0;0.01;12300.01;1881
1949;2073600;12300.0;1.0;1.0;12300.0;0.01;12300.01;1949
2016;2073600;12300.0;1.0;1.0;12300.0;0.01;12300.01;2016
2045;2073600;12300.0;1.0;1.0;12300.0;0.01;12300.01;2045
2049;2073600;12300.0;1.0;1.0;12300.0;0.01;12300.01;2049
2063;2073600;12300.0;1.0;1.0;12300.0;0.01;12300.01;2063
2085;2073600;12300.0;1.0;1.0;12300.0;0.01;12300.01;2085
2168;2073600;12300.0;1.0;1.0;12300.0;0.01;12300.01;2168
2181;2073600;12300.0;1.0;1.0;12300.0;0.01;12300.01;2181
2207;2073600;12300.0;1.0;1.0;12300.0;0.01;12300.01;2207
2362;2073600;12300.0;1.0;1.0;12300.0;0.01;12300.01;2362
2443;2073600;12300.0;1.0;1.0;12300.0;0.01;12300.01;2443
2444;2073600;12300.0;1.0;1.0;12300.0;0.01;12300.01;2444
2452;2073600;12300.0;1.0;1.0;12300.0;0.01;12300.01;2452
2462;2073600;12300.0;1.0;1.0;12300.0;0.01;12300.01;2462
2471;2073600;12300.0;1.0;1.0;12300.0;0.01;12300.01;2471
2492;2073600;12300.0;1.0;1.0;12300.0;0.01;12300.01;2492
2501;2073600;12300.0;1.0;1.0;12300.0;0.01;12300.01;2501
2528;2073600;12300.0;1.0;1.0;12300.0;0.01;12300.01;2528
2768;2073600;12300.0;1.0;1.0;12300.0;0.01;12300.01;2768
2863;2073600;12300.0;1.0;1.0;12300.0;0.01;12300.01;2863
2906;2073600;12300.0;1.0;1.0;12300.0;0.01;12300.01;2906
2911;2073600;12300.0;1.0;1.0;12300.0;0.01;12300.01;2911
2924;2073600;12300.0;1.0;1.0;12300.0;0.01;12300.01;2924
2929;2073600;12300.0;1.0;1.0;12300.0;0.01;12300.01;2929
2930;2073600;12300.0;1.0;1.0;12300.0;0.01;12300.01;2930
2939;2073600;12300.0;1.0;1.0;12300.0;0.01;12300.01;2939
2948;2073600;12300.0;1.0;1.0;12300.0;0.01;12300.01;2948
2968;2073600;12300.0;1.0;1.0;12300.0;0.01;12300.01;2968
2974;2073600;12300.0;1.0;1.0;12300.0;0.01;12300.01;2974
2981;2073600;12300.0;1.0;1.0;12300.0;0.01;12300.01;2981
2986;2073600;12300.0;1.0;1.0;12300.0;0.01;12300.01;2986
3038;2073600;12300.0;1.0;1.0;12300.0;0.01;12300.01;3038
3043;2073600;12300.0;1.0;1.0;12300.0;0.01;12300.01;3043
3056;2073600;12300.0;1.0;1.0;12300.0;0.01;12300.01;3056
3058;2073600;12300.0;1.0;1.0;12300.0;0.01;12300.01;3058
3062;2073600;12300.0;1.0;1.0;12300.0;0.01;12300.01;3062
3064;2073600;12300.0;1.0;1.0;12300.0;0.01;12300.01;3064
3077;2073600;12300.0;1.0;1.0;12300.0;0.01;12300.01;3077
3073;2073600;12300.0;1.0;1.0;12300.0;0.01;12300.01;3073
3091;2073600;12300.0;1.0;1.0;12300.0;0.01;12300.01;3091
3092;2073600;12300.0;1.0;1.0;12300.0;0.01;12300.01;3092
3100;2073600;12300.0;1.0;1.0;12300.0;0.01;12300.01;3100
3116;2073600;12300.0;1.0;1.0;12300.0;0.01;12300.01;3116
3101;2073600;12300.0;1.0;1.0;12300.0;0.01;12300.01;3101
3110;2073600;12300.0;1.0;1.0;12300.0;0.01;12300.01;3110
3119;2073600;12300.0;1.0;1.0;12300.0;0.01;12300.01;3119
3124;2073600;12300.0;1.0;1.0;12300.0;0.01;12300.01;3124
3292;2073600;12300.0;1.0;1.0;12300.0;0.01;12300.01;3292
3305;2073600;12300.0;1.0;1.0;12300.0;0.01;12300.01;3305
3311;2073600;12300.0;1.0;1.0;12300.0;0.01;12300.01;3311
3320;2073600;12300.0;1.0;1.0;12300.0;0.01;12300.01;3320
3329;2073600;12300.0;1.0;1.0;12300.0;0.01;12300.01;3329
3337;2073600;12300.0;1.0;1.0;12300.0;0.01;12300.01;3337
3440;2073600;12300.0;1.0;1.0;12300.0;0.01;12300.01;3440
3349;2073600;12300.0;1.0;1.0;12300.0;0.01;12300.01;3349
3359;2073600;12300.0;1.0;1.0;12300.0;0.01;12300.01;3359
3406;2073600;12300.0;1.0;1.0;12300.0;0.01;12300.01;3406
3416;2073600;12300.0;1.0;1.0;12300.0;0.01;12300.01;3416
3418;2073600;12300.0;1.0;1.0;12300.0;0.01;12300.01;3418
3431;2073600;12300.0;1.0;1.0;12300.0;0.01;12300.01;3431
3442;2073600;12300.0;1.0;1.0;12300.0;0.01;12300.01;3442
3482;2073600;12300.0;1.0;1.0;12300.0;0.01;12300.01;3482
3448;2073600;12300.0;1.0;1.0;12300.0;0.01;12300.01;3448
3473;2073600;12300.0;1.0;1.0;12300.0;0.01;12300.01;3473
3496;2073600;12300.0;1.0;1.0;12300.0;0.01;12300.01;3496
3502;2073600;12300.0;1.0;1.0;12300.0;0.01;12300.01;3502
3505;2073600;12300.0;1.0;1.0;12300.0;0.01;12300.01;3505
3511;2073600;12300.0;1.0;1.0;12300.0;0.01;12300.01;3511
3568;2073600;12300.0;1.0;1.0;12300.0;0.01;12300.01;3568
3602;2073600;12300.0;1.0;1.0;12300.0;0.01;12300.01;3602
3656;2073600;12300.0;1.0;1.0;12300.0;0.01;12300.01;3656
3664;2073600;12300.0;1.0;1.0;12300.0;0.01;12300.01;3664
3683;2073600;12300.0;1.0;1.0;12300.0;0.01;12300.01;3683
3674;2073600;12300.0;1.0;1.0;12300.0;0.01;12300.01;3674
3688;2073600;12300.0;1.0;1.0;12300.0;0.01;12300.01;3688
3706;2073600;12300.0;1.0;1.0;12300.0;0.01;12300.01;3706
3716;2073600;12300.0;1.0;1.0;12300.0;0.01;12300.01;3716
3718;2073600;12300.0;1.0;1.0;12300.0;0.01;12300.01;3718
3721;2073600;12300.0;1.0;1.0;12300.0;0.01;12300.01;3721
3727;2073600;12300.0;1.0;1.0;12300.0;0.01;12300.01;3727
3731;2073600;12300.0;1.0;1.0;12300.0;0.01;12300.01;3731
3737;2073600;12300.0;1.0;1.0;12300.0;0.01;12300.01;3737
3745;2073600;12300.0;1.0;1.0;12300.0;0.01;12300.01;3745
3746;2073600;12300.0;1.0;1.0;12300.0;0.01;12300.01;3746
3764;2073600;12300.0;1.0;1.0;12300.0;0.01;12300.01;3764
3775;2073600;12300.0;1.0;1.0;12300.0;0.01;12300.01;3775
3794;2073600;12300.0;1.0;1.0;12300.0;0.01;12300.01;3794
3806;2073600;12300.0;1.0;1.0;12300.0;0.01;12300.01;3806
3812;2073600;12300.0;1.0;1.0;12300.0;0.01;12300.01;3812
3841;2073600;12300.0;1.0;1.0;12300.0;0.01;12300.01;3841
3878;2073600;12300.0;1.0;1.0;12300.0;0.01;12300.01;3878
3880;2073600;12300.0;1.0;1.0;12300.0;0.01;12300.01;3880
3889;2073600;12300.0;1.0;1.0;12300.0;0.01;12300.01;3889
3911;2073600;12300.0;1.0;1.0;12300.0;0.01;12300.01;3911
3913;2073600;12300.0;1.0;1.0;12300.0;0.01;12300.01;3913
3917;2073600;12300.0;1.0;1.0;12300.0;0.01;12300.01;3917
3956;2073600;12300.0;1.0;1.0;12300.0;0.01;12300.01;3956
3964;2073600;12300.0;1.0;1.0;12300.0;0.01;12300.01;3964
3962;2073600;12300.0;1.0;1.0;12300.0;0.01;12300.01;3962
3965;2073600;12300.0;1.0;1.0;12300.0;0.01;12300.01;3965
3968;2073600;12300.0;1.0;1.0;12300.0;0.01;12300.01;3968
3994;2073600;12300.0;1.0;1.0;12300.0;0.01;12300.01;3994
4027;2073600;12300.0;1.0;1.0;12300.0;0.01;12300.01;4027
4031;2073600;12300.0;1.0;1.0;12300.0;0.01;12300.01;4031
4918;2073600;12300.0;1.0;1.0;12300.0;0.01;12300.01;4918
4888;2073600;12300.0;1.0;1.0;12300.0;0.01;12300.01;4888
4908;2073600;12300.0;1.0;1.0;12300.0;0.01;12300.01;4908
4921;2073600;12300.0;1.0;1.0;12300.0;0.01;12300.01;4921
4936;2073600;12300.0;1.0;1.0;12300.0;0.01;12300.01;4936
4956;2073600;12300.0;1.0;1.0;12300.0;0.01;12300.01;4956
5002;2073600;12300.0;1.0;1.0;12300.0;0.01;12300.01;5002
5032;2073600;12300.0;1.0;1.0;12300.0;0.01;12300.01;5032
5056;2073600;12300.0;1.0;1.0;12300.0;0.01;12300.01;5056
5068;2073600;12300.0;1.0;1.0;12300.0;0.01;12300.01;5068
5098;2073600;12300.0;1.0;1.0;12300.0;0.01;12300.01;5098
5112;2073600;12300.0;1.0;1.0;12300.0;0.01;12300.01;5112
5118;2073600;12300.0;1.0;1.0;12300.0;0.01;12300.01;5118
5136;2073600;12300.0;1.0;1.0;12300.0;0.01;12300.01;5136
5155;2073600;12300.0;1.0;1.0;12300.0;0.01;12300.01;5155
5166;2073600;12300.0;1.0;1.0;12300.0;0.01;12300.01;5166
5185;2073600;12300.0;1.0;1.0;12300.0;0.01;12300.01;5185
5193;2073600;12300.0;1.0;1.0;12300.0;0.01;12300.01;5193
5199;2073600;12300.0;1.0;1.0;12300.0;0.01;12300.01;5199
5200;2073600;12300.0;1.0;1.0;12300.0;0.01;12300.01;5200
5218;2073600;12300.0;1.0;1.0;12300.0;0.01;12300.01;5218
5766;2073600;12300.0;1.0;1.0;12300.0;0.01;12300.01;5766
5808;2073600;12300.0;1.0;1.0;12300.0;0.01;12300.01;5808
5823;2073600;12300.0;1.0;1.0;12300.0;0.01;12300.01;5823
5889;2073600;12300.0;1.0;1.0;12300.0;0.01;12300.01;5889
5895;2073600;12300.0;1.0;1.0;12300.0;0.01;12300.01;5895
5979;2073600;12300.0;1.0;1.0;12300.0;0.01;12300.01;5979
6174;2073600;12300.0;1.0;1.0;12300.0;0.01;12300.01;6174
6255;2073600;12300.0;1.0;1.0;12300.0;0.01;12300.01;6255
6348;2073600;12300.0;1.0;1.0;12300.0;0.01;12300.01;6348
6414;2073600;12300.0;1.0;1.0;12300.0;0.01;12300.01;6414
6537;2073600;12300.0;1.0;1.0;12300.0;0.01;12300.01;6537
6594;2073600;12300.0;1.0;1.0;12300.0;0.01;12300.01;6594
6618;2073600;12300.0;1.0;1.0;12300.0;0.01;12300.01;6618
6657;2073600;12300.0;1.0;1.0;12300.0;0.01;12300.01;6657
6705;2073600;12300.0;1.0;1.0;12300.0;0.01;12300.01;6705
6798;2073600;12300.0;1.0;1.0;12300.0;0.01;12300.01;6798
7185;2073600;12300.0;1.0;1.0;12300.0;0.01;12300.01;7185
7671;2073600;12300.0;1.0;1.0;12300.0;0.01;12300.01;7671
7272;2073600;12300.0;1.0;1.0;12300.0;0.01;12300.01;7272
7271;2073600;12300.0;1.0;1.0;12300.0;0.01;12300.01;7271
7347;2073600;12300.0;1.0;1.0;12300.0;0.01;12300.01;7347
7395;2073600;12300.0;1.0;1.0;12300.0;0.01;12300.01;7395
7410;2073600;12300.0;1.0;1.0;12300.0;0.01;12300.01;7410
7524;2073600;12300.0;1.0;1.0;12300.0;0.01;12300.01;7524
7548;2073600;12300.0;1.0;1.0;12300.0;0.01;12300.01;7548
7634;2073600;12300.0;1.0;1.0;12300.0;0.01;12300.01;7634
7691;2073600;12300.0;1.0;1.0;12300.0;0.01;12300.01;7691
7710;2073600;12300.0;1.0;1.0;12300.0;0.01;12300.01;7710
7752;2073600;12300.0;1.0;1.0;12300.0;0.01;12300.01;7752
7815;2073600;12300.0;1.0;1.0;12300.0;0.01;12300.01;7815
7833;2073600;12300.0;1.0;1.0;12300.0;0.01;12300.01;7833
7968;2073600;12300.0;1.0;1.0;12300.0;0.01;12300.01;7968
7967;2073600;12300.0;1.0;1.0;12300.0;0.01;12300.01;7967
7977;2073600;12300.0;1.0;1.0;12300.0;0.01;12300.01;7977
2073;2073600;12600.0;1.0;1.0;12600.0;0.01;12600.01;2073
3682;2073600;12600.0;1.0;1.0;12600.0;0.01;12600.01;3682
5212;2073600;12600.0;1.0;1.0;12600.0;0.01;12600.01;5212
7914;2073600;12600.0;1.0;1.0;12600.0;0.01;12600.01;7914
